#VRML V2.0 utf8
# 3D model generated by easyeda2kicad.py (https://github.com/uPesy/easyeda2kicad.py)

Shape{
    appearance Appearance {
        material  Material 	{
            diffuseColor 0.7529411764705882 0.7529411764705882 0.7529411764705882
            specularColor 0.3764705882352941 0.3764705882352941 0.3764705882352941
            ambientIntensity 0.7529
            transparency 0.0
            shininess 0.5
        }
    }
    geometry IndexedFaceSet {
        ccw TRUE
        solid FALSE
        coord DEF co Coordinate {
            point [
                0.0492 0.1969 0.0079, 0.3445 0.1969 0.0079, 0.0492 0.1969 0.0, 0.3445 0.1969 0.0, 0.0492 -0.1969 0.0, 0.3445 -0.1969 0.0, 0.0492 -0.1969 0.0079, 0.3445 -0.1969 0.0079
            ]
        }
        coordIndex [
            0,1,2,-1,2,1,3,-1,4,5,6,-1,6,5,7,-1,3,5,2,-1,2,5,4,-1,
        ]
    }
}
Shape{
    appearance Appearance {
        material  Material 	{
            diffuseColor 0.25098039215686274 0.25098039215686274 0.25098039215686274
            specularColor 0.12549019607843137 0.12549019607843137 0.12549019607843137
            ambientIntensity 0.251
            transparency 0.0
            shininess 0.5
        }
    }
    geometry IndexedFaceSet {
        ccw TRUE
        solid FALSE
        coord DEF co Coordinate {
            point [
                -0.3199 -0.2822 0.0079, -0.3301 -0.29 0.0079, -0.2657 -0.1969 0.0079, 0.0492 -0.1969 0.0079, -0.0492 -0.1969 0.0079, 0.0492 0.1969 0.0079, -0.0492 0.1969 0.0079, 0.3937 0.3937 0.0079, 0.3937 -0.3937 0.0079, 0.3445 0.1969 0.0079, 0.3445 -0.1969 0.0079, -0.3445 -0.1181 0.0079, -0.3379 -0.3002 0.0079, -0.3428 -0.3121 0.0079, -0.3445 -0.3937 0.0079, -0.3937 -0.3937 0.0079, -0.3445 -0.3248 0.0079, 0.3199 -0.2822 0.0079, 0.308 -0.2773 0.0079, 0.141 -0.3002 0.0079, 0.1332 -0.29 0.0079, 0.2477 -0.3121 0.0079, -0.123 -0.2822 0.0079, -0.1332 -0.29 0.0079, -0.2527 -0.3002 0.0079, -0.2825 -0.2773 0.0079, -0.2953 -0.2756 0.0079, -0.308 -0.2773 0.0079, 0.3301 -0.29 0.0079, -0.0636 -0.29 0.0079, -0.0738 -0.2822 0.0079, -0.0857 -0.2773 0.0079, 0.308 0.2773 0.0079, 0.3199 0.2822 0.0079, 0.3301 0.29 0.0079, 0.3379 0.3002 0.0079, 0.3428 0.3121 0.0079, 0.3445 0.3248 0.0079, 0.3445 0.3937 0.0079, -0.3379 0.3002 0.0079, -0.3301 0.29 0.0079, -0.3445 0.1969 0.0079, -0.3199 0.2822 0.0079, -0.308 0.2773 0.0079, -0.2605 0.29 0.0079, -0.2527 0.3002 0.0079, -0.123 0.2822 0.0079, -0.2477 0.3121 0.0079, -0.1332 0.29 0.0079, -0.141 0.3002 0.0079, 0.3445 -0.3937 0.0079, 0.3445 -0.3248 0.0079, 0.3428 -0.3121 0.0079, 0.3379 -0.3002 0.0079, 0.2461 -0.3937 0.0079, 0.1476 -0.3937 0.0079, 0.2461 -0.3248 0.0079, 0.1476 -0.3248 0.0079, 0.146 -0.3121 0.0079, -0.0984 -0.2756 0.0079, -0.1112 -0.2773 0.0079, -0.3428 0.3121 0.0079, -0.3937 0.3937 0.0079, -0.3445 0.3248 0.0079, -0.3445 0.3937 0.0079, -0.2953 0.2756 0.0079, -0.2825 0.2773 0.0079, -0.2707 0.2822 0.0079, 0.2605 -0.29 0.0079, 0.2527 -0.3002 0.0079, 0.0857 0.2773 0.0079, -0.0984 0.2756 0.0079, -0.0857 0.2773 0.0079, 0.123 0.2822 0.0079, 0.1112 0.2773 0.0079, 0.0984 0.2756 0.0079, -0.1476 -0.3248 0.0079, -0.1476 -0.3937 0.0079, -0.2461 -0.3937 0.0079, 0.2953 -0.2756 0.0079, 0.2825 -0.2773 0.0079, 0.2707 -0.2822 0.0079, 0.123 -0.2822 0.0079, 0.1112 -0.2773 0.0079, 0.0984 -0.2756 0.0079, 0.0857 -0.2773 0.0079, -0.0509 -0.3121 0.0079, -0.0558 -0.3002 0.0079, 0.0558 -0.3002 0.0079, 0.0636 -0.29 0.0079, 0.0738 -0.2822 0.0079, 0.0509 0.3121 0.0079, 0.0558 0.3002 0.0079, -0.0636 0.29 0.0079, 0.0636 0.29 0.0079, -0.1112 0.2773 0.0079, 0.1332 0.29 0.0079, 0.141 0.3002 0.0079, 0.146 0.3121 0.0079, 0.2527 0.3002 0.0079, 0.2605 0.29 0.0079, -0.141 -0.3002 0.0079, -0.146 -0.3121 0.0079, -0.2477 -0.3121 0.0079, -0.2461 -0.3248 0.0079, -0.2605 -0.29 0.0079, -0.2707 -0.2822 0.0079, -0.2461 0.3937 0.0079, -0.1476 0.3937 0.0079, -0.2461 0.3248 0.0079, -0.1476 0.3248 0.0079, -0.146 0.3121 0.0079, 0.0492 -0.3248 0.0079, 0.0492 -0.3937 0.0079, -0.0492 -0.3937 0.0079, -0.0738 0.2822 0.0079, 0.0738 0.2822 0.0079, 0.2707 0.2822 0.0079, 0.2825 0.2773 0.0079, 0.2953 0.2756 0.0079, 0.0509 -0.3121 0.0079, -0.0492 -0.3248 0.0079, -0.0492 0.3937 0.0079, 0.0492 0.3937 0.0079, -0.0492 0.3248 0.0079, 0.0492 0.3248 0.0079, -0.0509 0.3121 0.0079, -0.0558 0.3002 0.0079, 0.1476 0.3937 0.0079, 0.2461 0.3937 0.0079, 0.1476 0.3248 0.0079, 0.2461 0.3248 0.0079, 0.2477 0.3121 0.0079, -0.2072 0.3289 0.3228, -0.2072 0.3053 0.3228, -0.1966 0.3053 0.3228, -0.153 0.2516 0.3228, -0.1533 0.2515 0.3228, -0.1533 0.2491 0.3228, -0.1403 0.279 0.3228, -0.1479 0.2597 0.3228, -0.1385 0.2597 0.3228, -0.165 0.2598 0.3228, -0.1662 0.2597 0.3228, -0.1595 0.2597 0.3228, -0.1857 0.3289 0.3228, -0.1836 0.3292 0.3228, -0.1943 0.3292 0.3228, -0.1788 0.3022 0.3228, -0.1805 0.302 0.3228, -0.1717 0.302 0.3228, -0.3015 0.282 0.3228, -0.2981 0.279 0.3228, -0.2904 0.283 0.3228, -0.3428 0.3133 0.3228, -0.3425 0.3135 0.3228, -0.3425 0.3292 0.3228, -0.2383 0.302 0.3228, -0.2204 0.302 0.3228, -0.2393 0.3035 0.3228, -0.2204 0.3292 0.3228, -0.2444 0.3079 0.3228, -0.27 0.3319 0.3228, -0.2659 0.3292 0.3228, -0.2615 0.3262 0.3228, -0.2553 0.3191 0.3228, -0.2513 0.3112 0.3228, -0.25 0.3108 0.3228, -0.3055 0.3316 0.3228, -0.2967 0.3349 0.3228, -0.3425 0.3937 0.3228, -0.2873 0.3361 0.3228, -0.2204 0.3937 0.3228, -0.2795 0.3353 0.3228, -0.3364 0.3175 0.3228, -0.3293 0.32 0.3228, -0.3228 0.3207 0.3228, -0.3094 0.3292 0.3228, -0.3101 0.3287 0.3228, -0.3146 0.3249 0.3228, -0.3206 0.3206 0.3228, -0.3185 0.3204 0.3228, -0.3535 0.2924 0.3228, -0.3519 0.2999 0.3228, -0.3937 0.302 0.3228, -0.3509 0.302 0.3228, -0.3937 0.3292 0.3228, -0.3487 0.3066 0.3228, -0.3446 0.3116 0.3228, -0.3536 0.29 0.3228, -0.3937 0.283 0.3228, -0.3529 0.2835 0.3228, -0.3937 0.2597 0.3228, -0.3504 0.2764 0.3228, -0.3527 0.283 0.3228, -0.3425 0.2666 0.3228, -0.3456 0.2693 0.3228, -0.3464 0.2703 0.3228, -0.3338 0.2613 0.3228, -0.3406 0.2649 0.3228, -0.3425 0.2597 0.3228, -0.3304 0.2602 0.3228, -0.322 0.2499 0.3228, -0.3257 0.2527 0.3228, -0.3425 0.2491 0.3228, -0.3285 0.2561 0.3228, -0.3302 0.2597 0.3228, -0.3247 -0.3183 0.3228, -0.3425 -0.3937 0.3228, -0.3167 -0.3288 0.3228, -0.3062 -0.3368 0.3228, -0.2204 -0.3937 0.3228, -0.2302 -0.293 0.3228, -0.2319 -0.3061 0.3228, -0.2555 -0.3368 0.3228, -0.2678 -0.3419 0.3228, -0.2809 -0.3436 0.3228, -0.294 -0.3419 0.3228, -0.3298 -0.3061 0.3228, -0.3315 -0.293 0.3228, -0.3298 -0.2799 0.3228, -0.3247 -0.2676 0.3228, -0.2204 0.2491 0.3228, -0.2555 -0.2491 0.3228, -0.2451 -0.2572 0.3228, -0.237 -0.3183 0.3228, -0.2451 -0.3288 0.3228, -0.3167 -0.2572 0.3228, -0.3062 -0.2491 0.3228, -0.294 -0.244 0.3228, -0.3045 0.2491 0.3228, -0.2809 -0.2423 0.3228, -0.2678 -0.244 0.3228, -0.237 -0.2676 0.3228, -0.2319 -0.2799 0.3228, -0.3176 0.248 0.3228, -0.3202 0.2491 0.3228, -0.3078 0.2479 0.3228, -0.3124 0.2473 0.3228, -0.3131 0.2473 0.3228, -0.2946 0.2597 0.3228, -0.2946 0.2596 0.3228, -0.2968 0.2554 0.3228, -0.2998 0.2521 0.3228, -0.3036 0.2495 0.3228, -0.24 0.2678 0.3228, -0.245 0.2638 0.3228, -0.2204 0.2597 0.3228, -0.2714 0.2701 0.3228, -0.2703 0.2709 0.3228, -0.2668 0.2822 0.3228, -0.269 0.2714 0.3228, -0.2395 0.2684 0.3228, -0.2688 0.2599 0.3228, -0.2701 0.2604 0.3228, -0.2713 0.2612 0.3228, -0.272 0.2619 0.3228, -0.2325 0.2854 0.3228, -0.2329 0.283 0.3228, -0.2204 0.283 0.3228, -0.2335 0.2792 0.3228, -0.2359 0.2732 0.3228, -0.2508 0.261 0.3228, -0.2568 0.2598 0.3228, -0.268 0.2598 0.3228, -0.2735 0.2657 0.3228, -0.2735 0.2662 0.3228, -0.2934 0.2682 0.3228, -0.2731 0.2677 0.3228, -0.2724 0.269 0.3228, -0.2676 0.2716 0.3228, -0.2674 0.2716 0.3228, -0.2668 0.2714 0.3228, -0.2728 0.2631 0.3228, -0.2733 0.2644 0.3228, -0.2935 0.2643 0.3228, -0.2934 0.2663 0.3228, -0.2481 0.2762 0.3228, -0.246 0.2791 0.3228, -0.2665 0.2714 0.3228, -0.2579 0.2714 0.3228, -0.2545 0.272 0.3228, -0.2512 0.2736 0.3228, -0.2484 0.2759 0.3228, -0.3101 0.2853 0.3228, -0.3055 0.2842 0.3228, -0.2608 0.302 0.3228, -0.3124 0.2854 0.3228, -0.2447 0.2825 0.3228, -0.2446 0.283 0.3228, -0.2673 0.283 0.3228, -0.2443 0.2862 0.3228, -0.2443 0.2878 0.3228, -0.3169 0.2849 0.3228, -0.3374 0.302 0.3228, -0.3211 0.2833 0.3228, -0.3394 0.2992 0.3228, -0.341 0.295 0.3228, -0.3401 0.283 0.3228, -0.3215 0.283 0.3228, -0.3414 0.2875 0.3228, -0.3416 0.2904 0.3228, -0.2492 0.2972 0.3228, -0.2521 0.2993 0.3228, -0.2452 0.2915 0.3228, -0.247 0.2948 0.3228, -0.2606 0.301 0.3228, -0.2727 0.2923 0.3228, -0.2591 0.301 0.3228, -0.2555 0.3006 0.3228, -0.3033 0.283 0.3228, -0.34 0.2828 0.3228, -0.3281 0.277 0.3228, -0.325 0.2806 0.3228, -0.3377 0.2789 0.3228, -0.3343 0.2755 0.3228, -0.3302 0.2729 0.3228, -0.3126 0.3065 0.3228, -0.314 0.3073 0.3228, -0.2639 0.3112 0.3228, -0.2679 0.3165 0.3228, -0.2698 0.3183 0.3228, -0.2752 0.3219 0.3228, -0.2811 0.324 0.3228, -0.3182 0.3088 0.3228, -0.3226 0.3093 0.3228, -0.3246 0.3092 0.3228, -0.2613 0.3049 0.3228, -0.2871 0.3247 0.3228, -0.2881 0.3247 0.3228, -0.3099 0.3121 0.3228, -0.2944 0.3237 0.3228, -0.3058 0.3172 0.3228, -0.3006 0.3212 0.3228, -0.3293 0.3081 0.3228, -0.3335 0.3059 0.3228, -0.3368 0.303 0.3228, -0.2355 0.2981 0.3228, -0.2333 0.2923 0.3228, -0.2325 0.2864 0.3228, -0.0766 0.2672 0.3228, -0.0877 0.2672 0.3228, -0.0903 0.2599 0.3228, -0.097 0.2798 0.3228, -0.096 0.2773 0.3228, -0.0853 0.283 0.3228, -0.0987 0.2822 0.3228, -0.0739 0.2599 0.3228, -0.1198 0.2597 0.3228, -0.0701 0.2599 0.3228, 0.3937 0.2597 0.3228, -0.0789 0.283 0.3228, 0.3937 0.283 0.3228, -0.0803 0.2866 0.3228, -0.0976 0.266 0.3228, -0.0996 0.2637 0.3228, -0.0941 0.2599 0.3228, -0.1024 0.2617 0.3228, -0.1054 0.2605 0.3228, -0.11 0.2599 0.3228, -0.0956 0.2736 0.3228, -0.0957 0.2719 0.3228, -0.0963 0.2688 0.3228, -0.1173 0.2599 0.3228, -0.1173 0.283 0.3228, -0.1198 0.283 0.3228, -0.1173 0.2866 0.3228, -0.1198 0.302 0.3228, -0.1097 0.2866 0.3228, -0.1056 0.2862 0.3228, 0.3937 0.302 0.3228, -0.0839 0.2866 0.3228, -0.1024 0.285 0.3228, -0.0996 0.2831 0.3228, -0.0995 0.283 0.3228, -0.2072 0.283 0.3228, -0.2072 0.275 0.3228, -0.1959 0.283 0.3228, -0.1976 0.275 0.3228, -0.2072 0.2719 0.3228, -0.2072 0.263 0.3228, -0.1976 0.2719 0.3228, -0.1963 0.263 0.3228, -0.1959 0.2597 0.3228, -0.1963 0.2599 0.3228, -0.2106 0.2599 0.3228, -0.2106 0.2866 0.3228, -0.2106 0.283 0.3228, -0.2072 0.2835 0.3228, -0.1969 0.2835 0.3228, -0.1969 0.2866 0.3228, -0.1959 0.302 0.3228, -0.11 0.3096 0.3228, -0.1198 0.3096 0.3228, -0.1073 0.3023 0.3228, -0.1035 0.3023 0.3228, -0.1137 0.3289 0.3228, 0.3937 0.3292 0.3228, -0.1198 0.3292 0.3228, -0.1212 0.3096 0.3228, -0.1237 0.3023 0.3228, -0.1283 0.302 0.3228, -0.1275 0.3023 0.3228, -0.1283 0.3292 0.3228, -0.1198 0.3224 0.3228, -0.1174 0.3289 0.3228, -0.1595 0.3143 0.3228, -0.1667 0.3143 0.3228, -0.1595 0.3053 0.3228, -0.1667 0.3053 0.3228, -0.1533 0.3292 0.3228, -0.1595 0.3292 0.3228, -0.1564 0.3289 0.3228, -0.1595 0.3289 0.3228, -0.1564 0.3259 0.3228, -0.1558 0.3053 0.3228, -0.1533 0.302 0.3228, -0.1558 0.3023 0.3228, -0.1595 0.302 0.3228, -0.1571 0.3143 0.3228, -0.1571 0.3173 0.3228, -0.1595 0.3173 0.3228, -0.1595 0.3259 0.3228, -0.1667 0.3259 0.3228, -0.1667 0.3173 0.3228, -0.1701 0.3289 0.3228, -0.1717 0.3292 0.3228, -0.1701 0.3023 0.3228, -0.1755 0.3283 0.3228, -0.1783 0.3291 0.3228, -0.179 0.3292 0.3228, -0.1595 0.3023 0.3228, -0.1755 0.3247 0.3228, -0.1759 0.3031 0.3228, -0.1811 0.3049 0.3228, -0.1781 0.3055 0.3228, -0.1755 0.3067 0.3228, -0.1755 0.3034 0.3228, -0.1918 0.3143 0.3228, -0.1758 0.3249 0.3228, -0.1785 0.3259 0.3228, -0.1905 0.3095 0.3228, -0.1892 0.3077 0.3228, -0.1887 0.3072 0.3228, -0.187 0.3059 0.3228, -0.1851 0.3052 0.3228, -0.1824 0.3049 0.3228, -0.189 0.3233 0.3228, -0.1905 0.3213 0.3228, -0.1872 0.3248 0.3228, -0.1851 0.3258 0.3228, -0.1818 0.3263 0.3228, -0.1828 0.3262 0.3228, -0.1918 0.3153 0.3228, -0.1914 0.319 0.3228, -0.1914 0.3116 0.3228, -0.1943 0.3937 0.3228, -0.1818 0.3294 0.3228, -0.1717 0.3937 0.3228, -0.1818 0.3294 0.3228, -0.1935 0.3229 0.3228, -0.1916 0.3255 0.3228, -0.191 0.3261 0.3228, -0.1885 0.3278 0.3228, -0.1959 0.3292 0.3228, -0.1948 0.32 0.3228, -0.1943 0.3212 0.3228, -0.1943 0.309 0.3228, -0.195 0.3111 0.3228, -0.1955 0.3151 0.3228, -0.1954 0.3165 0.3228, -0.1874 0.3025 0.3228, -0.1899 0.3037 0.3228, -0.1943 0.302 0.3228, -0.192 0.3054 0.3228, -0.1925 0.3059 0.3228, -0.194 0.3082 0.3228, -0.1829 0.3018 0.3228, -0.1717 0.283 0.3228, -0.1852 0.302 0.3228, -0.1943 0.283 0.3228, -0.1845 0.3019 0.3228, -0.1297 0.3111 0.3228, -0.131 0.3084 0.3228, -0.1385 0.3292 0.3228, -0.1385 0.3283 0.3228, -0.1358 0.3273 0.3228, -0.1385 0.3029 0.3228, -0.1385 0.302 0.3228, -0.1358 0.304 0.3228, -0.133 0.306 0.3228, -0.133 0.3254 0.3228, -0.1321 0.3245 0.3228, -0.1305 0.3222 0.3228, -0.1295 0.3196 0.3228, -0.129 0.3159 0.3228, -0.1291 0.3142 0.3228, -0.1431 0.3289 0.3228, -0.1391 0.3285 0.3228, -0.1388 0.3028 0.3228, -0.1434 0.3023 0.3228, -0.1507 0.3023 0.3228, -0.1507 0.3289 0.3228, -0.184 0.2601 0.3228, -0.1852 0.2597 0.3228, -0.1811 0.2599 0.3228, -0.1828 0.2609 0.3228, -0.1891 0.2597 0.3228, -0.1903 0.2602 0.3228, -0.1943 0.2597 0.3228, -0.1925 0.2623 0.3228, -0.1929 0.2635 0.3228, -0.1912 0.2744 0.3228, -0.1912 0.2776 0.3228, -0.1905 0.278 0.3228, -0.1881 0.279 0.3228, -0.1838 0.2766 0.3228, -0.185 0.2767 0.3228, -0.1867 0.2712 0.3228, -0.1917 0.269 0.3228, -0.1907 0.2699 0.3228, -0.1893 0.2706 0.3228, -0.1889 0.2758 0.3228, -0.1868 0.2765 0.3228, -0.1914 0.261 0.3228, -0.1918 0.2613 0.3228, -0.1721 0.2769 0.3228, -0.1811 0.2629 0.3228, -0.1812 0.2629 0.3228, -0.1817 0.262 0.3228, -0.1717 0.2702 0.3228, -0.1732 0.264 0.3228, -0.1717 0.2702 0.3228, -0.172 0.2633 0.3228, -0.1717 0.2631 0.3228, -0.1931 0.265 0.3228, -0.1931 0.2654 0.3228, -0.1929 0.2669 0.3228, -0.1924 0.268 0.3228, -0.1811 0.272 0.3228, -0.1812 0.2735 0.3228, -0.1816 0.2747 0.3228, -0.1819 0.2754 0.3228, -0.1825 0.2759 0.3228, -0.183 0.2763 0.3228, -0.1801 0.2782 0.3228, -0.1727 0.276 0.3228, -0.1813 0.2788 0.3228, -0.1827 0.2792 0.3228, -0.1846 0.2794 0.3228, -0.1723 0.2708 0.3228, -0.1726 0.2714 0.3228, -0.1778 0.2722 0.3228, -0.173 0.2724 0.3228, -0.178 0.2748 0.3228, -0.1792 0.2773 0.3228, -0.1786 0.2763 0.3228, -0.1731 0.2749 0.3228, -0.1732 0.2738 0.3228, -0.1854 0.2596 0.3228, -0.1717 0.2491 0.3228, -0.1943 0.2491 0.3228, -0.1872 0.2595 0.3228, -0.1889 0.2597 0.3228, -0.187 0.2595 0.3228, -0.1732 0.2606 0.3228, -0.1778 0.2599 0.3228, -0.1717 0.26 0.3228, -0.1717 0.2597 0.3228, -0.1709 0.2598 0.3228, -0.1702 0.2597 0.3228, -0.1681 0.2595 0.3228, -0.1609 0.2674 0.3228, -0.1605 0.2665 0.3228, -0.1613 0.2753 0.3228, -0.1595 0.283 0.3228, -0.1613 0.2786 0.3228, -0.1615 0.2682 0.3228, -0.1717 0.2773 0.3228, -0.1711 0.2779 0.3228, -0.1703 0.2784 0.3228, -0.1685 0.2791 0.3228, -0.1658 0.2794 0.3228, -0.1634 0.2792 0.3228, -0.1604 0.2651 0.3228, -0.1605 0.2639 0.3228, -0.1609 0.2628 0.3228, -0.1615 0.2619 0.3228, -0.1625 0.261 0.3228, -0.1633 0.2605 0.3228, -0.1661 0.2767 0.3228, -0.1671 0.2766 0.3228, -0.1698 0.2741 0.3228, -0.168 0.2764 0.3228, -0.1687 0.276 0.3228, -0.1697 0.2737 0.3228, -0.1696 0.2732 0.3228, -0.1694 0.2727 0.3228, -0.169 0.2724 0.3228, -0.1679 0.2716 0.3228, -0.1638 0.2764 0.3228, -0.1658 0.2707 0.3228, -0.1619 0.2757 0.3228, -0.1645 0.2702 0.3228, -0.1623 0.269 0.3228, -0.1693 0.2755 0.3228, -0.1695 0.2751 0.3228, -0.1697 0.2747 0.3228, -0.1699 0.2625 0.3228, -0.1681 0.2683 0.3228, -0.1701 0.2692 0.3228, -0.1677 0.2622 0.3228, -0.1676 0.2622 0.3228, -0.166 0.2674 0.3228, -0.1659 0.2624 0.3228, -0.1638 0.2648 0.3228, -0.1638 0.2652 0.3228, -0.165 0.2627 0.3228, -0.1647 0.2629 0.3228, -0.1643 0.2632 0.3228, -0.164 0.2637 0.3228, -0.1639 0.2641 0.3228, -0.164 0.2657 0.3228, -0.1642 0.2662 0.3228, -0.1646 0.2666 0.3228, -0.1499 0.2646 0.3228, -0.1495 0.2631 0.3228, -0.1494 0.2631 0.3228, -0.1385 0.283 0.3228, -0.1533 0.283 0.3228, -0.1438 0.279 0.3228, -0.1533 0.2743 0.3228, -0.149 0.2646 0.3228, -0.1492 0.2637 0.3228, -0.1533 0.2597 0.3228, -0.1533 0.2654 0.3228, -0.1586 0.279 0.3228, -0.1549 0.279 0.3228, -0.1511 0.26 0.3228, -0.1512 0.2597 0.3228, -0.1526 0.2565 0.3228, -0.1595 0.2491 0.3228, -0.1579 0.2512 0.3228, -0.1579 0.2542 0.3228, -0.1572 0.254 0.3228, -0.156 0.2538 0.3228, -0.1554 0.2539 0.3228, -0.1547 0.2541 0.3228, -0.154 0.2545 0.3228, -0.1544 0.2511 0.3228, -0.1558 0.2509 0.3228, -0.1565 0.251 0.3228, -0.1533 0.2552 0.3228, -0.1533 0.2553 0.3228, -0.149 0.257 0.3228, -0.149 0.2569 0.3228, -0.1385 0.2491 0.3228, -0.1506 0.2539 0.3228, -0.1519 0.2525 0.3228, -0.1519 0.2525 0.3228, -0.1333 0.2719 0.3228, -0.1333 0.263 0.3228, -0.1283 0.263 0.3228, -0.1224 0.263 0.3228, -0.1224 0.2599 0.3228, -0.1283 0.2597 0.3228, -0.1237 0.2719 0.3228, -0.1283 0.2719 0.3228, -0.1333 0.283 0.3228, -0.1333 0.275 0.3228, -0.1283 0.275 0.3228, -0.1333 0.2835 0.3228, -0.1283 0.283 0.3228, -0.1237 0.275 0.3228, -0.1367 0.2599 0.3228, -0.1367 0.283 0.3228, -0.1367 0.2866 0.3228, -0.1283 0.2599 0.3228, -0.1595 0.3937 0.3228, -0.1533 0.3937 0.3228, -0.1385 0.3937 0.3228, -0.1283 0.3937 0.3228, -0.1198 0.3937 0.3228, 0.3937 0.3937 0.3228, -0.1959 0.3937 0.3228, -0.3937 0.3937 0.3228, -0.2106 0.3023 0.3228, -0.2106 0.3289 0.3228, -0.1966 0.3023 0.3228, -0.1283 0.2866 0.3228, -0.123 0.2866 0.3228, -0.123 0.2835 0.3228, -0.1283 0.2835 0.3228, -0.1283 0.2491 0.3228, -0.1198 0.2491 0.3228, 0.3937 0.2491 0.3228, -0.1959 0.2491 0.3228, -0.1959 -0.3937 0.3228, -0.1943 -0.3937 0.3228, -0.1717 -0.3937 0.3228, -0.1595 -0.3937 0.3228, -0.1533 -0.3937 0.3228, -0.1385 -0.3937 0.3228, -0.1283 -0.3937 0.3228, -0.1198 -0.3937 0.3228, 0.3937 -0.3937 0.3228, -0.3937 0.2491 0.3228, -0.3937 -0.3937 0.3228, 0.3445 0.3937 0.0799, 0.2461 0.3937 0.0799, 0.1476 0.3937 0.0799, 0.0492 0.3937 0.0799, -0.0492 0.3937 0.0799, -0.1476 0.3937 0.0799, -0.3445 0.3937 0.0799, -0.2461 0.3937 0.0799, -0.3445 -0.3937 0.0799, -0.2461 -0.3937 0.0799, -0.1476 -0.3937 0.0799, -0.0492 -0.3937 0.0799, 0.0492 -0.3937 0.0799, 0.1476 -0.3937 0.0799, 0.3445 -0.3937 0.0799, 0.2461 -0.3937 0.0799
            ]
        }
        coordIndex [
            0,1,2,-1,3,4,5,-1,5,4,6,-1,7,8,9,-1,9,8,10,-1,2,1,11,-1,11,1,12,-1,11,12,13,-1,14,15,16,-1,16,15,13,-1,17,18,10,-1,19,20,21,-1,22,23,24,-1,25,26,2,-1,2,26,27,-1,2,27,0,-1,17,10,28,-1,29,30,3,-1,3,30,31,-1,3,31,4,-1,32,33,9,-1,9,33,34,-1,34,35,9,-1,9,35,36,-1,9,36,7,-1,7,36,37,-1,7,37,38,-1,39,40,41,-1,41,40,42,-1,41,42,43,-1,44,45,6,-1,46,47,48,-1,48,47,49,-1,50,51,8,-1,8,51,52,-1,8,52,10,-1,10,52,53,-1,10,53,28,-1,54,55,56,-1,56,55,57,-1,56,57,21,-1,21,57,58,-1,21,58,19,-1,31,59,4,-1,4,59,60,-1,4,60,22,-1,61,62,63,-1,63,62,64,-1,13,15,11,-1,11,15,62,-1,11,62,41,-1,41,62,61,-1,41,61,39,-1,43,65,41,-1,41,65,66,-1,41,66,6,-1,6,66,67,-1,6,67,44,-1,68,69,3,-1,3,69,21,-1,70,71,72,-1,73,9,74,-1,74,9,75,-1,76,77,78,-1,18,79,10,-1,10,79,80,-1,10,80,3,-1,3,80,81,-1,3,81,68,-1,20,82,21,-1,21,82,83,-1,21,83,3,-1,3,83,84,-1,3,84,85,-1,86,87,88,-1,88,87,29,-1,88,29,89,-1,89,29,3,-1,89,3,90,-1,90,3,85,-1,91,92,93,-1,93,92,94,-1,45,47,6,-1,6,47,46,-1,6,46,5,-1,5,46,95,-1,5,95,9,-1,9,95,71,-1,9,71,75,-1,75,71,70,-1,73,96,9,-1,9,96,97,-1,9,97,98,-1,99,100,98,-1,23,101,24,-1,24,101,102,-1,24,102,103,-1,103,102,76,-1,103,76,104,-1,104,76,78,-1,22,24,4,-1,4,24,105,-1,4,105,2,-1,2,105,106,-1,2,106,25,-1,107,108,109,-1,109,108,110,-1,109,110,47,-1,47,110,111,-1,47,111,49,-1,112,113,114,-1,72,115,70,-1,70,115,93,-1,70,93,116,-1,116,93,94,-1,100,117,98,-1,98,117,118,-1,98,118,9,-1,9,118,119,-1,9,119,32,-1,88,120,86,-1,86,120,112,-1,86,112,121,-1,121,112,114,-1,122,123,124,-1,124,123,125,-1,124,125,126,-1,126,125,91,-1,126,91,127,-1,127,91,93,-1,128,129,130,-1,130,129,131,-1,130,131,98,-1,98,131,132,-1,98,132,99,-1,133,134,135,-1,136,137,138,-1,139,140,141,-1,142,143,144,-1,145,146,147,-1,148,149,150,-1,151,152,153,-1,154,155,156,-1,157,158,159,-1,159,158,160,-1,159,160,161,-1,162,163,160,-1,160,163,164,-1,160,164,165,-1,165,166,160,-1,160,166,167,-1,160,167,161,-1,168,169,170,-1,170,169,171,-1,170,171,172,-1,172,171,173,-1,172,173,162,-1,155,174,156,-1,156,174,175,-1,156,175,176,-1,168,170,177,-1,177,170,156,-1,177,156,178,-1,178,156,176,-1,178,176,179,-1,179,176,180,-1,179,180,181,-1,182,183,184,-1,184,183,185,-1,184,185,186,-1,186,185,187,-1,186,187,188,-1,182,184,189,-1,189,184,190,-1,189,190,191,-1,192,193,190,-1,190,193,194,-1,190,194,191,-1,195,196,192,-1,192,196,197,-1,192,197,193,-1,198,199,200,-1,198,200,201,-1,202,203,204,-1,204,203,205,-1,204,205,200,-1,200,205,206,-1,200,206,201,-1,207,208,209,-1,209,208,210,-1,211,212,213,-1,214,215,211,-1,211,215,216,-1,211,216,208,-1,208,216,217,-1,208,217,210,-1,207,218,208,-1,208,218,219,-1,208,219,204,-1,204,219,220,-1,204,220,221,-1,222,223,224,-1,213,225,211,-1,211,225,226,-1,211,226,214,-1,221,227,204,-1,204,227,228,-1,204,228,229,-1,230,231,222,-1,222,231,232,-1,222,232,223,-1,224,233,222,-1,222,233,234,-1,222,234,212,-1,229,235,204,-1,204,235,236,-1,204,236,202,-1,230,237,231,-1,231,237,238,-1,231,238,229,-1,229,238,239,-1,229,239,235,-1,240,241,222,-1,222,241,242,-1,242,243,222,-1,222,243,244,-1,222,244,230,-1,245,246,247,-1,248,249,250,-1,250,249,251,-1,245,247,252,-1,253,254,240,-1,240,254,255,-1,240,255,256,-1,257,258,259,-1,259,258,260,-1,259,260,247,-1,247,260,261,-1,247,261,252,-1,246,262,247,-1,247,262,263,-1,247,263,240,-1,240,263,264,-1,240,264,253,-1,265,266,267,-1,267,266,268,-1,267,268,250,-1,250,268,269,-1,250,269,248,-1,251,270,250,-1,250,270,271,-1,250,271,272,-1,256,273,240,-1,240,273,274,-1,240,274,275,-1,275,274,265,-1,275,265,276,-1,276,265,267,-1,250,277,278,-1,272,279,250,-1,250,279,280,-1,250,280,281,-1,281,282,250,-1,250,282,283,-1,250,283,277,-1,284,285,286,-1,284,286,287,-1,278,288,250,-1,250,288,289,-1,250,289,290,-1,290,289,291,-1,290,291,292,-1,293,294,295,-1,295,294,296,-1,295,296,297,-1,298,299,300,-1,300,299,295,-1,300,295,301,-1,301,295,297,-1,290,302,303,-1,292,304,290,-1,290,304,305,-1,290,305,302,-1,306,307,308,-1,308,307,290,-1,308,290,309,-1,309,290,303,-1,306,286,307,-1,307,286,285,-1,307,285,153,-1,153,285,310,-1,153,310,151,-1,311,312,298,-1,298,312,313,-1,298,313,299,-1,311,314,312,-1,312,314,315,-1,312,315,316,-1,294,317,318,-1,319,320,317,-1,320,321,317,-1,317,321,322,-1,317,322,323,-1,318,324,294,-1,294,324,325,-1,294,325,326,-1,293,287,294,-1,294,287,286,-1,294,286,317,-1,317,286,327,-1,317,327,319,-1,323,328,317,-1,317,328,329,-1,317,329,330,-1,330,329,331,-1,330,331,332,-1,332,331,333,-1,334,335,326,-1,326,335,336,-1,326,336,294,-1,157,337,158,-1,158,337,338,-1,158,338,259,-1,259,338,339,-1,259,339,257,-1,340,341,342,-1,343,344,345,-1,343,345,346,-1,347,348,349,-1,349,348,350,-1,349,350,351,-1,351,350,352,-1,351,352,353,-1,354,355,356,-1,356,355,357,-1,356,357,358,-1,358,359,356,-1,356,359,348,-1,356,348,342,-1,342,348,347,-1,342,347,340,-1,344,360,345,-1,345,360,361,-1,345,361,356,-1,356,361,362,-1,356,362,354,-1,363,364,365,-1,365,364,366,-1,365,366,367,-1,367,366,368,-1,367,368,369,-1,352,370,353,-1,353,370,367,-1,353,367,371,-1,371,367,369,-1,369,372,371,-1,371,372,373,-1,371,373,345,-1,345,373,374,-1,345,374,346,-1,375,376,377,-1,377,376,378,-1,379,380,381,-1,381,380,382,-1,378,381,377,-1,377,381,382,-1,377,382,383,-1,383,382,384,-1,383,384,385,-1,386,158,387,-1,387,158,259,-1,387,259,385,-1,385,259,247,-1,385,247,383,-1,388,375,389,-1,389,375,377,-1,389,377,390,-1,390,377,391,-1,390,391,386,-1,392,393,394,-1,394,393,367,-1,394,367,395,-1,395,367,370,-1,395,370,396,-1,396,370,397,-1,396,397,398,-1,393,399,367,-1,367,399,400,-1,367,400,401,-1,401,400,402,-1,401,402,403,-1,403,402,404,-1,403,404,398,-1,398,404,405,-1,398,405,396,-1,406,407,408,-1,408,407,409,-1,410,411,412,-1,412,411,413,-1,412,414,410,-1,410,414,415,-1,410,415,416,-1,416,415,417,-1,416,417,418,-1,406,408,419,-1,419,408,415,-1,419,415,420,-1,420,415,414,-1,420,414,421,-1,414,422,421,-1,421,422,423,-1,421,423,424,-1,413,411,425,-1,425,411,426,-1,425,426,427,-1,428,426,429,-1,429,426,430,-1,417,431,418,-1,418,431,427,-1,418,427,150,-1,150,427,426,-1,150,426,432,-1,432,426,428,-1,148,150,433,-1,434,435,432,-1,432,435,436,-1,432,436,150,-1,150,436,437,-1,150,437,433,-1,438,439,440,-1,441,442,432,-1,432,442,443,-1,432,443,444,-1,444,445,432,-1,432,445,446,-1,432,446,434,-1,447,448,449,-1,449,448,450,-1,440,451,438,-1,438,451,452,-1,438,452,453,-1,453,452,450,-1,453,450,454,-1,454,450,448,-1,439,438,432,-1,432,438,455,-1,432,455,441,-1,456,457,458,-1,458,457,459,-1,458,459,430,-1,147,460,461,-1,461,462,147,-1,147,462,463,-1,147,463,145,-1,464,465,147,-1,147,465,466,-1,147,466,460,-1,467,468,391,-1,391,468,469,-1,391,469,464,-1,464,469,470,-1,464,470,465,-1,471,472,473,-1,472,474,473,-1,473,474,475,-1,473,475,476,-1,149,477,478,-1,471,473,479,-1,479,473,480,-1,479,480,481,-1,482,483,401,-1,484,485,403,-1,403,485,486,-1,487,488,489,-1,489,488,401,-1,489,401,490,-1,490,401,483,-1,486,491,403,-1,403,491,492,-1,403,492,493,-1,493,494,403,-1,403,494,495,-1,403,495,401,-1,401,495,496,-1,401,496,482,-1,410,497,484,-1,484,497,498,-1,484,498,485,-1,487,499,488,-1,488,499,500,-1,488,500,416,-1,416,500,501,-1,416,501,410,-1,410,501,502,-1,410,502,497,-1,503,504,505,-1,503,505,506,-1,507,508,509,-1,509,510,511,-1,512,513,480,-1,480,513,514,-1,480,514,515,-1,516,517,518,-1,519,520,512,-1,512,520,521,-1,512,521,522,-1,522,521,518,-1,522,518,523,-1,523,518,517,-1,508,524,509,-1,509,524,525,-1,509,525,510,-1,526,478,480,-1,480,478,477,-1,480,477,481,-1,527,528,505,-1,505,528,529,-1,505,529,506,-1,530,531,532,-1,532,531,533,-1,532,533,534,-1,511,535,509,-1,509,535,536,-1,509,536,480,-1,480,536,537,-1,480,537,512,-1,512,537,538,-1,512,538,519,-1,539,540,518,-1,518,540,541,-1,518,541,542,-1,542,543,518,-1,518,543,544,-1,518,544,516,-1,545,546,547,-1,547,546,526,-1,547,526,548,-1,548,526,480,-1,548,480,549,-1,549,480,515,-1,550,551,552,-1,552,551,553,-1,552,553,554,-1,545,555,546,-1,546,555,556,-1,546,556,557,-1,557,556,554,-1,557,554,558,-1,558,554,553,-1,504,559,560,-1,561,562,563,-1,560,559,561,-1,561,559,564,-1,561,564,562,-1,530,550,531,-1,531,550,552,-1,531,552,565,-1,565,552,566,-1,565,566,567,-1,567,566,568,-1,567,568,569,-1,569,568,570,-1,571,570,560,-1,560,570,568,-1,560,568,504,-1,504,568,566,-1,504,566,505,-1,572,573,574,-1,575,576,574,-1,572,574,577,-1,526,578,478,-1,478,578,579,-1,478,579,580,-1,580,581,478,-1,478,581,582,-1,478,582,575,-1,575,582,583,-1,575,583,576,-1,584,585,144,-1,144,585,586,-1,144,586,587,-1,587,588,144,-1,144,588,589,-1,144,589,142,-1,590,591,592,-1,592,591,593,-1,592,593,594,-1,592,595,590,-1,590,595,596,-1,590,596,597,-1,597,598,590,-1,590,598,599,-1,590,599,600,-1,600,599,601,-1,600,601,602,-1,602,601,603,-1,602,603,574,-1,574,603,604,-1,574,604,577,-1,605,606,594,-1,594,606,607,-1,594,607,592,-1,608,609,534,-1,534,609,610,-1,534,610,532,-1,608,611,609,-1,609,611,612,-1,609,612,613,-1,613,612,614,-1,613,615,616,-1,614,617,613,-1,613,617,618,-1,613,618,619,-1,619,620,613,-1,613,620,621,-1,613,621,615,-1,616,622,613,-1,613,622,623,-1,613,623,624,-1,625,626,627,-1,628,629,630,-1,630,629,631,-1,630,631,632,-1,632,631,625,-1,632,625,633,-1,633,625,627,-1,634,635,144,-1,144,635,636,-1,573,584,574,-1,574,584,144,-1,574,144,575,-1,575,144,636,-1,575,636,629,-1,629,636,637,-1,629,637,631,-1,638,635,639,-1,639,635,634,-1,639,634,640,-1,641,642,643,-1,571,560,143,-1,143,560,641,-1,143,641,144,-1,144,641,643,-1,144,643,634,-1,634,643,644,-1,634,644,645,-1,645,646,634,-1,634,646,647,-1,634,647,648,-1,137,649,138,-1,138,649,650,-1,138,650,641,-1,641,650,651,-1,641,651,642,-1,648,652,634,-1,634,652,653,-1,634,653,640,-1,654,655,656,-1,654,656,140,-1,655,657,656,-1,656,657,658,-1,656,658,138,-1,138,658,659,-1,138,659,136,-1,660,661,662,-1,663,664,348,-1,348,664,665,-1,359,363,348,-1,348,363,365,-1,348,365,663,-1,663,365,666,-1,663,666,662,-1,662,666,667,-1,662,667,660,-1,668,669,670,-1,671,668,672,-1,672,668,670,-1,672,670,365,-1,365,670,673,-1,365,673,666,-1,674,675,628,-1,628,675,676,-1,664,677,665,-1,665,677,674,-1,665,674,141,-1,141,674,628,-1,141,628,139,-1,139,628,630,-1,430,426,458,-1,458,426,411,-1,458,411,678,-1,678,411,410,-1,678,410,679,-1,679,410,484,-1,679,484,680,-1,680,484,403,-1,680,403,681,-1,681,403,398,-1,681,398,682,-1,682,398,397,-1,682,397,683,-1,162,160,172,-1,172,160,464,-1,172,464,684,-1,684,464,147,-1,684,147,456,-1,456,147,146,-1,456,146,457,-1,170,685,156,-1,156,685,186,-1,156,186,154,-1,154,186,188,-1,386,391,158,-1,158,391,686,-1,158,686,160,-1,686,687,160,-1,160,687,133,-1,160,133,464,-1,464,133,135,-1,464,135,391,-1,391,135,688,-1,391,688,686,-1,149,478,150,-1,150,478,575,-1,150,575,418,-1,418,575,629,-1,418,629,416,-1,416,629,628,-1,416,628,488,-1,488,628,676,-1,488,676,401,-1,401,676,689,-1,401,689,367,-1,367,689,690,-1,367,690,365,-1,365,690,691,-1,365,691,672,-1,672,691,692,-1,672,692,671,-1,476,467,473,-1,473,467,391,-1,473,391,480,-1,480,391,377,-1,480,377,509,-1,509,377,383,-1,140,656,141,-1,141,656,693,-1,141,693,665,-1,665,693,694,-1,665,694,348,-1,348,694,695,-1,348,695,350,-1,240,222,247,-1,247,222,696,-1,247,696,383,-1,383,696,561,-1,383,561,509,-1,509,561,563,-1,509,563,507,-1,212,211,222,-1,222,211,697,-1,222,697,696,-1,696,697,698,-1,696,698,561,-1,561,698,699,-1,561,699,560,-1,560,699,700,-1,560,700,641,-1,641,700,701,-1,641,701,138,-1,138,701,702,-1,138,702,656,-1,656,702,703,-1,656,703,693,-1,693,703,704,-1,693,704,694,-1,694,704,705,-1,694,705,695,-1,199,195,200,-1,200,195,192,-1,200,192,204,-1,204,192,706,-1,204,706,208,-1,208,706,707,-1,683,397,7,-1,7,397,370,-1,7,370,352,-1,705,8,695,-1,695,8,7,-1,695,7,350,-1,350,7,352,-1,682,683,708,-1,708,683,7,-1,708,7,38,-1,129,128,709,-1,709,128,710,-1,123,122,711,-1,711,122,712,-1,711,678,679,-1,713,685,170,-1,64,62,714,-1,714,62,685,-1,714,685,715,-1,715,685,713,-1,715,713,107,-1,107,713,108,-1,679,680,711,-1,711,680,681,-1,711,681,710,-1,710,681,682,-1,710,682,709,-1,709,682,708,-1,170,172,713,-1,713,172,684,-1,713,684,712,-1,712,684,456,-1,712,456,711,-1,711,456,458,-1,711,458,678,-1,62,15,707,-1,707,706,62,-1,62,706,192,-1,62,192,190,-1,190,184,62,-1,62,184,186,-1,62,186,685,-1,15,14,716,-1,78,77,717,-1,717,77,718,-1,719,114,113,-1,702,701,717,-1,717,701,700,-1,720,721,705,-1,113,720,719,-1,719,720,705,-1,719,705,718,-1,718,705,704,-1,718,704,717,-1,717,704,703,-1,717,703,702,-1,700,699,717,-1,717,699,698,-1,717,698,697,-1,50,8,722,-1,722,8,705,-1,722,705,723,-1,723,705,721,-1,723,721,54,-1,54,721,55,-1,697,211,717,-1,717,211,208,-1,717,208,716,-1,716,208,707,-1,716,707,15,-1,
        ]
    }
}
Shape{
    appearance Appearance {
        material  Material 	{
            diffuseColor 0.0 0.0 0.0
            specularColor 0.0 0.0 0.0
            ambientIntensity 0.0
            transparency 0.0
            shininess 0.5
        }
    }
    geometry IndexedFaceSet {
        ccw TRUE
        solid FALSE
        coord DEF co Coordinate {
            point [
                -0.2302 -0.293 0.3189, -0.2302 -0.293 0.3228, -0.2319 -0.2799 0.3189, -0.2319 -0.2799 0.3228, -0.237 -0.2676 0.3189, -0.237 -0.2676 0.3228, -0.2451 -0.2572 0.3189, -0.2451 -0.2572 0.3228, -0.2555 -0.2491 0.3189, -0.2555 -0.2491 0.3228, -0.2678 -0.244 0.3189, -0.2678 -0.244 0.3228, -0.2809 -0.2423 0.3189, -0.2809 -0.2423 0.3228, -0.294 -0.244 0.3189, -0.294 -0.244 0.3228, -0.3062 -0.2491 0.3189, -0.3062 -0.2491 0.3228, -0.3167 -0.2572 0.3189, -0.3167 -0.2572 0.3228, -0.3247 -0.2676 0.3189, -0.3247 -0.2676 0.3228, -0.3298 -0.2799 0.3189, -0.3298 -0.2799 0.3228, -0.3315 -0.293 0.3189, -0.3315 -0.293 0.3228, -0.3298 -0.3061 0.3189, -0.3298 -0.3061 0.3228, -0.3247 -0.3183 0.3189, -0.3247 -0.3183 0.3228, -0.3167 -0.3288 0.3189, -0.3167 -0.3288 0.3228, -0.3062 -0.3368 0.3189, -0.3062 -0.3368 0.3228, -0.294 -0.3419 0.3189, -0.294 -0.3419 0.3228, -0.2809 -0.3436 0.3189, -0.2809 -0.3436 0.3228, -0.2678 -0.3419 0.3189, -0.2678 -0.3419 0.3228, -0.2555 -0.3368 0.3189, -0.2555 -0.3368 0.3228, -0.2451 -0.3288 0.3189, -0.2451 -0.3288 0.3228, -0.237 -0.3183 0.3189, -0.237 -0.3183 0.3228, -0.2319 -0.3061 0.3189, -0.2319 -0.3061 0.3228, -0.2809 -0.293 0.3189
            ]
        }
        coordIndex [
            0,1,2,-1,2,1,3,-1,2,3,4,-1,4,3,5,-1,4,5,6,-1,6,5,7,-1,6,7,8,-1,8,7,9,-1,8,9,10,-1,10,9,11,-1,10,11,12,-1,12,11,13,-1,12,13,14,-1,14,13,15,-1,14,15,16,-1,16,15,17,-1,16,17,18,-1,18,17,19,-1,18,19,20,-1,20,19,21,-1,20,21,22,-1,22,21,23,-1,22,23,24,-1,24,23,25,-1,24,25,26,-1,26,25,27,-1,26,27,28,-1,28,27,29,-1,28,29,30,-1,30,29,31,-1,30,31,32,-1,32,31,33,-1,32,33,34,-1,34,33,35,-1,34,35,36,-1,36,35,37,-1,36,37,38,-1,38,37,39,-1,38,39,40,-1,40,39,41,-1,40,41,42,-1,42,41,43,-1,42,43,44,-1,44,43,45,-1,44,45,46,-1,46,45,47,-1,46,47,0,-1,0,47,1,-1,44,46,48,-1,48,46,0,-1,48,0,2,-1,38,40,48,-1,48,40,42,-1,48,42,44,-1,32,34,48,-1,48,34,36,-1,48,36,38,-1,26,28,48,-1,48,28,30,-1,48,30,32,-1,20,22,48,-1,48,22,24,-1,48,24,26,-1,14,16,48,-1,48,16,18,-1,48,18,20,-1,8,10,48,-1,48,10,12,-1,48,12,14,-1,2,4,48,-1,48,4,6,-1,48,6,8,-1,
        ]
    }
}
Shape{
    appearance Appearance {
        material  Material 	{
            diffuseColor 0.7529411764705882 0.7529411764705882 0.7529411764705882
            specularColor 0.3764705882352941 0.3764705882352941 0.3764705882352941
            ambientIntensity 0.7529
            transparency 0.0
            shininess 0.5
        }
    }
    geometry IndexedFaceSet {
        ccw TRUE
        solid FALSE
        coord DEF co Coordinate {
            point [
                0.1476 0.3937 0.0799, 0.1476 0.3976 0.0799, 0.0492 0.3937 0.0799, 0.0492 0.3976 0.0799, 0.0492 0.3937 0.0079, 0.0492 0.3976 0.0, 0.0492 0.3248 0.0079, 0.0492 0.3248 0.0, 0.0509 0.3121 0.0, 0.0509 0.3121 0.0079, 0.0558 0.3002 0.0, 0.0558 0.3002 0.0079, 0.0636 0.29 0.0, 0.0636 0.29 0.0079, 0.0738 0.2822 0.0, 0.0738 0.2822 0.0079, 0.0857 0.2773 0.0, 0.0857 0.2773 0.0079, 0.0984 0.2756 0.0, 0.0984 0.2756 0.0079, 0.1112 0.2773 0.0, 0.1112 0.2773 0.0079, 0.123 0.2822 0.0, 0.123 0.2822 0.0079, 0.1332 0.29 0.0, 0.1332 0.29 0.0079, 0.141 0.3002 0.0, 0.141 0.3002 0.0079, 0.146 0.3121 0.0, 0.146 0.3121 0.0079, 0.1476 0.3248 0.0, 0.1476 0.3248 0.0079, 0.1476 0.3937 0.0079, 0.1476 0.3976 0.0, -0.0492 0.3937 0.0799, -0.0492 0.3976 0.0799, -0.1476 0.3937 0.0799, -0.1476 0.3976 0.0799, -0.1476 0.3937 0.0079, -0.1476 0.3976 0.0, -0.1476 0.3248 0.0079, -0.1476 0.3248 0.0, -0.146 0.3121 0.0, -0.146 0.3121 0.0079, -0.141 0.3002 0.0, -0.141 0.3002 0.0079, -0.1332 0.29 0.0, -0.1332 0.29 0.0079, -0.123 0.2822 0.0, -0.123 0.2822 0.0079, -0.1112 0.2773 0.0, -0.1112 0.2773 0.0079, -0.0984 0.2756 0.0, -0.0984 0.2756 0.0079, -0.0857 0.2773 0.0, -0.0857 0.2773 0.0079, -0.0738 0.2822 0.0, -0.0738 0.2822 0.0079, -0.0636 0.29 0.0, -0.0636 0.29 0.0079, -0.0558 0.3002 0.0, -0.0558 0.3002 0.0079, -0.0509 0.3121 0.0, -0.0509 0.3121 0.0079, -0.0492 0.3248 0.0, -0.0492 0.3248 0.0079, -0.0492 0.3937 0.0079, -0.0492 0.3976 0.0, 0.3445 0.3976 0.0799, 0.2461 0.3976 0.0799, 0.3445 0.3937 0.0799, 0.2461 0.3937 0.0799, 0.2461 0.3248 0.0079, 0.2461 0.3248 0.0, 0.2477 0.3121 0.0, 0.2477 0.3121 0.0079, 0.2527 0.3002 0.0, 0.2527 0.3002 0.0079, 0.2605 0.29 0.0, 0.2605 0.29 0.0079, 0.2707 0.2822 0.0, 0.2707 0.2822 0.0079, 0.2825 0.2773 0.0, 0.2825 0.2773 0.0079, 0.2953 0.2756 0.0, 0.2953 0.2756 0.0079, 0.308 0.2773 0.0, 0.308 0.2773 0.0079, 0.3199 0.2822 0.0, 0.3199 0.2822 0.0079, 0.3301 0.29 0.0, 0.3301 0.29 0.0079, 0.3379 0.3002 0.0, 0.3379 0.3002 0.0079, 0.3428 0.3121 0.0, 0.3428 0.3121 0.0079, 0.3445 0.3248 0.0, 0.3445 0.3248 0.0079, 0.3445 0.3937 0.0079, 0.3445 0.3976 0.0, 0.2461 0.3937 0.0079, 0.2461 0.3976 0.0, -0.2461 0.3937 0.0799, -0.2461 0.3976 0.0799, -0.3445 0.3937 0.0799, -0.3445 0.3976 0.0799, -0.3445 0.3937 0.0079, -0.3445 0.3976 0.0, -0.3445 0.3248 0.0079, -0.3445 0.3248 0.0, -0.3428 0.3121 0.0, -0.3428 0.3121 0.0079, -0.3379 0.3002 0.0, -0.3379 0.3002 0.0079, -0.3301 0.29 0.0, -0.3301 0.29 0.0079, -0.3199 0.2822 0.0, -0.3199 0.2822 0.0079, -0.308 0.2773 0.0, -0.308 0.2773 0.0079, -0.2953 0.2756 0.0, -0.2953 0.2756 0.0079, -0.2825 0.2773 0.0, -0.2825 0.2773 0.0079, -0.2707 0.2822 0.0, -0.2707 0.2822 0.0079, -0.2605 0.29 0.0, -0.2605 0.29 0.0079, -0.2527 0.3002 0.0, -0.2527 0.3002 0.0079, -0.2477 0.3121 0.0, -0.2477 0.3121 0.0079, -0.2461 0.3248 0.0, -0.2461 0.3248 0.0079, -0.2461 0.3937 0.0079, -0.2461 0.3976 0.0, 0.0492 -0.3976 0.0799, 0.1476 -0.3976 0.0799, 0.0492 -0.3937 0.0799, 0.1476 -0.3937 0.0799, 0.1476 -0.3248 0.0079, 0.1476 -0.3248 0.0, 0.146 -0.3121 0.0, 0.146 -0.3121 0.0079, 0.141 -0.3002 0.0, 0.141 -0.3002 0.0079, 0.1332 -0.29 0.0, 0.1332 -0.29 0.0079, 0.123 -0.2822 0.0, 0.123 -0.2822 0.0079, 0.1112 -0.2773 0.0, 0.1112 -0.2773 0.0079, 0.0984 -0.2756 0.0, 0.0984 -0.2756 0.0079, 0.0857 -0.2773 0.0, 0.0857 -0.2773 0.0079, 0.0738 -0.2822 0.0, 0.0738 -0.2822 0.0079, 0.0636 -0.29 0.0, 0.0636 -0.29 0.0079, 0.0558 -0.3002 0.0, 0.0558 -0.3002 0.0079, 0.0509 -0.3121 0.0, 0.0509 -0.3121 0.0079, 0.0492 -0.3248 0.0, 0.0492 -0.3248 0.0079, 0.0492 -0.3937 0.0079, 0.0492 -0.3976 0.0, 0.1476 -0.3937 0.0079, 0.1476 -0.3976 0.0, -0.1476 -0.3976 0.0799, -0.0492 -0.3976 0.0799, -0.1476 -0.3937 0.0799, -0.0492 -0.3937 0.0799, -0.0492 -0.3248 0.0079, -0.0492 -0.3248 0.0, -0.0509 -0.3121 0.0, -0.0509 -0.3121 0.0079, -0.0558 -0.3002 0.0, -0.0558 -0.3002 0.0079, -0.0636 -0.29 0.0, -0.0636 -0.29 0.0079, -0.0738 -0.2822 0.0, -0.0738 -0.2822 0.0079, -0.0857 -0.2773 0.0, -0.0857 -0.2773 0.0079, -0.0984 -0.2756 0.0, -0.0984 -0.2756 0.0079, -0.1112 -0.2773 0.0, -0.1112 -0.2773 0.0079, -0.123 -0.2822 0.0, -0.123 -0.2822 0.0079, -0.1332 -0.29 0.0, -0.1332 -0.29 0.0079, -0.141 -0.3002 0.0, -0.141 -0.3002 0.0079, -0.146 -0.3121 0.0, -0.146 -0.3121 0.0079, -0.1476 -0.3248 0.0, -0.1476 -0.3248 0.0079, -0.1476 -0.3937 0.0079, -0.1476 -0.3976 0.0, -0.0492 -0.3937 0.0079, -0.0492 -0.3976 0.0, 0.2461 -0.3937 0.0799, 0.2461 -0.3976 0.0799, 0.3445 -0.3937 0.0799, 0.3445 -0.3976 0.0799, 0.3445 -0.3248 0.0079, 0.3445 -0.3248 0.0, 0.3428 -0.3121 0.0, 0.3428 -0.3121 0.0079, 0.3379 -0.3002 0.0, 0.3379 -0.3002 0.0079, 0.3301 -0.29 0.0, 0.3301 -0.29 0.0079, 0.3199 -0.2822 0.0, 0.3199 -0.2822 0.0079, 0.308 -0.2773 0.0, 0.308 -0.2773 0.0079, 0.2953 -0.2756 0.0, 0.2953 -0.2756 0.0079, 0.2825 -0.2773 0.0, 0.2825 -0.2773 0.0079, 0.2707 -0.2822 0.0, 0.2707 -0.2822 0.0079, 0.2605 -0.29 0.0, 0.2605 -0.29 0.0079, 0.2527 -0.3002 0.0, 0.2527 -0.3002 0.0079, 0.2477 -0.3121 0.0, 0.2477 -0.3121 0.0079, 0.2461 -0.3248 0.0, 0.2461 -0.3248 0.0079, 0.2461 -0.3937 0.0079, 0.2461 -0.3976 0.0, 0.3445 -0.3937 0.0079, 0.3445 -0.3976 0.0, -0.3445 -0.3976 0.0799, -0.2461 -0.3976 0.0799, -0.3445 -0.3937 0.0799, -0.2461 -0.3937 0.0799, -0.2461 -0.3248 0.0079, -0.2461 -0.3248 0.0, -0.2477 -0.3121 0.0, -0.2477 -0.3121 0.0079, -0.2527 -0.3002 0.0, -0.2527 -0.3002 0.0079, -0.2605 -0.29 0.0, -0.2605 -0.29 0.0079, -0.2707 -0.2822 0.0, -0.2707 -0.2822 0.0079, -0.2825 -0.2773 0.0, -0.2825 -0.2773 0.0079, -0.2953 -0.2756 0.0, -0.2953 -0.2756 0.0079, -0.308 -0.2773 0.0, -0.308 -0.2773 0.0079, -0.3199 -0.2822 0.0, -0.3199 -0.2822 0.0079, -0.3301 -0.29 0.0, -0.3301 -0.29 0.0079, -0.3379 -0.3002 0.0, -0.3379 -0.3002 0.0079, -0.3428 -0.3121 0.0, -0.3428 -0.3121 0.0079, -0.3445 -0.3248 0.0, -0.3445 -0.3248 0.0079, -0.3445 -0.3937 0.0079, -0.3445 -0.3976 0.0, -0.2461 -0.3937 0.0079, -0.2461 -0.3976 0.0
            ]
        }
        coordIndex [
            0,1,2,-1,2,1,3,-1,2,3,4,-1,4,3,5,-1,4,5,6,-1,6,5,7,-1,6,7,8,-1,6,8,9,-1,9,8,10,-1,9,10,11,-1,11,10,12,-1,11,12,13,-1,13,12,14,-1,13,14,15,-1,15,14,16,-1,15,16,17,-1,17,16,18,-1,17,18,19,-1,19,18,20,-1,19,20,21,-1,21,20,22,-1,21,22,23,-1,23,22,24,-1,23,24,25,-1,25,24,26,-1,25,26,27,-1,27,26,28,-1,27,28,29,-1,29,28,30,-1,29,30,31,-1,31,30,32,-1,32,30,33,-1,32,33,0,-1,0,33,1,-1,5,3,33,-1,33,3,1,-1,5,33,7,-1,7,33,30,-1,18,16,30,-1,30,16,14,-1,30,14,12,-1,26,24,28,-1,28,24,22,-1,28,22,30,-1,30,22,20,-1,30,20,18,-1,12,10,30,-1,30,10,8,-1,30,8,7,-1,34,35,36,-1,36,35,37,-1,36,37,38,-1,38,37,39,-1,38,39,40,-1,40,39,41,-1,40,41,42,-1,40,42,43,-1,43,42,44,-1,43,44,45,-1,45,44,46,-1,45,46,47,-1,47,46,48,-1,47,48,49,-1,49,48,50,-1,49,50,51,-1,51,50,52,-1,51,52,53,-1,53,52,54,-1,53,54,55,-1,55,54,56,-1,55,56,57,-1,57,56,58,-1,57,58,59,-1,59,58,60,-1,59,60,61,-1,61,60,62,-1,61,62,63,-1,63,62,64,-1,63,64,65,-1,65,64,66,-1,66,64,67,-1,66,67,34,-1,34,67,35,-1,39,37,67,-1,67,37,35,-1,58,56,48,-1,46,44,64,-1,39,67,41,-1,41,67,64,-1,41,64,42,-1,42,64,44,-1,58,48,60,-1,56,54,48,-1,48,54,52,-1,48,52,50,-1,46,64,48,-1,48,64,62,-1,48,62,60,-1,68,69,70,-1,70,69,71,-1,72,73,74,-1,72,74,75,-1,75,74,76,-1,75,76,77,-1,77,76,78,-1,77,78,79,-1,79,78,80,-1,79,80,81,-1,81,80,82,-1,81,82,83,-1,83,82,84,-1,83,84,85,-1,85,84,86,-1,85,86,87,-1,87,86,88,-1,87,88,89,-1,89,88,90,-1,89,90,91,-1,91,90,92,-1,91,92,93,-1,93,92,94,-1,93,94,95,-1,95,94,96,-1,95,96,97,-1,97,96,98,-1,98,96,99,-1,98,99,70,-1,70,99,68,-1,71,69,100,-1,100,69,101,-1,100,101,72,-1,72,101,73,-1,101,69,99,-1,99,69,68,-1,73,101,99,-1,99,96,73,-1,73,96,94,-1,73,94,92,-1,86,84,73,-1,73,78,74,-1,74,78,76,-1,92,90,73,-1,73,90,88,-1,73,88,86,-1,84,82,73,-1,73,82,80,-1,73,80,78,-1,102,103,104,-1,104,103,105,-1,104,105,106,-1,106,105,107,-1,106,107,108,-1,108,107,109,-1,108,109,110,-1,108,110,111,-1,111,110,112,-1,111,112,113,-1,113,112,114,-1,113,114,115,-1,115,114,116,-1,115,116,117,-1,117,116,118,-1,117,118,119,-1,119,118,120,-1,119,120,121,-1,121,120,122,-1,121,122,123,-1,123,122,124,-1,123,124,125,-1,125,124,126,-1,125,126,127,-1,127,126,128,-1,127,128,129,-1,129,128,130,-1,129,130,131,-1,131,130,132,-1,131,132,133,-1,133,132,134,-1,134,132,135,-1,134,135,102,-1,102,135,103,-1,107,105,135,-1,135,105,103,-1,118,116,130,-1,130,116,132,-1,132,116,114,-1,132,114,112,-1,107,135,109,-1,109,135,132,-1,109,132,110,-1,110,132,112,-1,124,130,126,-1,126,130,128,-1,124,122,130,-1,130,122,120,-1,130,120,118,-1,136,137,138,-1,138,137,139,-1,140,141,142,-1,140,142,143,-1,143,142,144,-1,143,144,145,-1,145,144,146,-1,145,146,147,-1,147,146,148,-1,147,148,149,-1,149,148,150,-1,149,150,151,-1,151,150,152,-1,151,152,153,-1,153,152,154,-1,153,154,155,-1,155,154,156,-1,155,156,157,-1,157,156,158,-1,157,158,159,-1,159,158,160,-1,159,160,161,-1,161,160,162,-1,161,162,163,-1,163,162,164,-1,163,164,165,-1,165,164,166,-1,166,164,167,-1,166,167,138,-1,138,167,136,-1,139,137,168,-1,168,137,169,-1,168,169,140,-1,140,169,141,-1,169,137,167,-1,167,137,136,-1,141,169,167,-1,167,164,141,-1,141,164,162,-1,141,162,160,-1,146,144,142,-1,160,158,141,-1,141,158,156,-1,141,156,154,-1,154,152,141,-1,141,152,150,-1,141,150,142,-1,142,150,148,-1,142,148,146,-1,170,171,172,-1,172,171,173,-1,174,175,176,-1,174,176,177,-1,177,176,178,-1,177,178,179,-1,179,178,180,-1,179,180,181,-1,181,180,182,-1,181,182,183,-1,183,182,184,-1,183,184,185,-1,185,184,186,-1,185,186,187,-1,187,186,188,-1,187,188,189,-1,189,188,190,-1,189,190,191,-1,191,190,192,-1,191,192,193,-1,193,192,194,-1,193,194,195,-1,195,194,196,-1,195,196,197,-1,197,196,198,-1,197,198,199,-1,199,198,200,-1,200,198,201,-1,200,201,172,-1,172,201,170,-1,173,171,202,-1,202,171,203,-1,202,203,174,-1,174,203,175,-1,203,171,201,-1,201,171,170,-1,203,201,175,-1,175,201,198,-1,186,184,198,-1,198,184,182,-1,198,182,180,-1,194,192,196,-1,196,192,190,-1,196,190,198,-1,198,190,188,-1,198,188,186,-1,180,178,198,-1,198,178,176,-1,198,176,175,-1,204,205,206,-1,206,205,207,-1,208,209,210,-1,208,210,211,-1,211,210,212,-1,211,212,213,-1,213,212,214,-1,213,214,215,-1,215,214,216,-1,215,216,217,-1,217,216,218,-1,217,218,219,-1,219,218,220,-1,219,220,221,-1,221,220,222,-1,221,222,223,-1,223,222,224,-1,223,224,225,-1,225,224,226,-1,225,226,227,-1,227,226,228,-1,227,228,229,-1,229,228,230,-1,229,230,231,-1,231,230,232,-1,231,232,233,-1,233,232,234,-1,234,232,235,-1,234,235,204,-1,204,235,205,-1,206,207,236,-1,236,207,237,-1,236,237,208,-1,208,237,209,-1,237,207,235,-1,235,207,205,-1,237,235,209,-1,209,235,232,-1,209,232,230,-1,230,228,209,-1,209,228,226,-1,209,226,224,-1,224,222,209,-1,209,222,220,-1,209,220,210,-1,210,220,218,-1,218,216,210,-1,210,216,214,-1,210,214,212,-1,238,239,240,-1,240,239,241,-1,242,243,244,-1,242,244,245,-1,245,244,246,-1,245,246,247,-1,247,246,248,-1,247,248,249,-1,249,248,250,-1,249,250,251,-1,251,250,252,-1,251,252,253,-1,253,252,254,-1,253,254,255,-1,255,254,256,-1,255,256,257,-1,257,256,258,-1,257,258,259,-1,259,258,260,-1,259,260,261,-1,261,260,262,-1,261,262,263,-1,263,262,264,-1,263,264,265,-1,265,264,266,-1,265,266,267,-1,267,266,268,-1,268,266,269,-1,268,269,240,-1,240,269,238,-1,241,239,270,-1,270,239,271,-1,270,271,242,-1,242,271,243,-1,271,239,269,-1,269,239,238,-1,271,269,243,-1,243,269,266,-1,243,266,244,-1,250,248,266,-1,266,248,246,-1,266,246,244,-1,264,254,266,-1,266,254,252,-1,266,252,250,-1,264,262,254,-1,254,262,260,-1,254,260,256,-1,256,260,258,-1,
        ]
    }
}
Shape{
    appearance Appearance {
        material  Material 	{
            diffuseColor 1.0 1.0 1.0
            specularColor 0.5019607843137255 0.5019607843137255 0.5019607843137255
            ambientIntensity 1.0
            transparency 0.0
            shininess 0.5
        }
    }
    geometry IndexedFaceSet {
        ccw TRUE
        solid FALSE
        coord DEF co Coordinate {
            point [
                -0.1966 0.3053 0.3268, -0.1966 0.3023 0.3268, -0.1966 0.3053 0.3228, -0.1966 0.3023 0.3228, -0.2072 0.3053 0.3268, -0.2072 0.3053 0.3228, -0.2072 0.3289 0.3268, -0.2072 0.3289 0.3228, -0.2106 0.3289 0.3268, -0.2106 0.3289 0.3228, -0.2106 0.3023 0.3268, -0.2106 0.3023 0.3228, -0.1829 0.3018 0.3228, -0.1805 0.302 0.3228, -0.1829 0.3018 0.3268, -0.1788 0.3022 0.3268, -0.1788 0.3022 0.3228, -0.1759 0.3031 0.3228, -0.1759 0.3031 0.3268, -0.1755 0.3034 0.3228, -0.1755 0.3034 0.3268, -0.1755 0.3067 0.3268, -0.1755 0.3067 0.3228, -0.1781 0.3055 0.3228, -0.1781 0.3055 0.3268, -0.1811 0.3049 0.3228, -0.1811 0.3049 0.3268, -0.1824 0.3049 0.3228, -0.1824 0.3049 0.3268, -0.1851 0.3052 0.3228, -0.1851 0.3052 0.3268, -0.187 0.3059 0.3228, -0.187 0.3059 0.3268, -0.1887 0.3072 0.3228, -0.1887 0.3072 0.3268, -0.1892 0.3077 0.3228, -0.1892 0.3077 0.3268, -0.1905 0.3095 0.3228, -0.1905 0.3095 0.3268, -0.1914 0.3116 0.3228, -0.1914 0.3116 0.3268, -0.1918 0.3143 0.3228, -0.1918 0.3143 0.3268, -0.1918 0.3153 0.3228, -0.1918 0.3153 0.3268, -0.1914 0.319 0.3228, -0.1914 0.319 0.3268, -0.1905 0.3213 0.3228, -0.1905 0.3213 0.3268, -0.189 0.3233 0.3228, -0.189 0.3233 0.3268, -0.1872 0.3248 0.3228, -0.1872 0.3248 0.3268, -0.1851 0.3258 0.3228, -0.1851 0.3258 0.3268, -0.1828 0.3262 0.3228, -0.1828 0.3262 0.3268, -0.1818 0.3263 0.3228, -0.1818 0.3263 0.3268, -0.1785 0.3259 0.3228, -0.1785 0.3259 0.3268, -0.1758 0.3249 0.3228, -0.1758 0.3249 0.3268, -0.1755 0.3247 0.3228, -0.1755 0.3247 0.3268, -0.1755 0.3283 0.3268, -0.1755 0.3283 0.3228, -0.1818 0.3294 0.3228, -0.1818 0.3294 0.3268, -0.1818 0.3294 0.3268, -0.1783 0.3291 0.3228, -0.1783 0.3291 0.3268, -0.179 0.3292 0.3228, -0.1818 0.3294 0.3228, -0.1836 0.3292 0.3228, -0.1857 0.3289 0.3268, -0.1857 0.3289 0.3228, -0.1885 0.3278 0.3228, -0.1885 0.3278 0.3268, -0.191 0.3261 0.3228, -0.191 0.3261 0.3268, -0.1916 0.3255 0.3228, -0.1916 0.3255 0.3268, -0.1935 0.3229 0.3228, -0.1935 0.3229 0.3268, -0.1943 0.3212 0.3228, -0.1948 0.32 0.3268, -0.1948 0.32 0.3228, -0.1954 0.3165 0.3228, -0.1954 0.3165 0.3268, -0.1955 0.3151 0.3228, -0.1955 0.3151 0.3268, -0.195 0.3111 0.3228, -0.195 0.3111 0.3268, -0.1943 0.309 0.3228, -0.194 0.3082 0.3268, -0.194 0.3082 0.3228, -0.1925 0.3059 0.3228, -0.1925 0.3059 0.3268, -0.192 0.3054 0.3228, -0.192 0.3054 0.3268, -0.1845 0.3019 0.3268, -0.1899 0.3037 0.3228, -0.1899 0.3037 0.3268, -0.1874 0.3025 0.3228, -0.1874 0.3025 0.3268, -0.1852 0.302 0.3228, -0.1845 0.3019 0.3228, -0.1558 0.3053 0.3268, -0.1558 0.3023 0.3268, -0.1558 0.3053 0.3228, -0.1558 0.3023 0.3228, -0.1667 0.3053 0.3228, -0.1667 0.3053 0.3268, -0.1595 0.3053 0.3228, -0.1667 0.3143 0.3268, -0.1667 0.3143 0.3228, -0.1571 0.3143 0.3268, -0.1595 0.3143 0.3228, -0.1571 0.3143 0.3228, -0.1571 0.3173 0.3268, -0.1571 0.3173 0.3228, -0.1667 0.3173 0.3228, -0.1667 0.3173 0.3268, -0.1595 0.3173 0.3228, -0.1667 0.3259 0.3268, -0.1667 0.3259 0.3228, -0.1564 0.3259 0.3268, -0.1595 0.3259 0.3228, -0.1564 0.3259 0.3228, -0.1564 0.3289 0.3268, -0.1564 0.3289 0.3228, -0.1701 0.3289 0.3228, -0.1701 0.3289 0.3268, -0.1595 0.3289 0.3228, -0.1701 0.3023 0.3268, -0.1701 0.3023 0.3228, -0.1595 0.3023 0.3228, -0.1342 0.3097 0.3268, -0.1355 0.3081 0.3268, -0.133 0.306 0.3268, -0.136 0.3076 0.3268, -0.1358 0.304 0.3268, -0.1377 0.3065 0.3268, -0.1388 0.3028 0.3268, -0.14 0.3057 0.3268, -0.1434 0.3023 0.3268, -0.1434 0.3053 0.3268, -0.1507 0.3023 0.3268, -0.1473 0.3053 0.3268, -0.1507 0.3289 0.3268, -0.1473 0.3259 0.3268, -0.1431 0.3289 0.3268, -0.1433 0.3259 0.3268, -0.1391 0.3285 0.3268, -0.1398 0.3255 0.3268, -0.1358 0.3273 0.3268, -0.1375 0.3247 0.3268, -0.133 0.3254 0.3268, -0.1356 0.3234 0.3268, -0.1321 0.3245 0.3268, -0.1347 0.3225 0.3268, -0.1305 0.3222 0.3268, -0.1337 0.3209 0.3268, -0.1295 0.3196 0.3268, -0.133 0.3189 0.3268, -0.129 0.3159 0.3268, -0.1326 0.3158 0.3268, -0.1291 0.3142 0.3268, -0.1327 0.3142 0.3268, -0.1297 0.3111 0.3268, -0.1332 0.3117 0.3268, -0.131 0.3084 0.3268, -0.1434 0.3023 0.3228, -0.1507 0.3023 0.3228, -0.133 0.306 0.3228, -0.1388 0.3028 0.3228, -0.1385 0.3029 0.3228, -0.1358 0.304 0.3228, -0.131 0.3084 0.3228, -0.1297 0.3111 0.3228, -0.1291 0.3142 0.3228, -0.129 0.3159 0.3228, -0.1295 0.3196 0.3228, -0.1305 0.3222 0.3228, -0.1321 0.3245 0.3228, -0.133 0.3254 0.3228, -0.1431 0.3289 0.3228, -0.1358 0.3273 0.3228, -0.1385 0.3283 0.3228, -0.1391 0.3285 0.3228, -0.1507 0.3289 0.3228, -0.1433 0.3259 0.3228, -0.1473 0.3259 0.3228, -0.1473 0.3053 0.3228, -0.1434 0.3053 0.3228, -0.1355 0.3081 0.3228, -0.136 0.3076 0.3228, -0.1377 0.3065 0.3228, -0.14 0.3057 0.3228, -0.1326 0.3158 0.3228, -0.1327 0.3142 0.3228, -0.1332 0.3117 0.3228, -0.1342 0.3097 0.3228, -0.1356 0.3234 0.3228, -0.1347 0.3225 0.3228, -0.1337 0.3209 0.3228, -0.133 0.3189 0.3228, -0.1398 0.3255 0.3228, -0.1375 0.3247 0.3228
            ]
        }
        coordIndex [
            0,1,2,-1,2,1,3,-1,4,0,5,-1,5,0,2,-1,6,4,7,-1,7,4,5,-1,8,6,9,-1,9,6,7,-1,10,8,11,-1,11,8,9,-1,1,10,3,-1,3,10,11,-1,6,8,4,-1,4,8,10,-1,4,10,0,-1,0,10,1,-1,12,13,14,-1,14,13,15,-1,13,16,15,-1,15,16,17,-1,15,17,18,-1,18,17,19,-1,18,19,20,-1,21,20,22,-1,22,20,19,-1,21,22,23,-1,21,23,24,-1,24,23,25,-1,24,25,26,-1,26,25,27,-1,26,27,28,-1,28,27,29,-1,28,29,30,-1,30,29,31,-1,30,31,32,-1,32,31,33,-1,32,33,34,-1,34,33,35,-1,34,35,36,-1,36,35,37,-1,36,37,38,-1,38,37,39,-1,38,39,40,-1,40,39,41,-1,40,41,42,-1,42,41,43,-1,42,43,44,-1,44,43,45,-1,44,45,46,-1,46,45,47,-1,46,47,48,-1,48,47,49,-1,48,49,50,-1,50,49,51,-1,50,51,52,-1,52,51,53,-1,52,53,54,-1,54,53,55,-1,54,55,56,-1,56,55,57,-1,56,57,58,-1,58,57,59,-1,58,59,60,-1,60,59,61,-1,60,61,62,-1,62,61,63,-1,62,63,64,-1,65,64,66,-1,66,64,63,-1,67,68,69,-1,65,66,70,-1,65,70,71,-1,71,70,72,-1,71,72,69,-1,69,72,73,-1,69,73,67,-1,68,67,74,-1,68,74,75,-1,74,76,75,-1,75,76,77,-1,75,77,78,-1,78,77,79,-1,78,79,80,-1,80,79,81,-1,80,81,82,-1,82,81,83,-1,82,83,84,-1,84,83,85,-1,84,85,86,-1,85,87,86,-1,86,87,88,-1,86,88,89,-1,89,88,90,-1,89,90,91,-1,91,90,92,-1,91,92,93,-1,93,92,94,-1,93,94,95,-1,94,96,95,-1,95,96,97,-1,95,97,98,-1,98,97,99,-1,98,99,100,-1,12,14,101,-1,100,99,102,-1,100,102,103,-1,103,102,104,-1,103,104,105,-1,105,104,106,-1,105,106,101,-1,101,106,107,-1,101,107,12,-1,62,64,65,-1,52,80,50,-1,50,80,82,-1,50,82,48,-1,48,82,84,-1,48,84,46,-1,62,65,60,-1,60,65,71,-1,60,71,58,-1,58,71,69,-1,58,69,56,-1,56,69,68,-1,56,68,54,-1,54,68,75,-1,54,75,52,-1,52,75,78,-1,52,78,80,-1,20,21,18,-1,18,21,24,-1,18,24,15,-1,15,24,26,-1,15,26,14,-1,14,26,28,-1,14,28,101,-1,101,28,30,-1,101,30,105,-1,105,30,32,-1,105,32,103,-1,103,32,34,-1,103,34,100,-1,100,34,36,-1,100,36,98,-1,98,36,38,-1,98,38,95,-1,91,44,89,-1,89,44,46,-1,89,46,86,-1,86,46,84,-1,95,38,93,-1,93,38,40,-1,93,40,91,-1,91,40,42,-1,91,42,44,-1,108,109,110,-1,110,109,111,-1,112,113,114,-1,114,113,108,-1,114,108,110,-1,115,113,116,-1,116,113,112,-1,115,116,117,-1,117,116,118,-1,117,118,119,-1,120,117,121,-1,121,117,119,-1,122,123,124,-1,124,123,120,-1,124,120,121,-1,125,123,126,-1,126,123,122,-1,125,126,127,-1,127,126,128,-1,127,128,129,-1,130,127,131,-1,131,127,129,-1,132,133,134,-1,134,133,130,-1,134,130,131,-1,135,133,136,-1,136,133,132,-1,135,136,109,-1,109,136,137,-1,109,137,111,-1,135,109,108,-1,108,113,135,-1,135,113,115,-1,135,115,133,-1,127,130,125,-1,125,130,133,-1,125,133,123,-1,123,133,115,-1,123,115,120,-1,120,115,117,-1,138,139,140,-1,140,139,141,-1,140,141,142,-1,142,141,143,-1,142,143,144,-1,144,143,145,-1,144,145,146,-1,146,145,147,-1,146,147,148,-1,148,147,149,-1,148,149,150,-1,150,149,151,-1,150,151,152,-1,152,151,153,-1,152,153,154,-1,154,153,155,-1,154,155,156,-1,156,155,157,-1,156,157,158,-1,158,157,159,-1,158,159,160,-1,160,159,161,-1,160,161,162,-1,162,161,163,-1,162,163,164,-1,164,163,165,-1,164,165,166,-1,166,165,167,-1,166,167,168,-1,168,167,169,-1,168,169,170,-1,170,169,171,-1,170,171,172,-1,172,171,138,-1,172,138,140,-1,146,148,173,-1,173,148,174,-1,175,140,142,-1,146,173,176,-1,146,176,144,-1,144,176,177,-1,144,177,142,-1,142,177,178,-1,142,178,175,-1,140,175,179,-1,140,179,172,-1,172,179,180,-1,172,180,170,-1,170,180,181,-1,170,181,168,-1,168,181,182,-1,168,182,166,-1,166,182,183,-1,166,183,164,-1,164,183,184,-1,164,184,162,-1,162,184,185,-1,162,185,160,-1,160,185,186,-1,160,186,158,-1,187,152,154,-1,158,186,188,-1,158,188,156,-1,156,188,189,-1,156,189,154,-1,154,189,190,-1,154,190,187,-1,150,152,191,-1,191,152,187,-1,148,150,174,-1,174,150,191,-1,153,151,192,-1,192,151,193,-1,151,149,193,-1,193,149,194,-1,149,147,194,-1,194,147,195,-1,139,196,197,-1,139,197,141,-1,141,197,198,-1,141,198,143,-1,143,198,199,-1,143,199,145,-1,145,199,195,-1,145,195,147,-1,167,200,201,-1,167,201,169,-1,169,201,202,-1,169,202,171,-1,171,202,203,-1,171,203,138,-1,138,203,196,-1,138,196,139,-1,159,204,205,-1,159,205,161,-1,161,205,206,-1,161,206,163,-1,163,206,207,-1,163,207,165,-1,165,207,200,-1,165,200,167,-1,153,192,208,-1,153,208,155,-1,155,208,209,-1,155,209,157,-1,157,209,204,-1,157,204,159,-1,
        ]
    }
}
Shape{
    appearance Appearance {
        material  Material 	{
            diffuseColor 0.25098039215686274 0.25098039215686274 0.25098039215686274
            specularColor 0.12549019607843137 0.12549019607843137 0.12549019607843137
            ambientIntensity 0.251
            transparency 0.0
            shininess 0.5
        }
    }
    geometry IndexedFaceSet {
        ccw TRUE
        solid FALSE
        coord DEF co Coordinate {
            point [
                -0.1473 0.3259 0.3228, -0.1473 0.3053 0.3228, -0.1433 0.3259 0.3228, -0.1434 0.3053 0.3228, -0.14 0.3057 0.3228, -0.1377 0.3065 0.3228, -0.136 0.3076 0.3228, -0.1355 0.3081 0.3228, -0.1342 0.3097 0.3228, -0.1332 0.3117 0.3228, -0.1327 0.3142 0.3228, -0.1326 0.3158 0.3228, -0.133 0.3189 0.3228, -0.1337 0.3209 0.3228, -0.1347 0.3225 0.3228, -0.1356 0.3234 0.3228, -0.1398 0.3255 0.3228, -0.1375 0.3247 0.3228
            ]
        }
        coordIndex [
            0,1,2,-1,2,1,3,-1,2,3,4,-1,4,5,2,-1,2,5,6,-1,2,6,7,-1,7,8,2,-1,2,8,9,-1,2,9,10,-1,10,11,2,-1,2,11,12,-1,2,12,13,-1,13,14,2,-1,2,14,15,-1,2,15,16,-1,16,15,17,-1,
        ]
    }
}
Shape{
    appearance Appearance {
        material  Material 	{
            diffuseColor 1.0 1.0 1.0
            specularColor 0.5019607843137255 0.5019607843137255 0.5019607843137255
            ambientIntensity 1.0
            transparency 0.0
            shininess 0.5
        }
    }
    geometry IndexedFaceSet {
        ccw TRUE
        solid FALSE
        coord DEF co Coordinate {
            point [
                -0.1201 0.3126 0.3268, -0.1212 0.3096 0.3268, -0.1111 0.3126 0.3268, -0.11 0.3096 0.3268, -0.1161 0.3237 0.3268, -0.1174 0.3289 0.3268, -0.1275 0.3023 0.3268, -0.1237 0.3023 0.3268, -0.1158 0.3245 0.3268, -0.1156 0.3255 0.3268, -0.1137 0.3289 0.3268, -0.1156 0.3255 0.3268, -0.1153 0.3244 0.3268, -0.1151 0.3237 0.3268, -0.1035 0.3023 0.3268, -0.1073 0.3023 0.3268, -0.1137 0.3289 0.3228, -0.1035 0.3023 0.3228, -0.1174 0.3289 0.3228, -0.1275 0.3023 0.3228, -0.1198 0.3224 0.3228, -0.1237 0.3023 0.3228, -0.1212 0.3096 0.3228, -0.11 0.3096 0.3228, -0.1198 0.3096 0.3228, -0.1073 0.3023 0.3228, -0.1201 0.3126 0.3228, -0.1111 0.3126 0.3228, -0.1151 0.3237 0.3228, -0.1156 0.3255 0.3228, -0.1153 0.3244 0.3228, -0.1156 0.3255 0.3228, -0.1161 0.3237 0.3228, -0.1158 0.3245 0.3228
            ]
        }
        coordIndex [
            0,1,2,-1,2,1,3,-1,4,5,0,-1,0,5,6,-1,0,6,1,-1,1,6,7,-1,4,8,5,-1,5,8,9,-1,5,9,10,-1,10,9,11,-1,10,11,12,-1,12,13,10,-1,10,13,2,-1,10,2,14,-1,14,2,3,-1,14,3,15,-1,10,14,16,-1,16,14,17,-1,5,10,18,-1,18,10,16,-1,19,6,20,-1,20,6,5,-1,20,5,18,-1,7,6,21,-1,21,6,19,-1,1,7,22,-1,22,7,21,-1,23,3,24,-1,24,3,1,-1,24,1,22,-1,15,3,25,-1,25,3,23,-1,14,15,17,-1,17,15,25,-1,0,2,26,-1,26,2,27,-1,2,13,27,-1,27,13,28,-1,11,29,30,-1,11,30,12,-1,12,30,28,-1,12,28,13,-1,11,9,29,-1,29,9,31,-1,4,32,33,-1,4,33,8,-1,8,33,31,-1,8,31,9,-1,4,0,32,-1,32,0,26,-1,
        ]
    }
}
Shape{
    appearance Appearance {
        material  Material 	{
            diffuseColor 0.25098039215686274 0.25098039215686274 0.25098039215686274
            specularColor 0.12549019607843137 0.12549019607843137 0.12549019607843137
            ambientIntensity 0.251
            transparency 0.0
            shininess 0.5
        }
    }
    geometry IndexedFaceSet {
        ccw TRUE
        solid FALSE
        coord DEF co Coordinate {
            point [
                -0.1156 0.3255 0.3228, -0.1156 0.3255 0.3228, -0.1153 0.3244 0.3228, -0.1158 0.3245 0.3228, -0.1151 0.3237 0.3228, -0.1161 0.3237 0.3228, -0.1111 0.3126 0.3228, -0.1201 0.3126 0.3228
            ]
        }
        coordIndex [
            0,1,2,-1,2,1,3,-1,2,3,4,-1,4,3,5,-1,4,5,6,-1,6,5,7,-1,
        ]
    }
}
Shape{
    appearance Appearance {
        material  Material 	{
            diffuseColor 1.0 1.0 1.0
            specularColor 0.5019607843137255 0.5019607843137255 0.5019607843137255
            ambientIntensity 1.0
            transparency 0.0
            shininess 0.5
        }
    }
    geometry IndexedFaceSet {
        ccw TRUE
        solid FALSE
        coord DEF co Coordinate {
            point [
                -0.1963 0.263 0.3268, -0.1963 0.2599 0.3268, -0.1963 0.263 0.3228, -0.1963 0.2599 0.3228, -0.2072 0.263 0.3268, -0.2072 0.263 0.3228, -0.2072 0.2719 0.3268, -0.2072 0.2719 0.3228, -0.1976 0.2719 0.3268, -0.1976 0.2719 0.3228, -0.1976 0.275 0.3268, -0.1976 0.275 0.3228, -0.2072 0.275 0.3268, -0.2072 0.275 0.3228, -0.2072 0.2835 0.3228, -0.2072 0.2835 0.3268, -0.2072 0.283 0.3228, -0.1969 0.2835 0.3268, -0.1969 0.2835 0.3228, -0.1969 0.2866 0.3268, -0.1969 0.2866 0.3228, -0.2106 0.2866 0.3268, -0.2106 0.2866 0.3228, -0.2106 0.2599 0.3228, -0.2106 0.2599 0.3268, -0.2106 0.283 0.3228, -0.1856 0.2689 0.3268, -0.1811 0.2695 0.3268, -0.1778 0.2722 0.3268, -0.1811 0.2599 0.3268, -0.1778 0.2599 0.3268, -0.1811 0.2629 0.3268, -0.1811 0.272 0.3268, -0.1884 0.268 0.3268, -0.1876 0.2684 0.3268, -0.1812 0.2629 0.3268, -0.1829 0.2634 0.3268, -0.1817 0.262 0.3268, -0.1838 0.2628 0.3268, -0.1811 0.2676 0.3268, -0.1813 0.266 0.3268, -0.1818 0.2648 0.3268, -0.1825 0.2638 0.3268, -0.1873 0.2623 0.3268, -0.187 0.2595 0.3268, -0.1862 0.2622 0.3268, -0.1854 0.2596 0.3268, -0.1848 0.2624 0.3268, -0.184 0.2601 0.3268, -0.1828 0.2609 0.3268, -0.1812 0.2735 0.3268, -0.178 0.2748 0.3268, -0.1816 0.2747 0.3268, -0.1786 0.2763 0.3268, -0.1819 0.2754 0.3268, -0.1792 0.2773 0.3268, -0.1825 0.2759 0.3268, -0.1801 0.2782 0.3268, -0.183 0.2763 0.3268, -0.1813 0.2788 0.3268, -0.1838 0.2766 0.3268, -0.1827 0.2792 0.3268, -0.185 0.2767 0.3268, -0.1846 0.2794 0.3268, -0.1868 0.2765 0.3268, -0.1881 0.279 0.3268, -0.1889 0.2758 0.3268, -0.1905 0.278 0.3268, -0.1912 0.2744 0.3268, -0.1912 0.2776 0.3268, -0.189 0.2633 0.3268, -0.1914 0.261 0.3268, -0.1887 0.2631 0.3268, -0.1903 0.2602 0.3268, -0.188 0.2626 0.3268, -0.1891 0.2597 0.3268, -0.1872 0.2595 0.3268, -0.1897 0.2658 0.3268, -0.1931 0.2654 0.3268, -0.1897 0.2653 0.3268, -0.1931 0.265 0.3268, -0.1896 0.2645 0.3268, -0.1929 0.2635 0.3268, -0.1894 0.2639 0.3268, -0.1925 0.2623 0.3268, -0.1918 0.2613 0.3268, -0.1867 0.2712 0.3268, -0.1893 0.2706 0.3268, -0.1888 0.2677 0.3268, -0.1907 0.2699 0.3268, -0.1892 0.2672 0.3268, -0.1917 0.269 0.3268, -0.1895 0.2666 0.3268, -0.1924 0.268 0.3268, -0.1929 0.2669 0.3268, -0.1846 0.2794 0.3228, -0.1881 0.279 0.3228, -0.1905 0.278 0.3228, -0.1912 0.2776 0.3228, -0.1912 0.2744 0.3228, -0.1889 0.2758 0.3228, -0.1868 0.2765 0.3228, -0.185 0.2767 0.3228, -0.1838 0.2766 0.3228, -0.183 0.2763 0.3228, -0.1825 0.2759 0.3228, -0.1819 0.2754 0.3228, -0.1816 0.2747 0.3228, -0.1812 0.2735 0.3228, -0.1811 0.272 0.3228, -0.1867 0.2712 0.3228, -0.1893 0.2706 0.3228, -0.1907 0.2699 0.3228, -0.1917 0.269 0.3228, -0.1924 0.268 0.3228, -0.1929 0.2669 0.3228, -0.1931 0.2654 0.3228, -0.1931 0.265 0.3228, -0.1929 0.2635 0.3228, -0.1925 0.2623 0.3228, -0.1918 0.2613 0.3228, -0.1914 0.261 0.3228, -0.187 0.2595 0.3228, -0.1903 0.2602 0.3228, -0.1891 0.2597 0.3228, -0.1889 0.2597 0.3228, -0.1872 0.2595 0.3228, -0.1854 0.2596 0.3228, -0.1852 0.2597 0.3228, -0.184 0.2601 0.3228, -0.1828 0.2609 0.3228, -0.1817 0.262 0.3228, -0.1812 0.2629 0.3228, -0.1811 0.2629 0.3228, -0.1811 0.2599 0.3228, -0.1778 0.2599 0.3228, -0.1778 0.2722 0.3228, -0.178 0.2748 0.3228, -0.1786 0.2763 0.3228, -0.1792 0.2773 0.3228, -0.1801 0.2782 0.3228, -0.1813 0.2788 0.3228, -0.1827 0.2792 0.3228, -0.1888 0.2677 0.3228, -0.1884 0.268 0.3228, -0.1876 0.2684 0.3228, -0.1856 0.2689 0.3228, -0.1897 0.2653 0.3228, -0.1897 0.2658 0.3228, -0.1895 0.2666 0.3228, -0.1892 0.2672 0.3228, -0.1887 0.2631 0.3228, -0.189 0.2633 0.3228, -0.1894 0.2639 0.3228, -0.1896 0.2645 0.3228, -0.1862 0.2622 0.3228, -0.1873 0.2623 0.3228, -0.188 0.2626 0.3228, -0.1825 0.2638 0.3228, -0.1829 0.2634 0.3228, -0.1838 0.2628 0.3228, -0.1848 0.2624 0.3228, -0.1811 0.2676 0.3228, -0.1813 0.266 0.3228, -0.1818 0.2648 0.3228, -0.1811 0.2695 0.3228
            ]
        }
        coordIndex [
            0,1,2,-1,2,1,3,-1,4,0,5,-1,5,0,2,-1,6,4,7,-1,7,4,5,-1,8,6,9,-1,9,6,7,-1,10,8,11,-1,11,8,9,-1,12,10,13,-1,13,10,11,-1,14,15,16,-1,16,15,12,-1,16,12,13,-1,17,15,18,-1,18,15,14,-1,19,17,20,-1,20,17,18,-1,21,19,22,-1,22,19,20,-1,23,24,25,-1,25,24,21,-1,25,21,22,-1,1,24,3,-1,3,24,23,-1,24,1,0,-1,0,4,24,-1,24,4,6,-1,24,6,21,-1,17,19,15,-1,15,19,21,-1,15,21,12,-1,12,21,6,-1,12,6,10,-1,10,6,8,-1,26,27,28,-1,29,30,31,-1,31,30,28,-1,32,33,34,-1,35,36,37,-1,37,36,38,-1,27,39,28,-1,28,39,40,-1,28,40,31,-1,31,40,41,-1,31,41,35,-1,35,41,42,-1,35,42,36,-1,43,44,45,-1,45,44,46,-1,45,46,47,-1,47,46,48,-1,47,48,38,-1,38,48,49,-1,38,49,37,-1,34,26,32,-1,32,26,28,-1,32,28,50,-1,50,28,51,-1,50,51,52,-1,52,51,53,-1,52,53,54,-1,54,53,55,-1,54,55,56,-1,56,55,57,-1,56,57,58,-1,58,57,59,-1,58,59,60,-1,60,59,61,-1,60,61,62,-1,62,61,63,-1,62,63,64,-1,64,63,65,-1,64,65,66,-1,66,65,67,-1,66,67,68,-1,68,67,69,-1,70,71,72,-1,72,71,73,-1,72,73,74,-1,74,73,75,-1,74,75,43,-1,43,75,76,-1,43,76,44,-1,77,78,79,-1,79,78,80,-1,79,80,81,-1,81,80,82,-1,81,82,83,-1,83,82,84,-1,83,84,70,-1,70,84,85,-1,70,85,71,-1,32,86,33,-1,33,86,87,-1,33,87,88,-1,88,87,89,-1,88,89,90,-1,90,89,91,-1,90,91,92,-1,92,91,93,-1,92,93,77,-1,77,93,94,-1,77,94,78,-1,63,95,96,-1,63,96,65,-1,65,96,97,-1,65,97,67,-1,67,97,98,-1,67,98,69,-1,68,69,99,-1,99,69,98,-1,68,99,100,-1,68,100,66,-1,66,100,101,-1,66,101,64,-1,64,101,102,-1,64,102,62,-1,62,102,103,-1,62,103,60,-1,60,103,104,-1,60,104,58,-1,58,104,105,-1,58,105,56,-1,56,105,106,-1,56,106,54,-1,54,106,107,-1,54,107,52,-1,52,107,108,-1,52,108,50,-1,50,108,109,-1,50,109,32,-1,86,32,110,-1,110,32,109,-1,86,110,111,-1,86,111,87,-1,87,111,112,-1,87,112,89,-1,89,112,113,-1,89,113,91,-1,91,113,114,-1,91,114,93,-1,93,114,115,-1,93,115,94,-1,94,115,116,-1,94,116,78,-1,78,116,117,-1,78,117,80,-1,80,117,118,-1,80,118,82,-1,82,118,119,-1,82,119,84,-1,84,119,120,-1,84,120,85,-1,85,120,121,-1,85,121,71,-1,122,44,76,-1,71,121,123,-1,71,123,73,-1,73,123,124,-1,73,124,75,-1,75,124,125,-1,75,125,76,-1,76,125,126,-1,76,126,122,-1,44,122,127,-1,44,127,46,-1,46,127,128,-1,46,128,48,-1,128,129,48,-1,48,129,130,-1,48,130,49,-1,49,130,131,-1,49,131,37,-1,37,131,132,-1,37,132,35,-1,31,35,133,-1,133,35,132,-1,29,31,134,-1,134,31,133,-1,30,29,135,-1,135,29,134,-1,28,30,136,-1,136,30,135,-1,28,136,137,-1,28,137,51,-1,51,137,138,-1,51,138,53,-1,53,138,139,-1,53,139,55,-1,55,139,140,-1,55,140,57,-1,57,140,141,-1,57,141,59,-1,59,141,142,-1,59,142,61,-1,61,142,95,-1,61,95,63,-1,88,143,144,-1,88,144,33,-1,33,144,145,-1,33,145,34,-1,34,145,146,-1,34,146,26,-1,79,147,148,-1,79,148,77,-1,77,148,149,-1,77,149,92,-1,92,149,150,-1,92,150,90,-1,90,150,143,-1,90,143,88,-1,72,151,152,-1,72,152,70,-1,70,152,153,-1,70,153,83,-1,83,153,154,-1,83,154,81,-1,81,154,147,-1,81,147,79,-1,45,155,156,-1,45,156,43,-1,43,156,157,-1,43,157,74,-1,74,157,151,-1,74,151,72,-1,42,158,159,-1,42,159,36,-1,36,159,160,-1,36,160,38,-1,38,160,161,-1,38,161,47,-1,47,161,155,-1,47,155,45,-1,39,162,163,-1,39,163,40,-1,40,163,164,-1,40,164,41,-1,41,164,158,-1,41,158,42,-1,39,27,162,-1,162,27,165,-1,27,26,165,-1,165,26,146,-1,
        ]
    }
}
Shape{
    appearance Appearance {
        material  Material 	{
            diffuseColor 0.25098039215686274 0.25098039215686274 0.25098039215686274
            specularColor 0.12549019607843137 0.12549019607843137 0.12549019607843137
            ambientIntensity 0.251
            transparency 0.0
            shininess 0.5
        }
    }
    geometry IndexedFaceSet {
        ccw TRUE
        solid FALSE
        coord DEF co Coordinate {
            point [
                -0.1811 0.2676 0.3228, -0.1811 0.2695 0.3228, -0.1856 0.2689 0.3228, -0.1829 0.2634 0.3228, -0.1825 0.2638 0.3228, -0.1876 0.2684 0.3228, -0.1884 0.268 0.3228, -0.1848 0.2624 0.3228, -0.1838 0.2628 0.3228, -0.1818 0.2648 0.3228, -0.1813 0.266 0.3228, -0.1888 0.2677 0.3228, -0.1892 0.2672 0.3228, -0.1895 0.2666 0.3228, -0.1897 0.2658 0.3228, -0.1897 0.2653 0.3228, -0.1896 0.2645 0.3228, -0.188 0.2626 0.3228, -0.1873 0.2623 0.3228, -0.1887 0.2631 0.3228, -0.1862 0.2622 0.3228, -0.1894 0.2639 0.3228, -0.189 0.2633 0.3228
            ]
        }
        coordIndex [
            0,1,2,-1,3,4,2,-1,5,6,7,-1,5,7,2,-1,2,7,8,-1,2,8,3,-1,4,9,2,-1,2,9,10,-1,2,10,0,-1,6,11,7,-1,7,11,12,-1,7,12,13,-1,13,14,7,-1,7,14,15,-1,7,15,16,-1,17,18,19,-1,19,18,20,-1,19,20,7,-1,16,21,7,-1,7,21,22,-1,7,22,19,-1,
        ]
    }
}
Shape{
    appearance Appearance {
        material  Material 	{
            diffuseColor 1.0 1.0 1.0
            specularColor 0.5019607843137255 0.5019607843137255 0.5019607843137255
            ambientIntensity 1.0
            transparency 0.0
            shininess 0.5
        }
    }
    geometry IndexedFaceSet {
        ccw TRUE
        solid FALSE
        coord DEF co Coordinate {
            point [
                -0.1732 0.264 0.3228, -0.1732 0.264 0.3268, -0.172 0.2633 0.3268, -0.1677 0.2622 0.3268, -0.1677 0.2622 0.3228, -0.1699 0.2625 0.3228, -0.1699 0.2625 0.3268, -0.1717 0.2631 0.3228, -0.172 0.2633 0.3228, -0.1732 0.2606 0.3268, -0.1732 0.2606 0.3228, -0.1717 0.26 0.3228, -0.1709 0.2598 0.3268, -0.1681 0.2595 0.3228, -0.1681 0.2595 0.3268, -0.1702 0.2597 0.3228, -0.1709 0.2598 0.3228, -0.1662 0.2597 0.3228, -0.165 0.2598 0.3268, -0.165 0.2598 0.3228, -0.1633 0.2605 0.3228, -0.1633 0.2605 0.3268, -0.1625 0.261 0.3228, -0.1625 0.261 0.3268, -0.1615 0.2619 0.3228, -0.1615 0.2619 0.3268, -0.1609 0.2628 0.3228, -0.1609 0.2628 0.3268, -0.1605 0.2639 0.3228, -0.1605 0.2639 0.3268, -0.1604 0.2651 0.3228, -0.1604 0.2651 0.3268, -0.1605 0.2665 0.3228, -0.1605 0.2665 0.3268, -0.1609 0.2674 0.3228, -0.1609 0.2674 0.3268, -0.1615 0.2682 0.3228, -0.1615 0.2682 0.3268, -0.1623 0.269 0.3228, -0.1623 0.269 0.3268, -0.1645 0.2702 0.3228, -0.1645 0.2702 0.3268, -0.1658 0.2707 0.3228, -0.1658 0.2707 0.3268, -0.1679 0.2716 0.3228, -0.1679 0.2716 0.3268, -0.169 0.2724 0.3228, -0.169 0.2724 0.3268, -0.1694 0.2727 0.3228, -0.1694 0.2727 0.3268, -0.1696 0.2732 0.3228, -0.1696 0.2732 0.3268, -0.1697 0.2737 0.3228, -0.1697 0.2737 0.3268, -0.1698 0.2741 0.3228, -0.1698 0.2741 0.3268, -0.1697 0.2747 0.3228, -0.1697 0.2747 0.3268, -0.1695 0.2751 0.3228, -0.1695 0.2751 0.3268, -0.1693 0.2755 0.3228, -0.1693 0.2755 0.3268, -0.1687 0.276 0.3228, -0.1687 0.276 0.3268, -0.168 0.2764 0.3228, -0.168 0.2764 0.3268, -0.1671 0.2766 0.3228, -0.1671 0.2766 0.3268, -0.1661 0.2767 0.3228, -0.1661 0.2767 0.3268, -0.1638 0.2764 0.3228, -0.1638 0.2764 0.3268, -0.1619 0.2757 0.3228, -0.1619 0.2757 0.3268, -0.1613 0.2753 0.3228, -0.1613 0.2753 0.3268, -0.1613 0.2786 0.3268, -0.1613 0.2786 0.3228, -0.1634 0.2792 0.3228, -0.1634 0.2792 0.3268, -0.1658 0.2794 0.3228, -0.1658 0.2794 0.3268, -0.1685 0.2791 0.3228, -0.1685 0.2791 0.3268, -0.1703 0.2784 0.3228, -0.1703 0.2784 0.3268, -0.1711 0.2779 0.3228, -0.1711 0.2779 0.3268, -0.1717 0.2773 0.3228, -0.1721 0.2769 0.3268, -0.1721 0.2769 0.3228, -0.1727 0.276 0.3228, -0.1727 0.276 0.3268, -0.1731 0.2749 0.3228, -0.1731 0.2749 0.3268, -0.1732 0.2738 0.3228, -0.1732 0.2738 0.3268, -0.173 0.2724 0.3228, -0.173 0.2724 0.3268, -0.1726 0.2714 0.3228, -0.1726 0.2714 0.3268, -0.1723 0.2708 0.3228, -0.1723 0.2708 0.3268, -0.1681 0.2683 0.3228, -0.1681 0.2683 0.3268, -0.1701 0.2692 0.3268, -0.1717 0.2702 0.3228, -0.1717 0.2702 0.3268, -0.1717 0.2702 0.3228, -0.1701 0.2692 0.3228, -0.166 0.2674 0.3228, -0.166 0.2674 0.3268, -0.1646 0.2666 0.3228, -0.1646 0.2666 0.3268, -0.1642 0.2662 0.3228, -0.1642 0.2662 0.3268, -0.164 0.2657 0.3228, -0.164 0.2657 0.3268, -0.1638 0.2652 0.3228, -0.1638 0.2652 0.3268, -0.1638 0.2648 0.3228, -0.1638 0.2648 0.3268, -0.1639 0.2641 0.3228, -0.1639 0.2641 0.3268, -0.164 0.2637 0.3228, -0.164 0.2637 0.3268, -0.1643 0.2632 0.3228, -0.1643 0.2632 0.3268, -0.1647 0.2629 0.3228, -0.1647 0.2629 0.3268, -0.165 0.2627 0.3228, -0.165 0.2627 0.3268, -0.1659 0.2624 0.3228, -0.1659 0.2624 0.3268, -0.1676 0.2622 0.3228, -0.1676 0.2622 0.3268, -0.1438 0.279 0.3268, -0.1403 0.279 0.3268, -0.1438 0.279 0.3228, -0.1403 0.279 0.3228, -0.149 0.2646 0.3268, -0.149 0.2646 0.3228, -0.1492 0.2637 0.3228, -0.1492 0.2637 0.3268, -0.1494 0.2631 0.3228, -0.1494 0.2631 0.3268, -0.1495 0.2631 0.3268, -0.1495 0.2631 0.3228, -0.1499 0.2646 0.3268, -0.1499 0.2646 0.3228, -0.1549 0.279 0.3268, -0.1533 0.2743 0.3228, -0.1549 0.279 0.3228, -0.1586 0.279 0.3268, -0.1586 0.279 0.3228, -0.1511 0.26 0.3268, -0.1533 0.2654 0.3228, -0.1511 0.26 0.3228, -0.1526 0.2565 0.3228, -0.1526 0.2565 0.3268, -0.1512 0.2597 0.3228, -0.1533 0.2553 0.3228, -0.1533 0.2552 0.3268, -0.1533 0.2552 0.3228, -0.154 0.2545 0.3228, -0.154 0.2545 0.3268, -0.1547 0.2541 0.3228, -0.1547 0.2541 0.3268, -0.1554 0.2539 0.3228, -0.1554 0.2539 0.3268, -0.156 0.2538 0.3228, -0.156 0.2538 0.3268, -0.1572 0.254 0.3228, -0.1572 0.254 0.3268, -0.1579 0.2542 0.3228, -0.1579 0.2542 0.3268, -0.1579 0.2512 0.3268, -0.1579 0.2512 0.3228, -0.1565 0.251 0.3228, -0.1565 0.251 0.3268, -0.1558 0.2509 0.3228, -0.1558 0.2509 0.3268, -0.1544 0.2511 0.3228, -0.1544 0.2511 0.3268, -0.1533 0.2515 0.3228, -0.153 0.2516 0.3268, -0.153 0.2516 0.3228, -0.1519 0.2525 0.3228, -0.1519 0.2525 0.3268, -0.1519 0.2525 0.3228, -0.1519 0.2525 0.3268, -0.1506 0.2539 0.3228, -0.1506 0.2539 0.3268, -0.149 0.2569 0.3228, -0.149 0.2569 0.3268, -0.149 0.257 0.3228, -0.149 0.257 0.3268, -0.1479 0.2597 0.3228, -0.1224 0.263 0.3268, -0.1224 0.2599 0.3268, -0.1224 0.263 0.3228, -0.1224 0.2599 0.3228, -0.1333 0.263 0.3268, -0.1283 0.263 0.3228, -0.1333 0.263 0.3228, -0.1333 0.2719 0.3268, -0.1333 0.2719 0.3228, -0.1237 0.2719 0.3268, -0.1283 0.2719 0.3228, -0.1237 0.2719 0.3228, -0.1237 0.275 0.3268, -0.1237 0.275 0.3228, -0.1333 0.275 0.3228, -0.1333 0.275 0.3268, -0.1283 0.275 0.3228, -0.1333 0.2835 0.3228, -0.1333 0.2835 0.3268, -0.1333 0.283 0.3228, -0.123 0.2835 0.3228, -0.123 0.2835 0.3268, -0.1283 0.2835 0.3228, -0.123 0.2866 0.3268, -0.123 0.2866 0.3228, -0.1367 0.2866 0.3228, -0.1367 0.2866 0.3268, -0.1283 0.2866 0.3228, -0.1367 0.2599 0.3228, -0.1367 0.2599 0.3268, -0.1367 0.283 0.3228, -0.1283 0.2599 0.3228, -0.1007 0.2674 0.3268, -0.1021 0.2657 0.3268, -0.0996 0.2637 0.3268, -0.1026 0.2653 0.3268, -0.1024 0.2617 0.3268, -0.1043 0.2641 0.3268, -0.1054 0.2605 0.3268, -0.1066 0.2633 0.3268, -0.11 0.2599 0.3268, -0.11 0.263 0.3268, -0.1173 0.2599 0.3268, -0.1139 0.263 0.3268, -0.1173 0.2866 0.3268, -0.1139 0.2835 0.3268, -0.1097 0.2866 0.3268, -0.1098 0.2835 0.3268, -0.1056 0.2862 0.3268, -0.1064 0.2832 0.3268, -0.1024 0.285 0.3268, -0.1041 0.2823 0.3268, -0.0996 0.2831 0.3268, -0.1021 0.281 0.3268, -0.0987 0.2822 0.3268, -0.1013 0.2801 0.3268, -0.097 0.2798 0.3268, -0.1003 0.2786 0.3268, -0.096 0.2773 0.3268, -0.0995 0.2766 0.3268, -0.0956 0.2736 0.3268, -0.0992 0.2735 0.3268, -0.0957 0.2719 0.3268, -0.0993 0.2718 0.3268, -0.0963 0.2688 0.3268, -0.0998 0.2694 0.3268, -0.0976 0.266 0.3268, -0.11 0.2599 0.3228, -0.1173 0.2599 0.3228, -0.1054 0.2605 0.3228, -0.1024 0.2617 0.3228, -0.0996 0.2637 0.3228, -0.0976 0.266 0.3228, -0.0963 0.2688 0.3228, -0.0957 0.2719 0.3228, -0.0956 0.2736 0.3228, -0.0996 0.2831 0.3228, -0.0995 0.283 0.3228, -0.0987 0.2822 0.3228, -0.097 0.2798 0.3228, -0.096 0.2773 0.3228, -0.1024 0.285 0.3228, -0.1056 0.2862 0.3228, -0.1097 0.2866 0.3228, -0.1173 0.2866 0.3228, -0.1173 0.283 0.3228, -0.1098 0.2835 0.3228, -0.1139 0.2835 0.3228, -0.1139 0.263 0.3228, -0.11 0.263 0.3228, -0.1021 0.2657 0.3228, -0.1026 0.2653 0.3228, -0.1043 0.2641 0.3228, -0.1066 0.2633 0.3228, -0.0992 0.2735 0.3228, -0.0993 0.2718 0.3228, -0.0998 0.2694 0.3228, -0.1007 0.2674 0.3228, -0.1021 0.281 0.3228, -0.1013 0.2801 0.3228, -0.1003 0.2786 0.3228, -0.0995 0.2766 0.3228, -0.1064 0.2832 0.3228, -0.1041 0.2823 0.3228
            ]
        }
        coordIndex [
            0,1,2,-1,3,4,5,-1,3,5,6,-1,6,5,7,-1,6,7,2,-1,2,7,8,-1,2,8,0,-1,9,1,10,-1,10,1,0,-1,10,11,9,-1,9,11,12,-1,13,14,15,-1,15,14,12,-1,15,12,16,-1,16,12,11,-1,13,17,14,-1,14,17,18,-1,17,19,18,-1,18,19,20,-1,18,20,21,-1,21,20,22,-1,21,22,23,-1,23,22,24,-1,23,24,25,-1,25,24,26,-1,25,26,27,-1,27,26,28,-1,27,28,29,-1,29,28,30,-1,29,30,31,-1,31,30,32,-1,31,32,33,-1,33,32,34,-1,33,34,35,-1,35,34,36,-1,35,36,37,-1,37,36,38,-1,37,38,39,-1,39,38,40,-1,39,40,41,-1,41,40,42,-1,41,42,43,-1,43,42,44,-1,43,44,45,-1,45,44,46,-1,45,46,47,-1,47,46,48,-1,47,48,49,-1,49,48,50,-1,49,50,51,-1,51,50,52,-1,51,52,53,-1,53,52,54,-1,53,54,55,-1,55,54,56,-1,55,56,57,-1,57,56,58,-1,57,58,59,-1,59,58,60,-1,59,60,61,-1,61,60,62,-1,61,62,63,-1,63,62,64,-1,63,64,65,-1,65,64,66,-1,65,66,67,-1,67,66,68,-1,67,68,69,-1,69,68,70,-1,69,70,71,-1,71,70,72,-1,71,72,73,-1,73,72,74,-1,73,74,75,-1,76,75,77,-1,77,75,74,-1,76,77,78,-1,76,78,79,-1,79,78,80,-1,79,80,81,-1,81,80,82,-1,81,82,83,-1,83,82,84,-1,83,84,85,-1,85,84,86,-1,85,86,87,-1,86,88,87,-1,87,88,89,-1,88,90,89,-1,89,90,91,-1,89,91,92,-1,92,91,93,-1,92,93,94,-1,94,93,95,-1,94,95,96,-1,96,95,97,-1,96,97,98,-1,98,97,99,-1,98,99,100,-1,100,99,101,-1,100,101,102,-1,103,104,105,-1,102,101,106,-1,102,106,107,-1,107,106,108,-1,107,108,105,-1,105,108,109,-1,105,109,103,-1,104,103,110,-1,104,110,111,-1,111,110,112,-1,111,112,113,-1,113,112,114,-1,113,114,115,-1,115,114,116,-1,115,116,117,-1,117,116,118,-1,117,118,119,-1,119,118,120,-1,119,120,121,-1,121,120,122,-1,121,122,123,-1,123,122,124,-1,123,124,125,-1,125,124,126,-1,125,126,127,-1,127,126,128,-1,127,128,129,-1,129,128,130,-1,129,130,131,-1,131,130,132,-1,131,132,133,-1,133,132,134,-1,133,134,135,-1,135,134,4,-1,135,4,3,-1,59,61,87,-1,87,61,85,-1,85,61,63,-1,85,63,83,-1,125,25,27,-1,111,43,104,-1,104,43,45,-1,125,27,123,-1,123,27,29,-1,123,29,121,-1,121,29,31,-1,121,31,119,-1,119,31,33,-1,119,33,117,-1,117,33,35,-1,117,35,115,-1,115,35,37,-1,115,37,113,-1,113,37,39,-1,113,39,111,-1,111,39,41,-1,111,41,43,-1,25,125,23,-1,23,125,127,-1,23,127,21,-1,14,3,12,-1,12,3,6,-1,12,6,9,-1,9,6,2,-1,9,2,1,-1,63,65,83,-1,83,65,67,-1,83,67,81,-1,81,67,69,-1,81,69,79,-1,79,69,71,-1,79,71,76,-1,76,71,73,-1,76,73,75,-1,127,129,21,-1,21,129,131,-1,21,131,18,-1,18,131,133,-1,18,133,14,-1,14,133,135,-1,14,135,3,-1,87,89,59,-1,59,89,92,-1,59,92,57,-1,57,92,94,-1,57,94,55,-1,55,94,96,-1,55,96,53,-1,53,96,98,-1,53,98,51,-1,51,98,100,-1,51,100,49,-1,49,100,102,-1,49,102,47,-1,47,102,107,-1,47,107,45,-1,45,107,105,-1,45,105,104,-1,136,137,138,-1,138,137,139,-1,140,136,141,-1,141,136,138,-1,140,141,142,-1,140,142,143,-1,143,142,144,-1,143,144,145,-1,146,145,147,-1,147,145,144,-1,148,146,149,-1,149,146,147,-1,148,149,150,-1,150,149,151,-1,150,151,152,-1,153,150,154,-1,154,150,152,-1,153,154,155,-1,155,154,156,-1,155,156,157,-1,158,159,160,-1,160,159,155,-1,160,155,157,-1,158,161,159,-1,159,161,162,-1,161,163,162,-1,162,163,164,-1,162,164,165,-1,165,164,166,-1,165,166,167,-1,167,166,168,-1,167,168,169,-1,169,168,170,-1,169,170,171,-1,171,170,172,-1,171,172,173,-1,173,172,174,-1,173,174,175,-1,176,175,177,-1,177,175,174,-1,176,177,178,-1,176,178,179,-1,179,178,180,-1,179,180,181,-1,181,180,182,-1,181,182,183,-1,183,182,184,-1,183,184,185,-1,184,186,185,-1,185,186,187,-1,185,187,188,-1,188,187,189,-1,188,189,190,-1,190,189,191,-1,190,191,192,-1,192,191,193,-1,192,193,194,-1,194,193,195,-1,194,195,196,-1,139,137,197,-1,197,137,196,-1,197,196,195,-1,143,145,196,-1,137,136,196,-1,196,136,140,-1,196,140,143,-1,150,153,148,-1,148,153,155,-1,148,155,146,-1,145,146,196,-1,196,146,155,-1,196,155,194,-1,194,155,159,-1,194,159,192,-1,192,159,162,-1,192,162,190,-1,190,162,165,-1,175,176,173,-1,173,176,179,-1,173,179,171,-1,171,179,181,-1,171,181,169,-1,169,181,183,-1,169,183,167,-1,167,183,185,-1,167,185,165,-1,165,185,188,-1,165,188,190,-1,198,199,200,-1,200,199,201,-1,198,200,202,-1,202,200,203,-1,202,203,204,-1,205,202,206,-1,206,202,204,-1,205,206,207,-1,207,206,208,-1,207,208,209,-1,210,207,211,-1,211,207,209,-1,212,213,214,-1,214,213,210,-1,214,210,211,-1,215,216,217,-1,217,216,213,-1,217,213,212,-1,218,219,220,-1,220,219,216,-1,220,216,215,-1,221,219,222,-1,222,219,218,-1,223,224,225,-1,225,224,221,-1,225,221,222,-1,226,227,228,-1,228,227,224,-1,228,224,223,-1,227,226,199,-1,199,226,229,-1,199,229,201,-1,227,199,198,-1,198,202,227,-1,227,202,205,-1,227,205,224,-1,219,221,216,-1,216,221,224,-1,216,224,213,-1,213,224,205,-1,213,205,210,-1,210,205,207,-1,230,231,232,-1,232,231,233,-1,232,233,234,-1,234,233,235,-1,234,235,236,-1,236,235,237,-1,236,237,238,-1,238,237,239,-1,238,239,240,-1,240,239,241,-1,240,241,242,-1,242,241,243,-1,242,243,244,-1,244,243,245,-1,244,245,246,-1,246,245,247,-1,246,247,248,-1,248,247,249,-1,248,249,250,-1,250,249,251,-1,250,251,252,-1,252,251,253,-1,252,253,254,-1,254,253,255,-1,254,255,256,-1,256,255,257,-1,256,257,258,-1,258,257,259,-1,258,259,260,-1,260,259,261,-1,260,261,262,-1,262,261,263,-1,262,263,264,-1,264,263,230,-1,264,230,232,-1,238,240,265,-1,265,240,266,-1,238,265,267,-1,238,267,236,-1,236,267,268,-1,236,268,234,-1,234,268,269,-1,234,269,232,-1,232,269,270,-1,232,270,264,-1,264,270,271,-1,264,271,262,-1,262,271,272,-1,262,272,260,-1,260,272,273,-1,260,273,258,-1,274,250,275,-1,275,250,252,-1,275,252,276,-1,276,252,254,-1,276,254,277,-1,277,254,256,-1,277,256,278,-1,278,256,258,-1,278,258,273,-1,250,274,279,-1,250,279,248,-1,248,279,280,-1,248,280,246,-1,246,280,281,-1,246,281,244,-1,242,244,282,-1,282,244,281,-1,266,240,283,-1,283,240,242,-1,283,242,282,-1,245,243,284,-1,284,243,285,-1,243,241,285,-1,285,241,286,-1,241,239,286,-1,286,239,287,-1,231,288,289,-1,231,289,233,-1,233,289,290,-1,233,290,235,-1,235,290,291,-1,235,291,237,-1,237,291,287,-1,237,287,239,-1,259,292,293,-1,259,293,261,-1,261,293,294,-1,261,294,263,-1,263,294,295,-1,263,295,230,-1,230,295,288,-1,230,288,231,-1,251,296,297,-1,251,297,253,-1,253,297,298,-1,253,298,255,-1,255,298,299,-1,255,299,257,-1,257,299,292,-1,257,292,259,-1,245,284,300,-1,245,300,247,-1,247,300,301,-1,247,301,249,-1,249,301,296,-1,249,296,251,-1,
        ]
    }
}
Shape{
    appearance Appearance {
        material  Material 	{
            diffuseColor 0.25098039215686274 0.25098039215686274 0.25098039215686274
            specularColor 0.12549019607843137 0.12549019607843137 0.12549019607843137
            ambientIntensity 0.251
            transparency 0.0
            shininess 0.5
        }
    }
    geometry IndexedFaceSet {
        ccw TRUE
        solid FALSE
        coord DEF co Coordinate {
            point [
                -0.1139 0.2835 0.3228, -0.1139 0.263 0.3228, -0.1098 0.2835 0.3228, -0.11 0.263 0.3228, -0.1066 0.2633 0.3228, -0.1043 0.2641 0.3228, -0.1026 0.2653 0.3228, -0.1021 0.2657 0.3228, -0.1007 0.2674 0.3228, -0.0998 0.2694 0.3228, -0.0993 0.2718 0.3228, -0.0992 0.2735 0.3228, -0.0995 0.2766 0.3228, -0.1003 0.2786 0.3228, -0.1013 0.2801 0.3228, -0.1021 0.281 0.3228, -0.1064 0.2832 0.3228, -0.1041 0.2823 0.3228
            ]
        }
        coordIndex [
            0,1,2,-1,2,1,3,-1,2,3,4,-1,4,5,2,-1,2,5,6,-1,2,6,7,-1,7,8,2,-1,2,8,9,-1,2,9,10,-1,10,11,2,-1,2,11,12,-1,2,12,13,-1,13,14,2,-1,2,14,15,-1,2,15,16,-1,16,15,17,-1,
        ]
    }
}
Shape{
    appearance Appearance {
        material  Material 	{
            diffuseColor 1.0 1.0 1.0
            specularColor 0.5019607843137255 0.5019607843137255 0.5019607843137255
            ambientIntensity 1.0
            transparency 0.0
            shininess 0.5
        }
    }
    geometry IndexedFaceSet {
        ccw TRUE
        solid FALSE
        coord DEF co Coordinate {
            point [
                -0.0866 0.2702 0.3268, -0.0877 0.2672 0.3268, -0.0777 0.2702 0.3268, -0.0766 0.2672 0.3268, -0.0827 0.2813 0.3268, -0.0839 0.2866 0.3268, -0.0941 0.2599 0.3268, -0.0903 0.2599 0.3268, -0.0824 0.2821 0.3268, -0.0822 0.2832 0.3268, -0.0803 0.2866 0.3268, -0.0821 0.2832 0.3268, -0.0819 0.2821 0.3268, -0.0817 0.2813 0.3268, -0.0701 0.2599 0.3268, -0.0739 0.2599 0.3268, -0.0701 0.2599 0.3228, -0.0789 0.283 0.3228, -0.0803 0.2866 0.3228, -0.0839 0.2866 0.3228, -0.0941 0.2599 0.3228, -0.0853 0.283 0.3228, -0.0903 0.2599 0.3228, -0.0877 0.2672 0.3228, -0.0766 0.2672 0.3228, -0.0739 0.2599 0.3228, -0.0866 0.2702 0.3228, -0.0777 0.2702 0.3228, -0.0817 0.2813 0.3228, -0.0821 0.2832 0.3228, -0.0819 0.2821 0.3228, -0.0822 0.2832 0.3228, -0.0827 0.2813 0.3228, -0.0824 0.2821 0.3228
            ]
        }
        coordIndex [
            0,1,2,-1,2,1,3,-1,4,5,0,-1,0,5,6,-1,0,6,1,-1,1,6,7,-1,4,8,5,-1,5,8,9,-1,5,9,10,-1,10,9,11,-1,10,11,12,-1,12,13,10,-1,10,13,2,-1,10,2,14,-1,14,2,3,-1,14,3,15,-1,14,16,10,-1,10,16,17,-1,10,17,18,-1,5,10,19,-1,19,10,18,-1,20,6,21,-1,21,6,5,-1,21,5,19,-1,7,6,22,-1,22,6,20,-1,1,7,23,-1,23,7,22,-1,3,1,24,-1,24,1,23,-1,15,3,25,-1,25,3,24,-1,14,15,16,-1,16,15,25,-1,0,2,26,-1,26,2,27,-1,2,13,27,-1,27,13,28,-1,11,29,30,-1,11,30,12,-1,12,30,28,-1,12,28,13,-1,11,9,29,-1,29,9,31,-1,4,32,33,-1,4,33,8,-1,8,33,31,-1,8,31,9,-1,4,0,32,-1,32,0,26,-1,
        ]
    }
}
Shape{
    appearance Appearance {
        material  Material 	{
            diffuseColor 0.25098039215686274 0.25098039215686274 0.25098039215686274
            specularColor 0.12549019607843137 0.12549019607843137 0.12549019607843137
            ambientIntensity 0.251
            transparency 0.0
            shininess 0.5
        }
    }
    geometry IndexedFaceSet {
        ccw TRUE
        solid FALSE
        coord DEF co Coordinate {
            point [
                -0.0821 0.2832 0.3228, -0.0822 0.2832 0.3228, -0.0819 0.2821 0.3228, -0.0824 0.2821 0.3228, -0.0817 0.2813 0.3228, -0.0827 0.2813 0.3228, -0.0777 0.2702 0.3228, -0.0866 0.2702 0.3228
            ]
        }
        coordIndex [
            0,1,2,-1,2,1,3,-1,2,3,4,-1,4,3,5,-1,4,5,6,-1,6,5,7,-1,
        ]
    }
}
Shape{
    appearance Appearance {
        material  Material 	{
            diffuseColor 1.0 1.0 1.0
            specularColor 0.5019607843137255 0.5019607843137255 0.5019607843137255
            ambientIntensity 1.0
            transparency 0.0
            shininess 0.5
        }
    }
    geometry IndexedFaceSet {
        ccw TRUE
        solid FALSE
        coord DEF co Coordinate {
            point [
                -0.3285 0.2561 0.3268, -0.3257 0.2527 0.3268, -0.3302 0.2729 0.3268, -0.3126 0.2735 0.3268, -0.311 0.2733 0.3268, -0.2981 0.279 0.3268, -0.3141 0.2733 0.3268, -0.3093 0.2727 0.3268, -0.3077 0.2717 0.3268, -0.3065 0.2703 0.3268, -0.3052 0.2652 0.3268, -0.2934 0.2663 0.3268, -0.3052 0.267 0.3268, -0.2934 0.2682 0.3268, -0.3057 0.2688 0.3268, -0.2668 0.2822 0.3268, -0.2727 0.2923 0.3268, -0.3101 0.2853 0.3268, -0.3124 0.2854 0.3268, -0.3158 0.2727 0.3268, -0.3343 0.2755 0.3268, -0.3338 0.2613 0.3268, -0.3304 0.2602 0.3268, -0.3175 0.2605 0.3268, -0.3159 0.2595 0.3268, -0.322 0.2499 0.3268, -0.3142 0.2589 0.3268, -0.3055 0.2842 0.3268, -0.3169 0.2849 0.3268, -0.3211 0.2833 0.3268, -0.3173 0.2717 0.3268, -0.325 0.2806 0.3268, -0.3186 0.2704 0.3268, -0.3281 0.277 0.3268, -0.3195 0.2688 0.3268, -0.3199 0.2669 0.3268, -0.2606 0.301 0.3268, -0.2591 0.301 0.3268, -0.2513 0.3112 0.3268, -0.2555 0.3006 0.3268, -0.25 0.3108 0.3268, -0.2521 0.2993 0.3268, -0.2444 0.3079 0.3268, -0.2393 0.3035 0.3268, -0.314 0.3073 0.3268, -0.3126 0.3065 0.3268, -0.3185 0.3204 0.3268, -0.3099 0.3121 0.3268, -0.3146 0.3249 0.3268, -0.3058 0.3172 0.3268, -0.3101 0.3287 0.3268, -0.3006 0.3212 0.3268, -0.3055 0.3316 0.3268, -0.2688 0.2599 0.3268, -0.268 0.2598 0.3268, -0.2665 0.2714 0.3268, -0.2967 0.3349 0.3268, -0.2944 0.3237 0.3268, -0.2873 0.3361 0.3268, -0.2615 0.3262 0.3268, -0.2679 0.3165 0.3268, -0.2553 0.3191 0.3268, -0.2639 0.3112 0.3268, -0.2613 0.3049 0.3268, -0.3377 0.2789 0.3268, -0.3456 0.2693 0.3268, -0.3406 0.2649 0.3268, -0.341 0.295 0.3268, -0.3535 0.2924 0.3268, -0.3416 0.2904 0.3268, -0.3536 0.29 0.3268, -0.3414 0.2875 0.3268, -0.3529 0.2835 0.3268, -0.34 0.2828 0.3268, -0.3504 0.2764 0.3268, -0.3464 0.2703 0.3268, -0.3015 0.282 0.3268, -0.2492 0.2972 0.3268, -0.247 0.2948 0.3268, -0.2355 0.2981 0.3268, -0.2452 0.2915 0.3268, -0.2333 0.2923 0.3268, -0.2443 0.2878 0.3268, -0.2325 0.2864 0.3268, -0.2443 0.2862 0.3268, -0.2579 0.2714 0.3268, -0.2568 0.2598 0.3268, -0.2545 0.272 0.3268, -0.2508 0.261 0.3268, -0.2512 0.2736 0.3268, -0.245 0.2638 0.3268, -0.2484 0.2759 0.3268, -0.24 0.2678 0.3268, -0.2481 0.2762 0.3268, -0.2395 0.2684 0.3268, -0.246 0.2791 0.3268, -0.2359 0.2732 0.3268, -0.2447 0.2825 0.3268, -0.2335 0.2792 0.3268, -0.2325 0.2854 0.3268, -0.3182 0.3088 0.3268, -0.3206 0.3206 0.3268, -0.3226 0.3093 0.3268, -0.3228 0.3207 0.3268, -0.3246 0.3092 0.3268, -0.3293 0.32 0.3268, -0.3293 0.3081 0.3268, -0.3364 0.3175 0.3268, -0.3335 0.3059 0.3268, -0.3428 0.3133 0.3268, -0.3368 0.303 0.3268, -0.3446 0.3116 0.3268, -0.3394 0.2992 0.3268, -0.3487 0.3066 0.3268, -0.3519 0.2999 0.3268, -0.3187 0.2619 0.3268, -0.3195 0.2635 0.3268, -0.3199 0.2652 0.3268, -0.2735 0.2662 0.3268, -0.2735 0.2657 0.3268, -0.2674 0.2716 0.3268, -0.2881 0.3247 0.3268, -0.2871 0.3247 0.3268, -0.2795 0.3353 0.3268, -0.2811 0.324 0.3268, -0.27 0.3319 0.3268, -0.2752 0.3219 0.3268, -0.2698 0.3183 0.3268, -0.3176 0.248 0.3268, -0.3131 0.2473 0.3268, -0.3126 0.2587 0.3268, -0.3124 0.2473 0.3268, -0.311 0.2588 0.3268, -0.3078 0.2479 0.3268, -0.3093 0.2594 0.3268, -0.3036 0.2495 0.3268, -0.3078 0.2604 0.3268, -0.2998 0.2521 0.3268, -0.3066 0.2617 0.3268, -0.2968 0.2554 0.3268, -0.3057 0.2634 0.3268, -0.2946 0.2596 0.3268, -0.2935 0.2643 0.3268, -0.272 0.2619 0.3268, -0.2713 0.2612 0.3268, -0.2733 0.2644 0.3268, -0.2728 0.2631 0.3268, -0.2668 0.2714 0.3268, -0.2701 0.2604 0.3268, -0.2676 0.2716 0.3268, -0.269 0.2714 0.3268, -0.2703 0.2709 0.3268, -0.2714 0.2701 0.3268, -0.2724 0.269 0.3268, -0.2731 0.2677 0.3268, -0.2325 0.2864 0.3228, -0.2333 0.2923 0.3228, -0.2355 0.2981 0.3228, -0.2383 0.302 0.3228, -0.2393 0.3035 0.3228, -0.2444 0.3079 0.3228, -0.25 0.3108 0.3228, -0.2513 0.3112 0.3228, -0.2553 0.3191 0.3228, -0.2615 0.3262 0.3228, -0.2659 0.3292 0.3228, -0.27 0.3319 0.3228, -0.2795 0.3353 0.3228, -0.2873 0.3361 0.3228, -0.3101 0.3287 0.3228, -0.3094 0.3292 0.3228, -0.3055 0.3316 0.3228, -0.2967 0.3349 0.3228, -0.3146 0.3249 0.3228, -0.3185 0.3204 0.3228, -0.3206 0.3206 0.3228, -0.3228 0.3207 0.3228, -0.3446 0.3116 0.3228, -0.3293 0.32 0.3228, -0.3364 0.3175 0.3228, -0.3425 0.3135 0.3228, -0.3428 0.3133 0.3228, -0.3487 0.3066 0.3228, -0.3509 0.302 0.3228, -0.3519 0.2999 0.3228, -0.3535 0.2924 0.3228, -0.3536 0.29 0.3228, -0.3529 0.2835 0.3228, -0.3527 0.283 0.3228, -0.3504 0.2764 0.3228, -0.3464 0.2703 0.3228, -0.3456 0.2693 0.3228, -0.3425 0.2666 0.3228, -0.3406 0.2649 0.3228, -0.3338 0.2613 0.3228, -0.3304 0.2602 0.3228, -0.3302 0.2597 0.3228, -0.3285 0.2561 0.3228, -0.3257 0.2527 0.3228, -0.322 0.2499 0.3228, -0.3202 0.2491 0.3228, -0.3176 0.248 0.3228, -0.3131 0.2473 0.3228, -0.3124 0.2473 0.3228, -0.2934 0.2663 0.3228, -0.3078 0.2479 0.3228, -0.3045 0.2491 0.3228, -0.3036 0.2495 0.3228, -0.2998 0.2521 0.3228, -0.2968 0.2554 0.3228, -0.2946 0.2596 0.3228, -0.2946 0.2597 0.3228, -0.2935 0.2643 0.3228, -0.2934 0.2682 0.3228, -0.2668 0.2822 0.3228, -0.2727 0.2923 0.3228, -0.2673 0.283 0.3228, -0.2904 0.283 0.3228, -0.2981 0.279 0.3228, -0.3015 0.282 0.3228, -0.3033 0.283 0.3228, -0.3055 0.2842 0.3228, -0.3101 0.2853 0.3228, -0.3124 0.2854 0.3228, -0.3169 0.2849 0.3228, -0.3211 0.2833 0.3228, -0.3215 0.283 0.3228, -0.325 0.2806 0.3228, -0.3281 0.277 0.3228, -0.3302 0.2729 0.3228, -0.3416 0.2904 0.3228, -0.3343 0.2755 0.3228, -0.3377 0.2789 0.3228, -0.34 0.2828 0.3228, -0.3401 0.283 0.3228, -0.3414 0.2875 0.3228, -0.341 0.295 0.3228, -0.3394 0.2992 0.3228, -0.3374 0.302 0.3228, -0.3368 0.303 0.3228, -0.3335 0.3059 0.3228, -0.3293 0.3081 0.3228, -0.3246 0.3092 0.3228, -0.3226 0.3093 0.3228, -0.3182 0.3088 0.3228, -0.314 0.3073 0.3228, -0.3126 0.3065 0.3228, -0.3099 0.3121 0.3228, -0.3058 0.3172 0.3228, -0.3006 0.3212 0.3228, -0.2944 0.3237 0.3228, -0.2881 0.3247 0.3228, -0.2871 0.3247 0.3228, -0.2606 0.301 0.3228, -0.2608 0.302 0.3228, -0.2613 0.3049 0.3228, -0.2639 0.3112 0.3228, -0.2679 0.3165 0.3228, -0.2698 0.3183 0.3228, -0.2752 0.3219 0.3228, -0.2811 0.324 0.3228, -0.2591 0.301 0.3228, -0.2555 0.3006 0.3228, -0.2521 0.2993 0.3228, -0.2492 0.2972 0.3228, -0.247 0.2948 0.3228, -0.2452 0.2915 0.3228, -0.2443 0.2878 0.3228, -0.2443 0.2862 0.3228, -0.2446 0.283 0.3228, -0.2447 0.2825 0.3228, -0.246 0.2791 0.3228, -0.2481 0.2762 0.3228, -0.2484 0.2759 0.3228, -0.2512 0.2736 0.3228, -0.2545 0.272 0.3228, -0.2579 0.2714 0.3228, -0.2665 0.2714 0.3228, -0.2668 0.2714 0.3228, -0.2674 0.2716 0.3228, -0.2676 0.2716 0.3228, -0.269 0.2714 0.3228, -0.2703 0.2709 0.3228, -0.2714 0.2701 0.3228, -0.2724 0.269 0.3228, -0.2731 0.2677 0.3228, -0.2735 0.2662 0.3228, -0.2735 0.2657 0.3228, -0.2733 0.2644 0.3228, -0.2728 0.2631 0.3228, -0.272 0.2619 0.3228, -0.2713 0.2612 0.3228, -0.2701 0.2604 0.3228, -0.2688 0.2599 0.3228, -0.268 0.2598 0.3228, -0.2568 0.2598 0.3228, -0.2508 0.261 0.3228, -0.245 0.2638 0.3228, -0.24 0.2678 0.3228, -0.2395 0.2684 0.3228, -0.2335 0.2792 0.3228, -0.2359 0.2732 0.3228, -0.2329 0.283 0.3228, -0.2325 0.2854 0.3228, -0.3126 0.2735 0.3228, -0.311 0.2733 0.3228, -0.3093 0.2727 0.3228, -0.3077 0.2717 0.3228, -0.3065 0.2703 0.3228, -0.3057 0.2688 0.3228, -0.3052 0.267 0.3228, -0.3052 0.2652 0.3228, -0.3057 0.2634 0.3228, -0.3066 0.2617 0.3228, -0.3078 0.2604 0.3228, -0.3093 0.2594 0.3228, -0.311 0.2588 0.3228, -0.3126 0.2587 0.3228, -0.3142 0.2589 0.3228, -0.3159 0.2595 0.3228, -0.3175 0.2605 0.3228, -0.3187 0.2619 0.3228, -0.3195 0.2635 0.3228, -0.3199 0.2652 0.3228, -0.3199 0.2669 0.3228, -0.3195 0.2688 0.3228, -0.3186 0.2704 0.3228, -0.3173 0.2717 0.3228, -0.3158 0.2727 0.3228, -0.3141 0.2733 0.3228
            ]
        }
        coordIndex [
            0,1,2,-1,3,4,5,-1,3,5,6,-1,4,7,5,-1,5,7,8,-1,5,8,9,-1,10,11,12,-1,12,11,13,-1,12,13,14,-1,14,13,15,-1,14,15,9,-1,9,15,16,-1,9,16,5,-1,17,18,19,-1,20,21,2,-1,2,21,22,-1,2,22,0,-1,23,1,24,-1,24,1,25,-1,24,25,26,-1,17,19,27,-1,18,28,19,-1,19,28,29,-1,19,29,30,-1,30,29,31,-1,30,31,32,-1,32,31,33,-1,32,33,34,-1,34,33,2,-1,34,2,35,-1,36,37,38,-1,38,37,39,-1,38,39,40,-1,40,39,41,-1,40,41,42,-1,42,41,43,-1,44,45,46,-1,46,45,47,-1,46,47,48,-1,48,47,49,-1,48,49,50,-1,50,49,51,-1,50,51,52,-1,53,54,55,-1,52,51,56,-1,56,51,57,-1,56,57,58,-1,59,60,61,-1,61,60,62,-1,61,62,38,-1,38,62,63,-1,38,63,36,-1,64,65,20,-1,20,65,66,-1,20,66,21,-1,67,68,69,-1,69,68,70,-1,69,70,71,-1,71,70,72,-1,71,72,73,-1,73,72,74,-1,73,74,64,-1,64,74,75,-1,64,75,65,-1,6,5,19,-1,19,5,76,-1,19,76,27,-1,41,77,43,-1,43,77,78,-1,43,78,79,-1,79,78,80,-1,79,80,81,-1,81,80,82,-1,81,82,83,-1,83,82,84,-1,55,54,85,-1,85,54,86,-1,85,86,87,-1,87,86,88,-1,87,88,89,-1,89,88,90,-1,89,90,91,-1,91,90,92,-1,91,92,93,-1,93,92,94,-1,93,94,95,-1,95,94,96,-1,95,96,97,-1,97,96,98,-1,97,98,84,-1,84,98,99,-1,84,99,83,-1,44,46,100,-1,100,46,101,-1,100,101,102,-1,102,101,103,-1,102,103,104,-1,104,103,105,-1,104,105,106,-1,106,105,107,-1,106,107,108,-1,108,107,109,-1,108,109,110,-1,110,109,111,-1,110,111,112,-1,112,111,113,-1,112,113,67,-1,67,113,114,-1,67,114,68,-1,23,115,1,-1,1,115,116,-1,1,116,2,-1,2,116,117,-1,2,117,35,-1,118,119,120,-1,57,121,58,-1,58,121,122,-1,58,122,123,-1,123,122,124,-1,123,124,125,-1,125,124,126,-1,125,126,59,-1,59,126,127,-1,59,127,60,-1,25,128,26,-1,26,128,129,-1,26,129,130,-1,130,129,131,-1,130,131,132,-1,132,131,133,-1,132,133,134,-1,134,133,135,-1,134,135,136,-1,136,135,137,-1,136,137,138,-1,138,137,139,-1,138,139,140,-1,140,139,141,-1,140,141,10,-1,10,141,142,-1,10,142,11,-1,120,143,144,-1,119,145,120,-1,120,145,146,-1,120,146,143,-1,55,147,53,-1,53,147,120,-1,53,120,148,-1,148,120,144,-1,120,149,118,-1,118,149,150,-1,118,150,151,-1,151,152,118,-1,118,152,153,-1,118,153,154,-1,83,155,156,-1,83,156,81,-1,81,156,157,-1,81,157,79,-1,79,157,158,-1,79,158,43,-1,158,159,43,-1,43,159,160,-1,43,160,42,-1,42,160,161,-1,42,161,40,-1,40,161,162,-1,40,162,38,-1,38,162,163,-1,38,163,61,-1,61,163,164,-1,61,164,59,-1,59,164,125,-1,125,164,165,-1,165,166,125,-1,125,166,167,-1,125,167,123,-1,123,167,168,-1,123,168,58,-1,169,50,170,-1,170,50,52,-1,170,52,171,-1,171,52,56,-1,171,56,172,-1,172,56,58,-1,172,58,168,-1,50,169,173,-1,50,173,48,-1,48,173,174,-1,48,174,46,-1,46,174,175,-1,46,175,101,-1,101,175,176,-1,101,176,103,-1,177,111,109,-1,103,176,178,-1,103,178,105,-1,105,178,179,-1,105,179,107,-1,107,179,180,-1,107,180,109,-1,109,180,181,-1,109,181,177,-1,111,177,182,-1,183,114,182,-1,182,114,113,-1,182,113,111,-1,183,184,114,-1,114,184,185,-1,114,185,68,-1,68,185,186,-1,68,186,70,-1,70,186,187,-1,70,187,72,-1,72,187,188,-1,72,188,74,-1,188,189,74,-1,74,189,190,-1,74,190,75,-1,75,190,191,-1,75,191,65,-1,65,191,66,-1,66,191,192,-1,192,193,66,-1,66,193,194,-1,66,194,21,-1,21,194,195,-1,21,195,22,-1,22,195,196,-1,22,196,0,-1,196,197,0,-1,0,197,198,-1,0,198,1,-1,1,198,199,-1,1,199,25,-1,25,199,200,-1,25,200,128,-1,200,201,128,-1,128,201,202,-1,128,202,129,-1,129,202,203,-1,129,203,131,-1,204,11,142,-1,131,203,205,-1,131,205,133,-1,133,205,206,-1,133,206,135,-1,206,207,135,-1,135,207,208,-1,135,208,137,-1,137,208,209,-1,137,209,139,-1,139,209,210,-1,139,210,141,-1,141,210,211,-1,141,211,142,-1,142,211,212,-1,142,212,204,-1,13,11,213,-1,213,11,204,-1,15,13,214,-1,214,13,213,-1,215,16,216,-1,216,16,15,-1,216,15,214,-1,16,215,5,-1,5,215,217,-1,5,217,218,-1,5,218,219,-1,5,219,76,-1,76,219,220,-1,76,220,27,-1,220,221,27,-1,27,221,222,-1,27,222,17,-1,17,222,223,-1,17,223,18,-1,18,223,224,-1,18,224,28,-1,28,224,225,-1,28,225,29,-1,29,225,226,-1,29,226,31,-1,226,227,31,-1,31,227,228,-1,31,228,33,-1,33,228,229,-1,33,229,2,-1,230,69,71,-1,2,229,231,-1,2,231,20,-1,20,231,232,-1,20,232,64,-1,64,232,233,-1,64,233,73,-1,73,233,234,-1,73,234,71,-1,71,234,235,-1,71,235,230,-1,69,230,236,-1,69,236,67,-1,67,236,237,-1,67,237,112,-1,112,237,238,-1,112,238,110,-1,238,239,110,-1,110,239,240,-1,110,240,108,-1,108,240,241,-1,108,241,106,-1,106,241,242,-1,106,242,104,-1,104,242,243,-1,104,243,102,-1,102,243,244,-1,102,244,100,-1,100,244,245,-1,100,245,44,-1,44,245,246,-1,44,246,45,-1,45,246,247,-1,45,247,47,-1,47,247,248,-1,47,248,49,-1,49,248,249,-1,49,249,51,-1,51,249,250,-1,51,250,57,-1,57,250,251,-1,57,251,121,-1,121,251,252,-1,121,252,122,-1,253,36,254,-1,254,36,63,-1,254,63,255,-1,255,63,62,-1,255,62,256,-1,256,62,60,-1,256,60,257,-1,257,60,127,-1,257,127,258,-1,258,127,126,-1,258,126,259,-1,259,126,124,-1,259,124,260,-1,260,124,122,-1,260,122,252,-1,37,36,261,-1,261,36,253,-1,37,261,262,-1,37,262,39,-1,39,262,263,-1,39,263,41,-1,41,263,264,-1,41,264,77,-1,77,264,265,-1,77,265,78,-1,78,265,266,-1,78,266,80,-1,80,266,267,-1,80,267,82,-1,82,267,268,-1,82,268,84,-1,268,269,84,-1,84,269,97,-1,269,270,97,-1,97,270,271,-1,97,271,95,-1,95,271,272,-1,95,272,93,-1,93,272,273,-1,93,273,91,-1,91,273,274,-1,91,274,89,-1,89,274,275,-1,89,275,87,-1,87,275,276,-1,87,276,85,-1,55,85,277,-1,277,85,276,-1,55,277,278,-1,55,278,147,-1,147,278,279,-1,147,279,120,-1,120,279,280,-1,120,280,149,-1,149,280,281,-1,149,281,150,-1,150,281,282,-1,150,282,151,-1,151,282,283,-1,151,283,152,-1,152,283,284,-1,152,284,153,-1,153,284,285,-1,153,285,154,-1,154,285,286,-1,154,286,118,-1,118,286,287,-1,118,287,119,-1,119,287,288,-1,119,288,145,-1,145,288,289,-1,145,289,146,-1,146,289,290,-1,146,290,143,-1,143,290,291,-1,143,291,144,-1,144,291,292,-1,144,292,148,-1,148,292,293,-1,148,293,53,-1,53,293,294,-1,53,294,54,-1,86,54,295,-1,295,54,294,-1,86,295,296,-1,86,296,88,-1,88,296,297,-1,88,297,90,-1,90,297,298,-1,90,298,92,-1,92,298,299,-1,92,299,94,-1,300,96,301,-1,301,96,94,-1,301,94,299,-1,302,99,300,-1,300,99,98,-1,300,98,96,-1,302,303,99,-1,99,303,155,-1,99,155,83,-1,3,304,305,-1,3,305,4,-1,4,305,306,-1,4,306,7,-1,7,306,307,-1,7,307,8,-1,8,307,308,-1,8,308,9,-1,9,308,309,-1,9,309,14,-1,14,309,310,-1,14,310,12,-1,12,310,311,-1,12,311,10,-1,10,311,312,-1,10,312,140,-1,140,312,313,-1,140,313,138,-1,138,313,314,-1,138,314,136,-1,136,314,315,-1,136,315,134,-1,134,315,316,-1,134,316,132,-1,132,316,317,-1,132,317,130,-1,130,317,318,-1,130,318,26,-1,26,318,319,-1,26,319,24,-1,24,319,320,-1,24,320,23,-1,23,320,321,-1,23,321,115,-1,115,321,322,-1,115,322,116,-1,116,322,323,-1,116,323,117,-1,117,323,324,-1,117,324,35,-1,35,324,325,-1,35,325,34,-1,34,325,326,-1,34,326,32,-1,32,326,327,-1,32,327,30,-1,30,327,328,-1,30,328,19,-1,19,328,329,-1,19,329,6,-1,6,329,304,-1,6,304,3,-1,
        ]
    }
}
Shape{
    appearance Appearance {
        material  Material 	{
            diffuseColor 0.25098039215686274 0.25098039215686274 0.25098039215686274
            specularColor 0.12549019607843137 0.12549019607843137 0.12549019607843137
            ambientIntensity 0.251
            transparency 0.0
            shininess 0.5
        }
    }
    geometry IndexedFaceSet {
        ccw TRUE
        solid FALSE
        coord DEF co Coordinate {
            point [
                -0.3141 0.2733 0.3228, -0.3126 0.2587 0.3228, -0.3126 0.2735 0.3228, -0.311 0.2588 0.3228, -0.311 0.2733 0.3228, -0.3186 0.2704 0.3228, -0.3195 0.2688 0.3228, -0.3199 0.2669 0.3228, -0.3195 0.2635 0.3228, -0.3187 0.2619 0.3228, -0.3175 0.2605 0.3228, -0.3057 0.2688 0.3228, -0.3065 0.2703 0.3228, -0.3078 0.2604 0.3228, -0.3077 0.2717 0.3228, -0.3199 0.2652 0.3228, -0.3158 0.2727 0.3228, -0.3173 0.2717 0.3228, -0.3159 0.2595 0.3228, -0.3142 0.2589 0.3228, -0.3057 0.2634 0.3228, -0.3052 0.2652 0.3228, -0.3052 0.267 0.3228, -0.3093 0.2594 0.3228, -0.3093 0.2727 0.3228, -0.3066 0.2617 0.3228
            ]
        }
        coordIndex [
            0,1,2,-1,2,1,3,-1,2,3,4,-1,5,6,7,-1,8,9,0,-1,0,9,10,-1,11,12,13,-1,13,12,14,-1,8,0,15,-1,15,0,16,-1,15,16,7,-1,7,16,17,-1,7,17,5,-1,10,18,0,-1,0,18,19,-1,0,19,1,-1,20,21,22,-1,3,23,4,-1,4,23,13,-1,4,13,24,-1,24,13,14,-1,11,13,22,-1,22,13,25,-1,22,25,20,-1,
        ]
    }
}
Shape{
    appearance Appearance {
        material  Material 	{
            diffuseColor 0.7529411764705882 0.7529411764705882 0.7529411764705882
            specularColor 0.3764705882352941 0.3764705882352941 0.3764705882352941
            ambientIntensity 0.7529
            transparency 0.0
            shininess 0.5
        }
    }
    geometry IndexedFaceSet {
        ccw TRUE
        solid FALSE
        coord DEF co Coordinate {
            point [
                -0.3445 -0.1181 0.0079, -0.3445 0.1969 0.0079, -0.3445 -0.1181 0.0, -0.3445 0.1969 0.0, -0.0492 0.1969 0.0, -0.0492 0.1969 0.0079, 0.3445 0.1969 0.0079, 0.3445 -0.1969 0.0079, 0.3445 0.1969 0.0, 0.3445 -0.1969 0.0, -0.2657 -0.1969 0.0, -0.0492 -0.1969 0.0, -0.2657 -0.1969 0.0079, -0.0492 -0.1969 0.0079, 0.0492 -0.1969 0.0, 0.0492 -0.1969 0.0079, 0.0492 0.1969 0.0, 0.0492 0.1969 0.0079
            ]
        }
        coordIndex [
            0,1,2,-1,2,1,3,-1,4,3,5,-1,5,3,1,-1,6,7,8,-1,8,7,9,-1,10,11,12,-1,12,11,13,-1,2,3,10,-1,10,3,4,-1,10,4,11,-1,14,15,16,-1,16,15,17,-1,4,5,11,-1,11,5,13,-1,12,0,10,-1,10,0,2,-1,
        ]
    }
}