#VRML V2.0 utf8
# 3D model generated by easyeda2kicad.py (https://github.com/uPesy/easyeda2kicad.py)

Shape{
    appearance Appearance {
        material  Material 	{
            diffuseColor 0.2235294117647059 0.2235294117647059 0.2235294117647059
            specularColor 0.11372549019607843 0.11372549019607843 0.11372549019607843
            ambientIntensity 0.2235
            transparency 0.0
            shininess 0.5
        }
    }
    geometry IndexedFaceSet {
        ccw TRUE
        solid FALSE
        coord DEF co Coordinate {
            point [
                0.4984 -0.5222 0.2992, 0.5419 -0.5222 0.2992, 0.5419 0.2758 0.2992, 0.244 0.292 0.2992, 0.244 0.3267 0.2992, 0.2276 0.3267 0.2992, 0.3124 0.2919 0.2992, 0.3107 0.2917 0.2992, 0.3207 0.2917 0.2992, 0.3549 0.292 0.2992, 0.3549 0.3267 0.2992, 0.3522 0.3267 0.2992, 0.1077 0.3252 0.2992, 0.1127 0.3206 0.2992, 0.1243 0.3267 0.2992, 0.1931 0.3642 0.2992, 0.2008 0.3576 0.2992, 0.2276 0.3959 0.2992, 0.2276 0.3552 0.2992, 0.1549 0.4 0.2992, 0.1611 0.3959 0.2992, 0.1676 0.3915 0.2992, 0.1769 0.3808 0.2992, 0.183 0.369 0.2992, 0.1846 0.3685 0.2992, 0.1017 0.3995 0.2992, 0.1148 0.4046 0.2992, -0.1378 0.5222 0.2992, 0.2276 0.5222 0.2992, 0.1289 0.4063 0.2992, 0.1407 0.4051 0.2992, -0.1378 0.3959 0.2992, -0.1378 0.3552 0.2992, 0.0336 0.3552 0.2992, 0.0959 0.3959 0.2992, 0.0948 0.3952 0.2992, 0.0367 0.3617 0.2992, 0.043 0.3696 0.2992, 0.0455 0.3719 0.2992, 0.055 0.3783 0.2992, 0.0656 0.3821 0.2992, 0.0757 0.3832 0.2992, 0.0881 0.3895 0.2992, 0.079 0.3831 0.2992, 0.0822 0.3827 0.2992, 0.0296 0.3371 0.2992, 0.0297 0.3404 0.2992, 0.0319 0.3516 0.2992, 0.0595 0.294 0.2992, 0.0493 0.2993 0.2992, -0.1378 0.2917 0.2992, 0.0345 0.3164 0.2992, -0.1378 0.3267 0.2992, 0.0309 0.3267 0.2992, 0.0307 0.3271 0.2992, 0.0643 0.2924 0.2992, 0.0415 0.3061 0.2992, 0.0405 0.3073 0.2992, 0.0835 0.2742 0.2992, 0.0796 0.2758 0.2992, -0.1378 0.2758 0.2992, 0.077 0.2769 0.2992, 0.0714 0.2811 0.2992, 0.0672 0.2864 0.2992, 0.0647 0.2917 0.2992, 0.1031 0.2758 0.2992, 0.0982 0.2739 0.2992, 0.2276 -0.5222 0.2992, 0.0914 0.2731 0.2992, -0.1378 -0.5222 0.2992, 0.0902 0.2731 0.2992, 0.118 0.2917 0.2992, 0.118 0.2916 0.2992, 0.2276 0.2758 0.2992, 0.1147 0.2853 0.2992, 0.1103 0.2803 0.2992, 0.1046 0.2764 0.2992, 0.2061 0.3123 0.2992, 0.2007 0.3047 0.2992, 0.2276 0.2917 0.2992, 0.2098 0.3212 0.2992, 0.1564 0.3093 0.2992, 0.1597 0.3255 0.2992, 0.1545 0.3085 0.2992, 0.1527 0.3073 0.2992, 0.1926 0.298 0.2992, 0.1839 0.2938 0.2992, 0.1748 0.2919 0.2992, 0.1585 0.3095 0.2992, 0.1588 0.3095 0.2992, 0.1597 0.3093 0.2992, 0.158 0.2919 0.2992, 0.1565 0.2921 0.2992, 0.1546 0.2928 0.2992, 0.1528 0.2941 0.2992, 0.1519 0.2949 0.2992, 0.1497 0.3007 0.2992, 0.1497 0.3015 0.2992, 0.1198 0.3044 0.2992, 0.1502 0.3037 0.2992, 0.1513 0.3057 0.2992, 0.1878 0.3164 0.2992, 0.1909 0.3208 0.2992, 0.1507 0.2967 0.2992, 0.15 0.2986 0.2992, 0.1197 0.2986 0.2992, 0.1198 0.3016 0.2992, 0.1602 0.3092 0.2992, 0.1731 0.3092 0.2992, 0.1781 0.3102 0.2992, 0.1832 0.3125 0.2992, 0.1874 0.316 0.2992, 0.0948 0.3301 0.2992, 0.1017 0.3284 0.2992, 0.1688 0.3552 0.2992, 0.0914 0.3303 0.2992, 0.1929 0.3259 0.2992, 0.193 0.3267 0.2992, 0.159 0.3267 0.2992, 0.1935 0.3314 0.2992, 0.1934 0.3339 0.2992, 0.0846 0.3295 0.2992, 0.0538 0.3552 0.2992, 0.0783 0.3271 0.2992, 0.0508 0.3509 0.2992, 0.0484 0.3446 0.2992, 0.0498 0.3267 0.2992, 0.0777 0.3267 0.2992, 0.0479 0.3334 0.2992, 0.0475 0.3377 0.2992, 0.1861 0.348 0.2992, 0.1817 0.3511 0.2992, 0.1921 0.3394 0.2992, 0.1894 0.3443 0.2992, 0.1691 0.3536 0.2992, 0.1508 0.3406 0.2992, 0.1713 0.3536 0.2992, 0.1767 0.353 0.2992, 0.1049 0.3267 0.2992, 0.0499 0.3264 0.2992, 0.0678 0.3177 0.2992, 0.0725 0.323 0.2992, 0.0533 0.3206 0.2992, 0.0584 0.3153 0.2992, 0.0646 0.3115 0.2992, 0.1574 0.3775 0.2992, 0.1555 0.3793 0.2992, 0.0911 0.3619 0.2992, 0.1636 0.3697 0.2992, 0.089 0.363 0.2992, 0.1677 0.3604 0.2992, 0.1474 0.3848 0.2992, 0.1385 0.3881 0.2992, 0.0952 0.3705 0.2992, 0.1292 0.3892 0.2992, 0.0826 0.3654 0.2992, 0.076 0.3662 0.2992, 0.0731 0.366 0.2992, 0.1186 0.3879 0.2992, 0.1093 0.3841 0.2992, 0.1014 0.3782 0.2992, 0.066 0.3644 0.2992, 0.0597 0.361 0.2992, 0.0547 0.3566 0.2992, 0.2025 0.3552 0.2992, 0.2065 0.3495 0.2992, 0.2099 0.3408 0.2992, 0.2112 0.3317 0.2992, 0.2112 0.3306 0.2992, 0.2106 0.3267 0.2992, 0.4491 0.292 0.2992, 0.445 0.303 0.2992, 0.4283 0.303 0.2992, 0.4245 0.292 0.2992, 0.4177 0.2917 0.2992, 0.4548 0.292 0.2992, 0.4984 0.2917 0.2992, 0.4416 0.3267 0.2992, 0.4984 0.3267 0.2992, 0.4395 0.3321 0.2992, 0.4984 0.3552 0.2992, 0.434 0.3321 0.2992, 0.4177 0.3552 0.2992, 0.432 0.3267 0.2992, 0.4177 0.3267 0.2992, 0.4188 0.292 0.2992, 0.4119 0.3254 0.2992, 0.4144 0.3219 0.2992, 0.4155 0.3053 0.2992, 0.4135 0.3012 0.2992, 0.4105 0.2976 0.2992, 0.4064 0.2946 0.2992, 0.4018 0.2929 0.2992, 0.395 0.292 0.2992, 0.3802 0.2917 0.2992, 0.4159 0.3181 0.2992, 0.4165 0.3125 0.2992, 0.4164 0.31 0.2992, 0.3839 0.292 0.2992, 0.3839 0.3267 0.2992, 0.3802 0.3267 0.2992, 0.3839 0.3321 0.2992, 0.3802 0.3552 0.2992, 0.3954 0.3321 0.2992, 0.4015 0.3314 0.2992, 0.4063 0.3296 0.2992, 0.4105 0.3268 0.2992, 0.4106 0.3267 0.2992, 0.3764 0.2966 0.2992, 0.3764 0.292 0.2992, 0.3675 0.2917 0.2992, 0.3743 0.3101 0.2992, 0.3675 0.2966 0.2992, 0.3675 0.3101 0.2992, 0.36 0.2966 0.2992, 0.36 0.3101 0.2992, 0.36 0.3267 0.2992, 0.36 0.3146 0.2992, 0.3675 0.3267 0.2992, 0.3675 0.3146 0.2992, 0.3743 0.3146 0.2992, 0.36 0.3274 0.2992, 0.3675 0.3274 0.2992, 0.3755 0.3274 0.2992, 0.3755 0.3321 0.2992, 0.3675 0.3321 0.2992, 0.3675 0.3552 0.2992, 0.3549 0.3321 0.2992, 0.3522 0.3552 0.2992, 0.3675 0.292 0.2992, 0.3522 0.2917 0.2992, 0.3008 0.3161 0.2992, 0.3017 0.3175 0.2992, 0.2984 0.3267 0.2992, 0.3024 0.3267 0.2992, 0.3019 0.2971 0.2992, 0.3024 0.2969 0.2992, 0.3024 0.3075 0.2992, 0.3015 0.3084 0.2992, 0.3009 0.3094 0.2992, 0.3001 0.2982 0.2992, 0.3024 0.3075 0.2992, 0.3003 0.3109 0.2992, 0.3001 0.3129 0.2992, 0.3003 0.3145 0.2992, 0.3001 0.293 0.2992, 0.2984 0.2917 0.2992, 0.3024 0.2922 0.2992, 0.3024 0.2917 0.2992, 0.3036 0.2918 0.2992, 0.3046 0.2917 0.2992, 0.3078 0.2913 0.2992, 0.3024 0.2758 0.2992, 0.3207 0.2758 0.2992, 0.3207 0.3267 0.2992, 0.318 0.3151 0.2992, 0.318 0.32 0.2992, 0.3024 0.3181 0.2992, 0.3033 0.319 0.2992, 0.3045 0.3197 0.2992, 0.3192 0.2978 0.2992, 0.3185 0.2962 0.2992, 0.3176 0.2949 0.2992, 0.3072 0.3208 0.2992, 0.3112 0.3213 0.2992, 0.3148 0.321 0.2992, 0.3177 0.3045 0.2992, 0.3186 0.3032 0.2992, 0.3192 0.3017 0.2992, 0.3194 0.2998 0.2992, 0.3162 0.2936 0.2992, 0.315 0.2929 0.2992, 0.3108 0.3172 0.2992, 0.3093 0.3171 0.2992, 0.3053 0.3133 0.2992, 0.3079 0.3167 0.2992, 0.3068 0.3161 0.2992, 0.3053 0.3127 0.2992, 0.3055 0.3119 0.2992, 0.3059 0.3112 0.2992, 0.3064 0.3107 0.2992, 0.3081 0.3096 0.2992, 0.3143 0.3168 0.2992, 0.3112 0.3082 0.2992, 0.3171 0.3157 0.2992, 0.3132 0.3074 0.2992, 0.3165 0.3056 0.2992, 0.306 0.3155 0.2992, 0.3056 0.3148 0.2992, 0.3054 0.3141 0.2992, 0.305 0.2958 0.2992, 0.3077 0.3046 0.2992, 0.3047 0.306 0.2992, 0.3083 0.2954 0.2992, 0.3086 0.2954 0.2992, 0.311 0.3032 0.2992, 0.3111 0.2957 0.2992, 0.3142 0.2993 0.2992, 0.3142 0.2999 0.2992, 0.3124 0.2962 0.2992, 0.3129 0.2965 0.2992, 0.3134 0.297 0.2992, 0.3139 0.2976 0.2992, 0.3141 0.2983 0.2992, 0.314 0.3007 0.2992, 0.3136 0.3014 0.2992, 0.313 0.302 0.2992, 0.3894 0.3956 0.2992, 0.4047 0.3555 0.2992, 0.3989 0.3555 0.2992, 0.3949 0.3665 0.2992, 0.3802 0.3665 0.2992, 0.3782 0.3665 0.2992, 0.3743 0.3555 0.2992, 0.3686 0.3555 0.2992, 0.3675 0.3959 0.2992, 0.3802 0.3858 0.2992, 0.3802 0.3959 0.2992, 0.3207 0.3959 0.2992, 0.3207 0.3956 0.2992, 0.3253 0.3956 0.2992, 0.3338 0.3555 0.2992, 0.3338 0.3956 0.2992, 0.3253 0.391 0.2992, 0.3522 0.3959 0.2992, 0.3452 0.3956 0.2992, 0.3262 0.3601 0.2992, 0.3262 0.3555 0.2992, 0.3517 0.3564 0.2992, 0.3448 0.3555 0.2992, 0.3207 0.3552 0.2992, 0.3653 0.3688 0.2992, 0.3633 0.3647 0.2992, 0.3618 0.3889 0.2992, 0.3642 0.3854 0.2992, 0.3604 0.3611 0.2992, 0.3562 0.3582 0.2992, 0.3522 0.3566 0.2992, 0.3604 0.3903 0.2992, 0.3513 0.3949 0.2992, 0.3522 0.3946 0.2992, 0.3562 0.3931 0.2992, 0.3657 0.3816 0.2992, 0.3664 0.3761 0.2992, 0.3663 0.3735 0.2992, 0.3099 0.3736 0.2992, 0.3099 0.3601 0.2992, 0.3207 0.3736 0.2992, 0.3207 0.3601 0.2992, 0.3242 0.3736 0.2992, 0.3242 0.3781 0.2992, 0.3207 0.3781 0.2992, 0.3207 0.391 0.2992, 0.3099 0.3781 0.2992, 0.3099 0.391 0.2992, 0.3047 0.3956 0.2992, 0.3024 0.3959 0.2992, 0.3047 0.3555 0.2992, 0.2984 0.3552 0.2992, 0.2967 0.3892 0.2992, 0.2967 0.3621 0.2992, 0.2963 0.3894 0.2992, 0.295 0.3614 0.2992, 0.295 0.3899 0.2992, 0.2928 0.3604 0.2992, 0.2883 0.3595 0.2992, 0.2922 0.391 0.2992, 0.2873 0.3916 0.2992, 0.2722 0.3751 0.2992, 0.2769 0.3629 0.2992, 0.2795 0.361 0.2992, 0.2764 0.3871 0.2992, 0.2742 0.3841 0.2992, 0.2791 0.3894 0.2992, 0.2822 0.3908 0.2992, 0.2857 0.3915 0.2992, 0.2728 0.3806 0.2992, 0.2722 0.3736 0.2992, 0.2728 0.3696 0.2992, 0.2823 0.3599 0.2992, 0.2864 0.3595 0.2992, 0.2741 0.3664 0.2992, 0.2761 0.3637 0.2992, 0.2967 0.3946 0.2992, 0.2984 0.3959 0.2992, 0.295 0.3951 0.2992, 0.295 0.3959 0.2992, 0.2925 0.3958 0.2992, 0.2915 0.3959 0.2992, 0.2873 0.3962 0.2992, 0.295 0.5222 0.2992, 0.2872 0.3962 0.2992, 0.2661 0.5222 0.2992, 0.2845 0.3959 0.2992, 0.2751 0.3576 0.2992, 0.2661 0.3552 0.2992, 0.2789 0.3559 0.2992, 0.2821 0.3552 0.2992, 0.2719 0.3603 0.2992, 0.2692 0.3641 0.2992, 0.2675 0.3682 0.2992, 0.2661 0.3959 0.2992, 0.2696 0.3866 0.2992, 0.2725 0.3903 0.2992, 0.2667 0.3748 0.2992, 0.2668 0.3769 0.2992, 0.2677 0.3821 0.2992, 0.2735 0.3913 0.2992, 0.2772 0.3939 0.2992, 0.2814 0.3955 0.2992, 0.2832 0.355 0.2992, 0.2661 0.3267 0.2992, 0.2856 0.3549 0.2992, 0.295 0.3267 0.2992, 0.2892 0.3552 0.2992, 0.2967 0.3572 0.2992, 0.296 0.3568 0.2992, 0.295 0.3552 0.2992, 0.295 0.3565 0.2992, 0.2917 0.3554 0.2992, 0.2653 0.2966 0.2992, 0.2655 0.2966 0.2992, 0.2661 0.2917 0.2992, 0.2655 0.292 0.2992, 0.2653 0.2917 0.2992, 0.2491 0.3146 0.2992, 0.2635 0.3146 0.2992, 0.2653 0.3267 0.2992, 0.2635 0.3101 0.2992, 0.2491 0.3101 0.2992, 0.2491 0.2966 0.2992, 0.244 0.3321 0.2992, 0.2646 0.3321 0.2992, 0.2646 0.3274 0.2992, 0.2491 0.3267 0.2992, 0.2491 0.3274 0.2992, 0.2653 0.292 0.2992, 0.2765 0.2917 0.2992, 0.2764 0.2917 0.2992, 0.2933 0.3104 0.2992, 0.2933 0.292 0.2992, 0.295 0.2917 0.2992, 0.2883 0.292 0.2992, 0.2745 0.2924 0.2992, 0.2728 0.2936 0.2992, 0.2723 0.2941 0.2992, 0.2731 0.3137 0.2992, 0.2731 0.3186 0.2992, 0.2741 0.3192 0.2992, 0.2712 0.2956 0.2992, 0.2706 0.2973 0.2992, 0.2703 0.2997 0.2992, 0.2842 0.317 0.2992, 0.2825 0.3172 0.2992, 0.2798 0.309 0.2992, 0.2883 0.2964 0.2992, 0.2881 0.2964 0.2992, 0.2874 0.2953 0.2992, 0.2858 0.2935 0.2992, 0.2703 0.3003 0.2992, 0.2706 0.3024 0.2992, 0.2713 0.3042 0.2992, 0.2723 0.3056 0.2992, 0.2739 0.307 0.2992, 0.276 0.3081 0.2992, 0.2766 0.3159 0.2992, 0.2797 0.3169 0.2992, 0.2865 0.3209 0.2992, 0.2885 0.3202 0.2992, 0.2901 0.3192 0.2992, 0.2778 0.3206 0.2992, 0.283 0.3213 0.2992, 0.283 0.3213 0.2992, 0.2909 0.3183 0.2992, 0.292 0.3168 0.2992, 0.2928 0.3147 0.2992, 0.2883 0.3102 0.2992, 0.2881 0.3124 0.2992, 0.2876 0.3142 0.2992, 0.287 0.3152 0.2992, 0.2862 0.316 0.2992, 0.2854 0.3166 0.2992, 0.2794 0.2913 0.2992, 0.2661 0.2758 0.2992, 0.2819 0.2916 0.2992, 0.295 0.2758 0.2992, 0.2821 0.2917 0.2992, 0.3331 0.2917 0.2992, 0.3332 0.2921 0.2992, 0.322 0.3206 0.2992, 0.3276 0.3206 0.2992, 0.3351 0.2991 0.2992, 0.3357 0.2968 0.2992, 0.3358 0.2968 0.2992, 0.3361 0.2977 0.2992, 0.3364 0.2991 0.2992, 0.3443 0.3206 0.2992, 0.3494 0.3206 0.2992, 0.3321 0.2808 0.2992, 0.3304 0.2796 0.2992, 0.3522 0.2758 0.2992, 0.3284 0.2788 0.2992, 0.3263 0.2786 0.2992, 0.3252 0.2786 0.2992, 0.323 0.279 0.2992, 0.323 0.2834 0.2992, 0.3241 0.2831 0.2992, 0.3259 0.2828 0.2992, 0.3268 0.2829 0.2992, 0.3279 0.2833 0.2992, 0.3289 0.2839 0.2992, 0.3299 0.2849 0.2992, 0.331 0.2869 0.2992, 0.338 0.2917 0.2992, 0.3365 0.2877 0.2992, 0.3342 0.2832 0.2992, -0.3072 -0.3122 0.2992, -0.3052 -0.3281 0.2992, -0.3072 -0.344 0.2992, -0.3134 -0.3587 0.2992, -0.3231 -0.3714 0.2992, -0.3823 -0.3873 0.2992, -0.3971 -0.3812 0.2992, -0.5419 -0.5222 0.2992, -0.4098 -0.3714 0.2992, -0.4196 -0.3587 0.2992, -0.4196 -0.2974 0.2992, -0.4098 -0.2847 0.2992, -0.5419 0.2758 0.2992, -0.3665 -0.2668 0.2992, -0.3506 -0.2689 0.2992, -0.3358 -0.275 0.2992, -0.3358 -0.3812 0.2992, -0.3506 -0.3873 0.2992, -0.3665 -0.3894 0.2992, -0.3231 -0.2847 0.2992, -0.3134 -0.2974 0.2992, -0.3971 -0.275 0.2992, -0.3823 -0.2689 0.2992, -0.4257 -0.344 0.2992, -0.4278 -0.3281 0.2992, -0.4257 -0.3122 0.2992, 0.4984 0.2758 0.2992, 0.4177 -0.5222 0.2992, 0.4177 0.2758 0.2992, 0.3802 -0.5222 0.2992, 0.3802 0.2758 0.2992, 0.3675 -0.5222 0.2992, 0.3675 0.2758 0.2992, 0.3522 -0.5222 0.2992, 0.3207 -0.5222 0.2992, 0.3024 -0.5222 0.2992, 0.2984 -0.5222 0.2992, 0.2984 0.2758 0.2992, 0.295 -0.5222 0.2992, 0.2661 -0.5222 0.2992, 0.2653 -0.5222 0.2992, 0.2653 0.2758 0.2992, 0.284 0.2923 0.2992, 0.2653 0.3552 0.2992, 0.3024 0.3552 0.2992, 0.2651 0.3601 0.2992, 0.2651 0.3555 0.2992, 0.244 0.3555 0.2992, 0.2491 0.3956 0.2992, 0.2653 0.3959 0.2992, 0.244 0.3956 0.2992, 0.2491 0.3601 0.2992, 0.3207 0.3555 0.2992, 0.4984 0.3959 0.2992, 0.4177 0.3959 0.2992, 0.3839 0.3956 0.2992, 0.5419 0.2917 0.2992, 0.5419 0.3267 0.2992, 0.5419 0.3552 0.2992, 0.5419 0.3959 0.2992, -0.5419 0.2917 0.2992, -0.5419 0.3267 0.2992, -0.5419 0.3552 0.2992, -0.5419 0.3959 0.2992, -0.5419 0.5222 0.2992, 0.2653 0.5222 0.2992, 0.5419 0.5222 0.2992, 0.4984 0.5222 0.2992, 0.4177 0.5222 0.2992, 0.3802 0.5222 0.2992, 0.3675 0.5222 0.2992, 0.3522 0.5222 0.2992, 0.3207 0.5222 0.2992, 0.3024 0.5222 0.2992, 0.2984 0.5222 0.2992, 0.6201 0.561 0.0433, 0.6201 0.0394 0.0433, 0.6201 0.561 0.0039, 0.6201 0.0394 0.0039, -0.5807 0.6004 0.0433, -0.4429 0.6004 0.0433, -0.5807 0.6004 0.0039, -0.4429 0.6004 0.0039, -0.187 0.6004 0.0433, -0.187 0.6004 0.0039, -0.3248 0.6004 0.0433, -0.3248 0.6004 0.0039, 0.0689 0.6004 0.0433, 0.0689 0.6004 0.0039, -0.0689 0.6004 0.0433, -0.0689 0.6004 0.0039, 0.3248 0.6004 0.0433, 0.3248 0.6004 0.0039, 0.187 0.6004 0.0433, 0.187 0.6004 0.0039, -0.6201 -0.561 0.0433, -0.6201 -0.0394 0.0433, -0.6201 -0.561 0.0039, -0.6201 -0.0394 0.0039, 0.5807 -0.6004 0.0433, 0.4429 -0.6004 0.0433, 0.5807 -0.6004 0.0039, 0.4429 -0.6004 0.0039, 0.187 -0.6004 0.0433, 0.187 -0.6004 0.0039, 0.3248 -0.6004 0.0433, 0.3248 -0.6004 0.0039, -0.0689 -0.6004 0.0433, -0.0689 -0.6004 0.0039, 0.0689 -0.6004 0.0433, 0.0689 -0.6004 0.0039, -0.3248 -0.6004 0.0433, -0.3248 -0.6004 0.0039, -0.187 -0.6004 0.0433, -0.187 -0.6004 0.0039, -0.0492 0.4843 0.0039, -0.0689 0.4843 0.0039, 0.3248 -0.4921 0.0039, 0.0748 -0.2205 0.0039, 0.4429 -0.4921 0.0039, 0.4843 -0.2205 0.0039, 0.5039 -0.0394 0.0039, 0.6201 -0.0394 0.0039, 0.5039 -0.0807 0.0039, 0.6201 -0.561 0.0039, 0.4843 -0.0807 0.0039, 0.0689 -0.4921 0.0039, -0.4843 -0.2205 0.0039, 0.187 -0.4921 0.0039, -0.0748 -0.2205 0.0039, -0.187 -0.4921 0.0039, 0.6148 -0.5807 0.0039, 0.6085 -0.5889 0.0039, 0.6004 -0.5951 0.0039, 0.0689 0.4843 0.0039, 0.0492 0.4843 0.0039, -0.5039 -0.0394 0.0039, -0.5039 -0.0807 0.0039, -0.3248 -0.4921 0.0039, -0.4429 -0.4921 0.0039, 0.6187 -0.5712 0.0039, 0.5909 -0.5991 0.0039, -0.0748 0.4646 0.0039, -0.0492 0.4646 0.0039, 0.0492 0.4646 0.0039, -0.4843 -0.0807 0.0039, -0.4429 -0.6004 0.0039, -0.5807 -0.6004 0.0039, 0.0748 0.4646 0.0039, -0.0689 -0.4921 0.0039, -0.6004 -0.5951 0.0039, -0.6085 -0.5889 0.0039, -0.5909 -0.5991 0.0039, -0.6148 -0.5807 0.0039, -0.6187 -0.5712 0.0039, -0.5807 -0.6004 0.0433, -0.4429 -0.6004 0.0433, -0.187 0.4843 0.0039, -0.2067 0.4843 0.0039, -0.3248 0.4843 0.0039, -0.3051 0.4843 0.0039, -0.3051 0.4646 0.0039, -0.2067 0.4646 0.0039, -0.4429 0.4843 0.0039, -0.4843 0.4843 0.0039, -0.5909 0.5991 0.0039, -0.6187 0.5712 0.0039, -0.6148 0.5807 0.0039, -0.6201 0.561 0.0039, -0.6085 0.5889 0.0039, -0.6004 0.5951 0.0039, -0.5039 0.0394 0.0039, -0.6201 0.0394 0.0039, -0.5039 0.0807 0.0039, -0.4843 0.0807 0.0039, 0.5807 0.6004 0.0039, 0.4429 0.6004 0.0039, 0.5807 0.6004 0.0433, 0.4429 0.6004 0.0433, -0.6201 0.561 0.0433, -0.6201 0.0394 0.0433, 0.5039 0.0807 0.0039, 0.5039 0.0394 0.0039, 0.4429 0.4843 0.0039, 0.4843 0.4843 0.0039, 0.5909 0.5991 0.0039, 0.6004 0.5951 0.0039, 0.6085 0.5889 0.0039, 0.6148 0.5807 0.0039, 0.4843 0.0807 0.0039, 0.6187 0.5712 0.0039, 0.2067 0.4843 0.0039, 0.187 0.4843 0.0039, 0.3248 0.4843 0.0039, 0.3051 0.4843 0.0039, 0.3051 0.4646 0.0039, 0.2067 0.4646 0.0039, 0.6201 -0.561 0.0433, 0.6201 -0.0394 0.0433
            ]
        }
        coordIndex [
            0,1,2,-1,3,4,5,-1,6,7,8,-1,9,10,11,-1,12,13,14,-1,15,16,17,-1,17,16,18,-1,19,20,17,-1,17,20,21,-1,17,21,22,-1,22,23,17,-1,17,23,24,-1,17,24,15,-1,25,26,27,-1,27,26,28,-1,28,26,29,-1,28,29,30,-1,31,32,33,-1,25,27,34,-1,34,27,31,-1,34,31,35,-1,33,36,31,-1,31,36,37,-1,31,37,38,-1,38,39,31,-1,31,39,40,-1,31,40,35,-1,35,40,41,-1,35,41,42,-1,42,41,43,-1,42,43,44,-1,45,46,32,-1,32,46,47,-1,32,47,33,-1,48,49,50,-1,50,51,52,-1,52,51,53,-1,52,53,32,-1,32,53,54,-1,32,54,45,-1,48,50,55,-1,49,56,50,-1,50,56,57,-1,50,57,51,-1,58,59,60,-1,60,59,61,-1,61,62,60,-1,60,62,63,-1,60,63,50,-1,50,63,64,-1,50,64,55,-1,65,66,67,-1,67,66,68,-1,67,68,69,-1,69,68,70,-1,69,70,58,-1,71,72,73,-1,72,74,73,-1,73,74,75,-1,73,75,76,-1,77,78,79,-1,77,79,80,-1,81,82,83,-1,83,82,84,-1,78,85,79,-1,79,85,86,-1,79,86,87,-1,81,88,82,-1,82,88,89,-1,82,89,90,-1,91,92,71,-1,92,93,71,-1,71,93,94,-1,71,94,95,-1,96,97,98,-1,98,97,99,-1,98,99,82,-1,82,99,100,-1,82,100,84,-1,82,101,102,-1,95,103,71,-1,71,103,104,-1,71,104,105,-1,105,104,96,-1,105,96,106,-1,106,96,98,-1,90,107,82,-1,82,107,108,-1,82,108,109,-1,109,110,82,-1,82,110,111,-1,82,111,101,-1,112,113,114,-1,112,114,115,-1,102,116,82,-1,82,116,117,-1,82,117,118,-1,118,117,119,-1,118,119,120,-1,121,122,123,-1,123,122,124,-1,123,124,125,-1,126,127,128,-1,128,127,123,-1,128,123,129,-1,129,123,125,-1,118,130,131,-1,120,132,118,-1,118,132,133,-1,118,133,130,-1,134,135,136,-1,136,135,118,-1,136,118,137,-1,137,118,131,-1,134,114,135,-1,135,114,113,-1,135,113,14,-1,14,113,138,-1,14,138,12,-1,139,140,126,-1,126,140,141,-1,126,141,127,-1,139,142,140,-1,140,142,143,-1,140,143,144,-1,145,146,147,-1,145,147,148,-1,122,147,149,-1,121,115,122,-1,122,115,114,-1,122,114,147,-1,147,114,150,-1,147,150,148,-1,146,151,147,-1,147,151,152,-1,147,152,153,-1,153,152,154,-1,149,155,122,-1,122,155,156,-1,122,156,157,-1,158,159,154,-1,154,159,160,-1,154,160,153,-1,161,162,157,-1,157,162,163,-1,157,163,122,-1,16,164,18,-1,18,164,165,-1,18,165,166,-1,166,167,5,-1,5,167,168,-1,5,168,169,-1,170,171,172,-1,172,173,170,-1,170,173,174,-1,170,174,175,-1,175,174,176,-1,175,176,177,-1,177,176,178,-1,177,178,179,-1,179,178,180,-1,179,180,181,-1,181,180,182,-1,181,182,183,-1,183,182,184,-1,183,184,185,-1,185,184,174,-1,185,174,173,-1,186,187,184,-1,188,189,174,-1,174,189,190,-1,174,190,191,-1,191,192,174,-1,174,192,193,-1,174,193,194,-1,187,195,184,-1,184,195,196,-1,184,196,174,-1,174,196,197,-1,174,197,188,-1,198,199,200,-1,200,199,201,-1,200,201,202,-1,202,201,203,-1,204,205,182,-1,182,205,206,-1,182,206,184,-1,184,206,207,-1,184,207,186,-1,208,209,194,-1,194,209,210,-1,193,198,194,-1,194,198,200,-1,194,200,208,-1,208,200,211,-1,208,211,212,-1,212,211,213,-1,212,213,214,-1,214,213,215,-1,216,217,218,-1,218,217,219,-1,218,219,200,-1,200,219,220,-1,200,220,211,-1,221,216,222,-1,222,216,218,-1,222,218,223,-1,223,218,200,-1,223,200,224,-1,224,200,202,-1,224,202,225,-1,225,202,226,-1,225,226,227,-1,227,226,228,-1,209,229,210,-1,210,229,9,-1,210,9,230,-1,230,9,11,-1,231,232,233,-1,233,232,234,-1,235,236,237,-1,238,239,240,-1,235,237,240,-1,240,237,241,-1,240,241,238,-1,239,242,240,-1,240,242,243,-1,240,243,233,-1,233,243,244,-1,233,244,231,-1,245,246,247,-1,247,246,248,-1,247,248,249,-1,249,248,250,-1,251,252,7,-1,7,252,253,-1,7,253,8,-1,8,254,255,-1,255,254,256,-1,232,257,234,-1,234,257,258,-1,234,258,259,-1,260,261,8,-1,8,261,262,-1,259,263,234,-1,234,263,264,-1,234,264,254,-1,254,264,265,-1,254,265,256,-1,266,267,255,-1,255,267,268,-1,255,268,8,-1,8,268,269,-1,8,269,260,-1,262,270,8,-1,8,270,271,-1,8,271,6,-1,272,273,274,-1,274,273,275,-1,274,275,276,-1,274,277,272,-1,272,277,278,-1,272,278,279,-1,279,280,272,-1,272,280,281,-1,272,281,282,-1,282,281,283,-1,282,283,284,-1,284,283,285,-1,284,285,255,-1,255,285,286,-1,255,286,266,-1,287,288,276,-1,276,288,289,-1,276,289,274,-1,290,291,236,-1,236,291,292,-1,236,292,237,-1,290,293,291,-1,291,293,294,-1,291,294,295,-1,295,294,296,-1,295,297,298,-1,296,299,295,-1,295,299,300,-1,295,300,301,-1,301,302,295,-1,295,302,303,-1,295,303,297,-1,298,304,295,-1,295,304,305,-1,295,305,306,-1,307,308,182,-1,182,308,309,-1,310,311,309,-1,309,311,202,-1,309,202,182,-1,182,202,203,-1,182,203,204,-1,311,312,202,-1,202,312,313,-1,202,313,226,-1,226,313,314,-1,226,314,315,-1,315,314,316,-1,315,316,317,-1,318,319,320,-1,321,322,323,-1,323,322,320,-1,318,320,324,-1,324,320,322,-1,324,322,325,-1,326,327,321,-1,328,329,228,-1,228,329,321,-1,228,321,330,-1,330,321,327,-1,331,332,226,-1,333,334,315,-1,332,335,226,-1,226,335,336,-1,226,336,228,-1,228,336,337,-1,228,337,328,-1,333,315,338,-1,325,339,324,-1,324,339,340,-1,324,340,315,-1,315,340,341,-1,315,341,338,-1,334,342,315,-1,315,342,343,-1,315,343,226,-1,226,343,344,-1,226,344,331,-1,345,346,347,-1,347,346,348,-1,347,348,349,-1,348,326,349,-1,349,326,321,-1,349,321,350,-1,350,321,323,-1,350,323,351,-1,351,323,352,-1,351,352,353,-1,353,352,354,-1,319,318,355,-1,355,318,356,-1,355,356,357,-1,358,359,360,-1,360,359,361,-1,360,361,362,-1,362,361,363,-1,362,363,364,-1,364,363,365,-1,366,367,368,-1,363,369,370,-1,371,372,373,-1,373,372,374,-1,367,375,368,-1,368,375,374,-1,368,374,376,-1,376,374,372,-1,366,368,363,-1,363,368,377,-1,363,377,378,-1,370,379,363,-1,363,379,380,-1,363,380,365,-1,378,381,363,-1,363,381,382,-1,363,382,369,-1,383,384,385,-1,385,384,386,-1,385,386,387,-1,387,386,388,-1,389,390,391,-1,391,390,392,-1,391,392,393,-1,394,395,396,-1,396,395,397,-1,394,398,395,-1,395,398,399,-1,395,399,400,-1,401,402,403,-1,404,405,401,-1,401,405,406,-1,401,406,402,-1,403,407,401,-1,401,407,408,-1,401,408,409,-1,410,411,412,-1,412,411,413,-1,412,413,414,-1,360,415,358,-1,358,415,416,-1,358,416,417,-1,417,416,418,-1,417,418,419,-1,420,421,411,-1,411,421,422,-1,422,421,423,-1,422,423,424,-1,425,426,427,-1,427,426,428,-1,429,430,428,-1,428,430,420,-1,428,420,427,-1,427,420,411,-1,166,5,18,-1,18,5,4,-1,18,4,431,-1,432,433,427,-1,425,427,434,-1,434,427,433,-1,434,433,435,-1,423,436,424,-1,424,436,3,-1,424,3,79,-1,79,3,5,-1,79,5,80,-1,80,5,169,-1,422,437,438,-1,439,440,441,-1,441,440,442,-1,438,443,422,-1,422,443,444,-1,422,444,445,-1,422,446,411,-1,411,446,447,-1,411,447,448,-1,445,449,422,-1,422,449,450,-1,422,450,451,-1,452,453,454,-1,455,456,442,-1,442,456,457,-1,442,457,458,-1,451,459,422,-1,422,459,460,-1,422,460,446,-1,446,460,461,-1,446,461,462,-1,462,463,446,-1,446,463,464,-1,446,464,465,-1,465,464,454,-1,465,454,466,-1,466,454,453,-1,467,468,413,-1,413,468,469,-1,448,470,411,-1,411,470,471,-1,411,471,413,-1,413,471,472,-1,413,472,467,-1,469,473,413,-1,413,473,474,-1,413,474,475,-1,476,477,454,-1,454,477,478,-1,454,478,479,-1,479,480,454,-1,454,480,481,-1,454,481,452,-1,482,483,484,-1,484,483,485,-1,484,485,486,-1,487,488,8,-1,8,488,489,-1,8,489,254,-1,254,489,490,-1,254,490,11,-1,491,492,493,-1,493,494,491,-1,491,494,495,-1,491,495,490,-1,490,495,496,-1,490,496,11,-1,11,496,497,-1,11,497,230,-1,498,499,500,-1,500,499,501,-1,500,501,253,-1,253,501,502,-1,253,502,503,-1,503,504,253,-1,253,504,505,-1,253,505,8,-1,8,505,506,-1,8,506,507,-1,507,508,8,-1,8,508,509,-1,8,509,510,-1,510,511,8,-1,8,511,512,-1,8,512,487,-1,513,514,500,-1,500,514,515,-1,500,515,498,-1,58,60,69,-1,69,60,516,-1,69,516,517,-1,517,518,69,-1,69,518,519,-1,69,519,520,-1,521,522,523,-1,523,522,524,-1,523,524,525,-1,526,527,528,-1,529,530,60,-1,60,530,531,-1,520,532,69,-1,69,532,533,-1,69,533,523,-1,523,533,534,-1,523,534,521,-1,531,535,60,-1,60,535,536,-1,60,536,516,-1,527,537,528,-1,528,537,538,-1,528,538,529,-1,525,539,523,-1,523,539,540,-1,523,540,528,-1,528,540,541,-1,528,541,526,-1,0,542,543,-1,543,542,544,-1,543,544,545,-1,545,544,546,-1,545,546,547,-1,547,546,548,-1,547,548,549,-1,549,548,500,-1,549,500,550,-1,550,500,253,-1,550,253,551,-1,551,253,252,-1,551,252,552,-1,552,252,553,-1,552,553,554,-1,554,553,485,-1,554,485,555,-1,555,485,483,-1,555,483,556,-1,556,483,557,-1,556,557,67,-1,67,557,73,-1,67,73,65,-1,65,73,76,-1,482,437,483,-1,483,437,422,-1,483,422,557,-1,557,422,424,-1,557,424,73,-1,73,424,79,-1,73,79,71,-1,71,79,87,-1,71,87,91,-1,251,250,252,-1,252,250,248,-1,252,248,553,-1,553,248,246,-1,553,246,485,-1,485,246,441,-1,485,441,486,-1,486,441,442,-1,486,442,558,-1,558,442,458,-1,542,176,544,-1,544,176,174,-1,544,174,546,-1,546,174,194,-1,546,194,548,-1,548,194,210,-1,548,210,500,-1,500,210,230,-1,500,230,513,-1,513,230,497,-1,245,240,246,-1,246,240,233,-1,246,233,441,-1,441,233,413,-1,441,413,439,-1,439,413,475,-1,410,397,411,-1,411,397,395,-1,411,395,427,-1,427,395,559,-1,427,559,432,-1,10,227,11,-1,11,227,228,-1,11,228,254,-1,254,228,330,-1,254,330,234,-1,234,330,560,-1,234,560,233,-1,233,560,358,-1,233,358,413,-1,413,358,417,-1,413,417,414,-1,414,417,419,-1,561,562,559,-1,559,562,563,-1,564,565,566,-1,566,565,17,-1,566,17,563,-1,563,17,18,-1,563,18,559,-1,559,18,431,-1,559,431,432,-1,400,404,395,-1,395,404,401,-1,395,401,559,-1,559,401,565,-1,559,565,561,-1,561,565,564,-1,561,564,567,-1,327,568,330,-1,330,568,357,-1,330,357,560,-1,560,357,356,-1,560,356,358,-1,358,356,384,-1,358,384,359,-1,359,384,383,-1,180,569,182,-1,182,569,570,-1,182,570,307,-1,307,570,317,-1,307,317,571,-1,571,317,316,-1,0,2,542,-1,542,2,572,-1,542,572,176,-1,176,572,573,-1,176,573,178,-1,178,573,574,-1,178,574,180,-1,180,574,575,-1,180,575,569,-1,529,60,528,-1,528,60,50,-1,528,50,576,-1,576,50,52,-1,576,52,577,-1,577,52,32,-1,577,32,578,-1,578,32,31,-1,578,31,579,-1,579,31,27,-1,579,27,580,-1,409,393,401,-1,401,393,392,-1,401,392,565,-1,565,392,581,-1,565,581,17,-1,17,581,28,-1,17,28,19,-1,19,28,30,-1,575,582,569,-1,569,582,583,-1,569,583,570,-1,570,583,584,-1,570,584,317,-1,317,584,585,-1,317,585,315,-1,315,585,586,-1,315,586,324,-1,324,586,587,-1,324,587,318,-1,318,587,588,-1,318,588,356,-1,356,588,589,-1,356,589,384,-1,384,589,590,-1,384,590,386,-1,386,590,390,-1,386,390,388,-1,388,390,389,-1,591,592,593,-1,593,592,594,-1,595,596,597,-1,597,596,598,-1,599,600,601,-1,601,600,602,-1,603,604,605,-1,605,604,606,-1,607,608,609,-1,609,608,610,-1,611,612,613,-1,613,612,614,-1,615,616,617,-1,617,616,618,-1,619,620,621,-1,621,620,622,-1,623,624,625,-1,625,624,626,-1,627,628,629,-1,629,628,630,-1,631,632,606,-1,633,634,635,-1,635,634,636,-1,637,638,639,-1,639,638,640,-1,639,640,641,-1,642,643,644,-1,644,643,645,-1,646,630,628,-1,647,648,636,-1,636,648,649,-1,604,650,651,-1,614,652,653,-1,654,655,643,-1,641,640,636,-1,636,640,656,-1,636,656,647,-1,618,635,617,-1,617,635,636,-1,617,636,657,-1,657,636,649,-1,645,658,659,-1,606,604,631,-1,631,604,651,-1,631,651,659,-1,659,651,660,-1,659,660,645,-1,614,653,613,-1,613,653,661,-1,613,661,643,-1,655,662,663,-1,622,620,633,-1,633,620,644,-1,633,644,634,-1,634,644,645,-1,634,645,664,-1,664,645,660,-1,628,654,646,-1,646,654,643,-1,646,643,665,-1,665,643,642,-1,665,642,624,-1,624,642,626,-1,666,667,643,-1,655,663,643,-1,643,663,668,-1,643,668,666,-1,667,669,643,-1,643,669,670,-1,643,670,613,-1,663,662,671,-1,671,662,672,-1,600,673,602,-1,602,673,674,-1,675,602,676,-1,676,602,674,-1,676,674,677,-1,677,674,678,-1,598,679,597,-1,597,679,680,-1,597,680,681,-1,682,683,680,-1,682,680,684,-1,683,685,680,-1,680,685,686,-1,680,686,681,-1,687,688,689,-1,689,688,684,-1,689,684,690,-1,690,684,680,-1,691,692,693,-1,693,692,694,-1,684,688,695,-1,695,688,696,-1,593,594,697,-1,697,594,698,-1,699,692,700,-1,700,692,691,-1,700,691,701,-1,701,702,700,-1,700,702,703,-1,700,703,704,-1,697,705,593,-1,593,705,700,-1,593,700,706,-1,706,700,704,-1,707,708,610,-1,608,709,710,-1,711,712,710,-1,710,712,707,-1,710,707,608,-1,608,707,610,-1,640,638,713,-1,713,638,714,-1,
        ]
    }
}
Shape{
    appearance Appearance {
        material  Material 	{
            diffuseColor 0.8509803921568627 0.8509803921568627 0.8509803921568627
            specularColor 0.4235294117647059 0.4235294117647059 0.4235294117647059
            ambientIntensity 0.851
            transparency 0.0
            shininess 0.5
        }
    }
    geometry IndexedFaceSet {
        ccw TRUE
        solid FALSE
        coord DEF co Coordinate {
            point [
                0.187 -0.6496 0.0, 0.187 -0.4921 0.0, 0.187 -0.6004 0.0039, 0.187 -0.4921 0.0039, 0.187 -0.6496 0.0598, 0.187 -0.6004 0.0433, 0.187 -0.5975 0.0598, 0.0689 -0.4921 0.0039, 0.0689 -0.4921 0.0, 0.0689 -0.6004 0.0039, 0.0689 -0.6496 0.0, 0.0689 -0.6004 0.0433, 0.0689 -0.6496 0.0598, 0.0689 -0.5975 0.0598, 0.3248 -0.5975 0.0598, 0.3248 -0.6496 0.0598, 0.4429 -0.5975 0.0598, 0.4429 -0.6496 0.0598, 0.4429 -0.6496 0.0, 0.4429 -0.4921 0.0, 0.4429 -0.6004 0.0039, 0.4429 -0.4921 0.0039, 0.4429 -0.6004 0.0433, 0.3248 -0.4921 0.0, 0.3248 -0.4921 0.0039, 0.3248 -0.6004 0.0039, 0.3248 -0.6496 0.0, 0.3248 -0.6004 0.0433, 0.6172 -0.0394 0.0598, 0.6496 -0.0394 0.0598, 0.6172 0.0394 0.0598, 0.6496 0.0394 0.0598, 0.187 0.5975 0.0598, 0.187 0.6496 0.0598, 0.0689 0.5975 0.0598, 0.0689 0.6496 0.0598, 0.4429 0.5975 0.0598, 0.4429 0.6496 0.0598, 0.3248 0.5975 0.0598, 0.3248 0.6496 0.0598, 0.0689 0.6496 0.0, 0.0689 0.4843 0.0, 0.0689 0.6004 0.0039, 0.0689 0.4843 0.0039, 0.0689 0.6004 0.0433, 0.0492 0.4843 0.0, 0.0492 0.4843 0.0039, 0.0492 0.4646 0.0, 0.0492 0.4646 0.0039, 0.0748 0.4646 0.0, 0.0748 0.4646 0.0039, 0.0748 -0.2205 0.0, 0.0748 -0.2205 0.0039, 0.4843 -0.2205 0.0, 0.4843 -0.2205 0.0039, 0.4843 -0.0807 0.0, 0.4843 -0.0807 0.0039, 0.5039 -0.0807 0.0, 0.5039 -0.0807 0.0039, 0.5039 -0.0394 0.0, 0.5039 -0.0394 0.0039, 0.6201 -0.0394 0.0039, 0.6496 -0.0394 0.0, 0.6201 -0.0394 0.0433, 0.6496 0.0394 0.0, 0.5039 0.0394 0.0, 0.6201 0.0394 0.0039, 0.5039 0.0394 0.0039, 0.6201 0.0394 0.0433, 0.5039 0.0807 0.0, 0.5039 0.0807 0.0039, 0.4843 0.0807 0.0, 0.4843 0.0807 0.0039, 0.4843 0.4843 0.0, 0.4843 0.4843 0.0039, 0.4429 0.4843 0.0, 0.4429 0.4843 0.0039, 0.4429 0.6004 0.0039, 0.4429 0.6496 0.0, 0.4429 0.6004 0.0433, 0.3248 0.6496 0.0, 0.3248 0.4843 0.0, 0.3248 0.6004 0.0039, 0.3248 0.4843 0.0039, 0.3248 0.6004 0.0433, 0.3051 0.4843 0.0, 0.3051 0.4843 0.0039, 0.3051 0.4646 0.0, 0.3051 0.4646 0.0039, 0.2067 0.4646 0.0, 0.2067 0.4646 0.0039, 0.2067 0.4843 0.0, 0.2067 0.4843 0.0039, 0.187 0.4843 0.0, 0.187 0.4843 0.0039, 0.187 0.6004 0.0039, 0.187 0.6496 0.0, 0.187 0.6004 0.0433, -0.3248 0.5975 0.0598, -0.3248 0.6496 0.0598, -0.4429 0.5975 0.0598, -0.4429 0.6496 0.0598, -0.0689 0.5975 0.0598, -0.0689 0.6496 0.0598, -0.187 0.5975 0.0598, -0.187 0.6496 0.0598, -0.6172 0.0394 0.0598, -0.6496 0.0394 0.0598, -0.6172 -0.0394 0.0598, -0.6496 -0.0394 0.0598, -0.0492 0.4843 0.0, -0.0689 0.4843 0.0, -0.0492 0.4843 0.0039, -0.0689 0.4843 0.0039, -0.0689 0.6004 0.0039, -0.0689 0.6496 0.0, -0.0689 0.6004 0.0433, -0.187 0.6496 0.0, -0.187 0.4843 0.0, -0.187 0.6004 0.0039, -0.187 0.4843 0.0039, -0.187 0.6004 0.0433, -0.2067 0.4843 0.0, -0.2067 0.4843 0.0039, -0.2067 0.4646 0.0, -0.2067 0.4646 0.0039, -0.3051 0.4646 0.0, -0.3051 0.4646 0.0039, -0.3051 0.4843 0.0, -0.3051 0.4843 0.0039, -0.3248 0.4843 0.0, -0.3248 0.4843 0.0039, -0.3248 0.6004 0.0039, -0.3248 0.6496 0.0, -0.3248 0.6004 0.0433, -0.4429 0.6496 0.0, -0.4429 0.4843 0.0, -0.4429 0.6004 0.0039, -0.4429 0.4843 0.0039, -0.4429 0.6004 0.0433, -0.4843 0.4843 0.0, -0.4843 0.4843 0.0039, -0.4843 0.0807 0.0, -0.4843 0.0807 0.0039, -0.5039 0.0807 0.0, -0.5039 0.0807 0.0039, -0.5039 0.0394 0.0, -0.5039 0.0394 0.0039, -0.6201 0.0394 0.0039, -0.6496 0.0394 0.0, -0.6201 0.0394 0.0433, -0.6496 -0.0394 0.0, -0.5039 -0.0394 0.0, -0.6201 -0.0394 0.0039, -0.5039 -0.0394 0.0039, -0.6201 -0.0394 0.0433, -0.5039 -0.0807 0.0, -0.5039 -0.0807 0.0039, -0.4843 -0.0807 0.0, -0.4843 -0.0807 0.0039, -0.4843 -0.2205 0.0, -0.4843 -0.2205 0.0039, -0.0748 -0.2205 0.0, -0.0748 -0.2205 0.0039, -0.0748 0.4646 0.0, -0.0748 0.4646 0.0039, -0.0492 0.4646 0.0, -0.0492 0.4646 0.0039, -0.4429 -0.5975 0.0598, -0.4429 -0.6496 0.0598, -0.3248 -0.5975 0.0598, -0.3248 -0.6496 0.0598, -0.3248 -0.4921 0.0, -0.4429 -0.4921 0.0, -0.3248 -0.4921 0.0039, -0.4429 -0.4921 0.0039, -0.4429 -0.6004 0.0039, -0.4429 -0.6496 0.0, -0.4429 -0.6004 0.0433, -0.3248 -0.6496 0.0, -0.3248 -0.6004 0.0039, -0.3248 -0.6004 0.0433, -0.187 -0.5975 0.0598, -0.187 -0.6496 0.0598, -0.0689 -0.5975 0.0598, -0.0689 -0.6496 0.0598, -0.0689 -0.4921 0.0, -0.187 -0.4921 0.0, -0.0689 -0.4921 0.0039, -0.187 -0.4921 0.0039, -0.187 -0.6004 0.0039, -0.187 -0.6496 0.0, -0.187 -0.6004 0.0433, -0.0689 -0.6496 0.0, -0.0689 -0.6004 0.0039, -0.0689 -0.6004 0.0433
            ]
        }
        coordIndex [
            0,1,2,-1,2,1,3,-1,0,2,4,-1,4,2,5,-1,4,5,6,-1,7,8,9,-1,9,8,10,-1,9,10,11,-1,11,10,12,-1,11,12,13,-1,13,12,6,-1,6,12,4,-1,3,1,7,-1,7,1,8,-1,4,12,0,-1,0,12,10,-1,10,8,0,-1,0,8,1,-1,14,15,16,-1,16,15,17,-1,18,19,20,-1,20,19,21,-1,18,20,17,-1,17,20,22,-1,17,22,16,-1,19,23,21,-1,21,23,24,-1,24,23,25,-1,25,23,26,-1,25,26,27,-1,27,26,15,-1,27,15,14,-1,17,15,18,-1,18,15,26,-1,26,23,18,-1,18,23,19,-1,28,29,30,-1,30,29,31,-1,32,33,34,-1,34,33,35,-1,36,37,38,-1,38,37,39,-1,40,41,42,-1,42,41,43,-1,40,42,35,-1,35,42,44,-1,35,44,34,-1,41,45,43,-1,43,45,46,-1,45,47,46,-1,46,47,48,-1,47,49,48,-1,48,49,50,-1,49,51,50,-1,50,51,52,-1,51,53,52,-1,52,53,54,-1,53,55,54,-1,54,55,56,-1,55,57,56,-1,56,57,58,-1,57,59,58,-1,58,59,60,-1,60,59,61,-1,61,59,62,-1,61,62,63,-1,63,62,29,-1,63,29,28,-1,31,29,64,-1,64,29,62,-1,64,65,66,-1,66,65,67,-1,64,66,31,-1,31,66,68,-1,31,68,30,-1,65,69,67,-1,67,69,70,-1,69,71,70,-1,70,71,72,-1,71,73,72,-1,72,73,74,-1,73,75,74,-1,74,75,76,-1,76,75,77,-1,77,75,78,-1,77,78,79,-1,79,78,37,-1,79,37,36,-1,39,37,80,-1,80,37,78,-1,80,81,82,-1,82,81,83,-1,80,82,39,-1,39,82,84,-1,39,84,38,-1,81,85,83,-1,83,85,86,-1,85,87,86,-1,86,87,88,-1,87,89,88,-1,88,89,90,-1,89,91,90,-1,90,91,92,-1,91,93,92,-1,92,93,94,-1,94,93,95,-1,95,93,96,-1,95,96,97,-1,97,96,33,-1,97,33,32,-1,35,33,40,-1,40,33,96,-1,49,47,45,-1,65,64,62,-1,40,96,41,-1,41,96,93,-1,85,81,71,-1,91,89,93,-1,93,89,49,-1,93,49,41,-1,41,49,45,-1,53,51,55,-1,55,51,49,-1,55,49,57,-1,73,71,75,-1,75,71,81,-1,75,81,78,-1,78,81,80,-1,62,59,65,-1,65,59,71,-1,65,71,69,-1,57,49,59,-1,59,49,89,-1,59,89,71,-1,71,89,87,-1,71,87,85,-1,98,99,100,-1,100,99,101,-1,102,103,104,-1,104,103,105,-1,106,107,108,-1,108,107,109,-1,110,111,112,-1,112,111,113,-1,113,111,114,-1,114,111,115,-1,114,115,116,-1,116,115,103,-1,116,103,102,-1,105,103,117,-1,117,103,115,-1,117,118,119,-1,119,118,120,-1,117,119,105,-1,105,119,121,-1,105,121,104,-1,118,122,120,-1,120,122,123,-1,122,124,123,-1,123,124,125,-1,124,126,125,-1,125,126,127,-1,126,128,127,-1,127,128,129,-1,128,130,129,-1,129,130,131,-1,131,130,132,-1,132,130,133,-1,132,133,134,-1,134,133,99,-1,134,99,98,-1,101,99,135,-1,135,99,133,-1,135,136,137,-1,137,136,138,-1,135,137,101,-1,101,137,139,-1,101,139,100,-1,136,140,138,-1,138,140,141,-1,140,142,141,-1,141,142,143,-1,142,144,143,-1,143,144,145,-1,144,146,145,-1,145,146,147,-1,147,146,148,-1,148,146,149,-1,148,149,150,-1,150,149,107,-1,150,107,106,-1,109,107,151,-1,151,107,149,-1,151,152,153,-1,153,152,154,-1,151,153,109,-1,109,153,155,-1,109,155,108,-1,152,156,154,-1,154,156,157,-1,156,158,157,-1,157,158,159,-1,158,160,159,-1,159,160,161,-1,160,162,161,-1,161,162,163,-1,162,164,163,-1,163,164,165,-1,164,166,165,-1,165,166,167,-1,166,110,167,-1,167,110,112,-1,130,128,126,-1,164,162,160,-1,110,166,111,-1,111,166,164,-1,142,140,136,-1,160,158,164,-1,164,158,156,-1,164,156,152,-1,124,122,118,-1,151,149,152,-1,152,149,146,-1,146,144,142,-1,135,133,136,-1,136,133,130,-1,136,130,142,-1,142,130,126,-1,142,126,124,-1,146,142,152,-1,152,142,124,-1,152,124,164,-1,164,124,118,-1,164,118,111,-1,111,118,117,-1,111,117,115,-1,168,169,170,-1,170,169,171,-1,172,173,174,-1,174,173,175,-1,175,173,176,-1,176,173,177,-1,176,177,178,-1,178,177,169,-1,178,169,168,-1,171,169,179,-1,179,169,177,-1,179,172,180,-1,180,172,174,-1,179,180,171,-1,171,180,181,-1,171,181,170,-1,179,177,172,-1,172,177,173,-1,182,183,184,-1,184,183,185,-1,186,187,188,-1,188,187,189,-1,189,187,190,-1,190,187,191,-1,190,191,192,-1,192,191,183,-1,192,183,182,-1,185,183,193,-1,193,183,191,-1,193,186,194,-1,194,186,188,-1,193,194,185,-1,185,194,195,-1,185,195,184,-1,193,191,186,-1,186,191,187,-1,
        ]
    }
}
Shape{
    appearance Appearance {
        material  Material 	{
            diffuseColor 0.2235294117647059 0.2235294117647059 0.2235294117647059
            specularColor 0.11372549019607843 0.11372549019607843 0.11372549019607843
            ambientIntensity 0.2235
            transparency 0.0
            shininess 0.5
        }
    }
    geometry IndexedFaceSet {
        ccw TRUE
        solid FALSE
        coord DEF co Coordinate {
            point [
                0.3248 0.5975 0.0598, 0.3248 0.6004 0.0433, 0.187 0.6004 0.0433, 0.5419 0.561 0.2667, 0.5813 0.6004 0.0433, 0.5807 0.6004 0.0433, -0.3248 0.5975 0.0598, -0.4429 0.5975 0.0598, -0.5419 0.561 0.2667, 0.187 0.5975 0.0598, 0.4429 0.5975 0.0598, 0.4429 0.6004 0.0433, -0.187 0.5975 0.0598, -0.187 0.6004 0.0433, -0.3248 0.6004 0.0433, 0.0689 0.6004 0.0433, -0.0689 0.6004 0.0433, 0.0689 0.5975 0.0598, -0.0689 0.5975 0.0598, -0.4429 0.6004 0.0433, -0.5807 0.6004 0.0433, -0.5813 0.6004 0.0433, -0.6201 -0.561 0.0433, -0.6201 -0.5616 0.0433, -0.5807 -0.5222 0.2667, -0.6201 0.561 0.0433, -0.6201 0.0394 0.0433, -0.6172 0.0394 0.0598, -0.6201 -0.0394 0.0433, -0.6172 -0.0394 0.0598, -0.5807 0.5222 0.2667, -0.6201 0.5616 0.0433, 0.6201 0.561 0.0433, 0.6201 0.5616 0.0433, 0.5807 0.5222 0.2667, 0.6201 -0.561 0.0433, 0.6201 -0.0394 0.0433, 0.6172 -0.0394 0.0598, 0.6201 0.0394 0.0433, 0.6172 0.0394 0.0598, 0.5807 -0.5222 0.2667, 0.6201 -0.5616 0.0433, -0.5807 -0.6004 0.0433, -0.4429 -0.6004 0.0433, -0.4429 -0.5975 0.0598, -0.5419 -0.561 0.2667, -0.5813 -0.6004 0.0433, 0.3248 -0.5975 0.0598, 0.4429 -0.5975 0.0598, 0.5419 -0.561 0.2667, -0.3248 -0.6004 0.0433, -0.187 -0.6004 0.0433, -0.3248 -0.5975 0.0598, -0.187 -0.5975 0.0598, 0.187 -0.5975 0.0598, 0.187 -0.6004 0.0433, 0.3248 -0.6004 0.0433, -0.0689 -0.5975 0.0598, 0.4429 -0.6004 0.0433, 0.5807 -0.6004 0.0433, 0.5813 -0.6004 0.0433, 0.0689 -0.5975 0.0598, 0.0689 -0.6004 0.0433, -0.0689 -0.6004 0.0433, 0.5807 -0.6004 0.0039, 0.5909 -0.599 0.044, 0.5909 -0.5991 0.0039, 0.5913 -0.5989 0.0441, 0.6004 -0.5951 0.0039, 0.6004 -0.5951 0.0445, 0.6006 -0.595 0.0445, 0.6085 -0.5889 0.0039, 0.6085 -0.5889 0.0447, 0.6147 -0.5809 0.0445, 0.6148 -0.5807 0.0039, 0.6148 -0.5807 0.0445, 0.6186 -0.5716 0.0441, 0.6187 -0.5712 0.0039, 0.6187 -0.5712 0.044, 0.6201 -0.561 0.0039, -0.6201 -0.561 0.0039, -0.6187 -0.5712 0.044, -0.6187 -0.5712 0.0039, -0.6186 -0.5716 0.0441, -0.6148 -0.5807 0.0039, -0.6148 -0.5807 0.0445, -0.6147 -0.5809 0.0445, -0.6085 -0.5889 0.0039, -0.6085 -0.5889 0.0447, -0.6006 -0.595 0.0445, -0.6004 -0.5951 0.0039, -0.6004 -0.5951 0.0445, -0.5913 -0.5989 0.0441, -0.5909 -0.5991 0.0039, -0.5909 -0.599 0.044, -0.5807 -0.6004 0.0039, 0.5791 -0.5321 0.2681, 0.5791 -0.5322 0.2681, 0.5751 -0.5413 0.2691, 0.5751 -0.5414 0.2691, 0.5689 -0.5492 0.2694, 0.5611 -0.5554 0.2691, 0.561 -0.5554 0.2691, 0.5519 -0.5594 0.2681, 0.5518 -0.5594 0.2681, -0.5419 -0.5585 0.2752, 0.5419 -0.5585 0.2752, -0.5419 -0.5584 0.2754, 0.5419 -0.5584 0.2754, -0.5419 -0.5539 0.2832, 0.5419 -0.5539 0.2832, -0.5419 -0.5538 0.2833, 0.5419 -0.5538 0.2833, -0.5419 -0.5477 0.2899, 0.5419 -0.5477 0.2899, -0.5419 -0.5475 0.29, 0.5419 -0.5475 0.29, -0.5419 -0.54 0.295, 0.5419 -0.54 0.295, -0.5419 -0.5399 0.295, 0.5419 -0.5399 0.295, -0.5419 -0.5314 0.2981, 0.5419 -0.5314 0.2981, -0.5419 -0.5313 0.2981, 0.5419 -0.5313 0.2981, 0.5419 -0.5222 0.2992, -0.5419 -0.5222 0.2992, -0.5518 -0.5594 0.2681, -0.5519 -0.5594 0.2681, -0.561 -0.5554 0.2691, -0.5611 -0.5554 0.2691, -0.5689 -0.5492 0.2694, -0.5751 -0.5414 0.2691, -0.5751 -0.5413 0.2691, -0.5791 -0.5322 0.2681, -0.5791 -0.5321 0.2681, 0.6201 0.561 0.0039, 0.6187 0.5712 0.044, 0.6187 0.5712 0.0039, 0.6186 0.5716 0.0441, 0.6148 0.5807 0.0039, 0.6148 0.5807 0.0445, 0.6147 0.5809 0.0445, 0.6085 0.5889 0.0039, 0.6085 0.5889 0.0447, 0.6006 0.595 0.0445, 0.6004 0.5951 0.0039, 0.6004 0.5951 0.0445, 0.5913 0.5989 0.0441, 0.5909 0.5991 0.0039, 0.5909 0.599 0.044, 0.5807 0.6004 0.0039, 0.5735 -0.5222 0.2833, 0.5674 -0.5222 0.2899, 0.5665 -0.5288 0.2899, 0.5591 -0.5268 0.295, 0.5507 -0.5246 0.2981, 0.5498 -0.5268 0.2981, 0.5465 -0.5301 0.2981, 0.5484 -0.5287 0.2981, 0.5443 -0.5311 0.2981, 0.551 -0.5222 0.2981, 0.5769 -0.5316 0.2752, 0.5733 -0.5404 0.2752, 0.5676 -0.5479 0.2752, 0.56 -0.5536 0.2752, 0.5513 -0.5573 0.2752, 0.5672 -0.5222 0.29, 0.5597 -0.5222 0.295, 0.5596 -0.5222 0.295, 0.5511 -0.5222 0.2981, 0.5573 -0.5311 0.295, 0.5545 -0.5348 0.295, 0.5508 -0.5376 0.295, 0.5465 -0.5394 0.295, 0.5639 -0.535 0.2899, 0.5599 -0.5402 0.2899, 0.5546 -0.5443 0.2899, 0.5485 -0.5468 0.2899, 0.578 -0.5222 0.2754, 0.5736 -0.5222 0.2832, 0.5726 -0.5304 0.2832, 0.5694 -0.5381 0.2832, 0.5643 -0.5447 0.2832, 0.5578 -0.5497 0.2832, 0.5501 -0.5529 0.2832, 0.5782 -0.5222 0.2752, -0.5485 -0.5468 0.2899, -0.5465 -0.5394 0.295, -0.5443 -0.5311 0.2981, -0.5465 -0.5301 0.2981, -0.5498 -0.5268 0.2981, -0.5484 -0.5287 0.2981, -0.5507 -0.5246 0.2981, -0.5513 -0.5573 0.2752, -0.56 -0.5536 0.2752, -0.5676 -0.5479 0.2752, -0.5733 -0.5404 0.2752, -0.5769 -0.5316 0.2752, -0.5782 -0.5222 0.2752, -0.551 -0.5222 0.2981, -0.5508 -0.5376 0.295, -0.5545 -0.5348 0.295, -0.5573 -0.5311 0.295, -0.5591 -0.5268 0.295, -0.5511 -0.5222 0.2981, -0.5596 -0.5222 0.295, -0.5597 -0.5222 0.295, -0.5672 -0.5222 0.29, -0.5546 -0.5443 0.2899, -0.5599 -0.5402 0.2899, -0.5639 -0.535 0.2899, -0.5665 -0.5288 0.2899, -0.5501 -0.5529 0.2832, -0.5578 -0.5497 0.2832, -0.5643 -0.5447 0.2832, -0.5694 -0.5381 0.2832, -0.5726 -0.5304 0.2832, -0.5674 -0.5222 0.2899, -0.5735 -0.5222 0.2833, -0.5736 -0.5222 0.2832, -0.578 -0.5222 0.2754, -0.5807 0.6004 0.0039, -0.5909 0.599 0.044, -0.5909 0.5991 0.0039, -0.5913 0.5989 0.0441, -0.6004 0.5951 0.0039, -0.6004 0.5951 0.0445, -0.6006 0.595 0.0445, -0.6085 0.5889 0.0039, -0.6085 0.5889 0.0447, -0.6147 0.5809 0.0445, -0.6148 0.5807 0.0039, -0.6148 0.5807 0.0445, -0.6186 0.5716 0.0441, -0.6187 0.5712 0.0039, -0.6187 0.5712 0.044, -0.6201 0.561 0.0039, 0.5518 0.5594 0.2681, 0.5519 0.5594 0.2681, 0.561 0.5554 0.2691, 0.5611 0.5554 0.2691, 0.5689 0.5492 0.2694, 0.5751 0.5414 0.2691, 0.5751 0.5413 0.2691, 0.5791 0.5322 0.2681, 0.5791 0.5321 0.2681, 0.5782 0.5222 0.2752, 0.578 0.5222 0.2754, 0.5736 0.5222 0.2832, 0.5735 0.5222 0.2833, 0.5674 0.5222 0.2899, 0.5672 0.5222 0.29, 0.5597 0.5222 0.295, 0.5596 0.5222 0.295, 0.5511 0.5222 0.2981, 0.551 0.5222 0.2981, 0.5419 0.5222 0.2992, -0.5782 0.5222 0.2752, -0.578 0.5222 0.2754, -0.5736 0.5222 0.2832, -0.5735 0.5222 0.2833, -0.5674 0.5222 0.2899, -0.5672 0.5222 0.29, -0.5597 0.5222 0.295, -0.5596 0.5222 0.295, -0.5511 0.5222 0.2981, -0.551 0.5222 0.2981, -0.5419 0.5222 0.2992, -0.5791 0.5321 0.2681, -0.5791 0.5322 0.2681, -0.5751 0.5413 0.2691, -0.5751 0.5414 0.2691, -0.5689 0.5492 0.2694, -0.5611 0.5554 0.2691, -0.561 0.5554 0.2691, -0.5519 0.5594 0.2681, -0.5518 0.5594 0.2681, 0.5419 0.5538 0.2833, 0.5419 0.5477 0.2899, 0.5485 0.5468 0.2899, 0.5465 0.5394 0.295, 0.5443 0.5311 0.2981, 0.5465 0.5301 0.2981, 0.5498 0.5268 0.2981, 0.5484 0.5287 0.2981, 0.5507 0.5246 0.2981, 0.5419 0.5313 0.2981, 0.5513 0.5573 0.2752, 0.56 0.5536 0.2752, 0.5676 0.5479 0.2752, 0.5733 0.5404 0.2752, 0.5769 0.5316 0.2752, 0.5419 0.5475 0.29, 0.5419 0.54 0.295, 0.5419 0.5399 0.295, 0.5419 0.5314 0.2981, 0.5508 0.5376 0.295, 0.5545 0.5348 0.295, 0.5573 0.5311 0.295, 0.5591 0.5268 0.295, 0.5546 0.5443 0.2899, 0.5599 0.5402 0.2899, 0.5639 0.535 0.2899, 0.5665 0.5288 0.2899, 0.5419 0.5584 0.2754, 0.5419 0.5539 0.2832, 0.5501 0.5529 0.2832, 0.5578 0.5497 0.2832, 0.5643 0.5447 0.2832, 0.5694 0.5381 0.2832, 0.5726 0.5304 0.2832, 0.5419 0.5585 0.2752, -0.5665 0.5288 0.2899, -0.5591 0.5268 0.295, -0.5507 0.5246 0.2981, -0.5498 0.5268 0.2981, -0.5465 0.5301 0.2981, -0.5484 0.5287 0.2981, -0.5443 0.5311 0.2981, -0.5769 0.5316 0.2752, -0.5733 0.5404 0.2752, -0.5676 0.5479 0.2752, -0.56 0.5536 0.2752, -0.5513 0.5573 0.2752, -0.5419 0.5585 0.2752, -0.5419 0.5313 0.2981, -0.5573 0.5311 0.295, -0.5545 0.5348 0.295, -0.5508 0.5376 0.295, -0.5465 0.5394 0.295, -0.5419 0.5314 0.2981, -0.5419 0.5399 0.295, -0.5419 0.54 0.295, -0.5419 0.5475 0.29, -0.5639 0.535 0.2899, -0.5599 0.5402 0.2899, -0.5546 0.5443 0.2899, -0.5485 0.5468 0.2899, -0.5726 0.5304 0.2832, -0.5694 0.5381 0.2832, -0.5643 0.5447 0.2832, -0.5578 0.5497 0.2832, -0.5501 0.5529 0.2832, -0.5419 0.5477 0.2899, -0.5419 0.5538 0.2833, -0.5419 0.5539 0.2832, -0.5419 0.5584 0.2754
            ]
        }
        coordIndex [
            0,1,2,-1,3,4,5,-1,6,7,8,-1,2,9,0,-1,0,9,3,-1,0,3,10,-1,10,3,5,-1,10,5,11,-1,12,13,14,-1,15,16,17,-1,17,16,18,-1,14,6,12,-1,12,6,8,-1,12,8,18,-1,18,8,3,-1,18,3,17,-1,17,3,9,-1,7,19,8,-1,8,19,20,-1,8,20,21,-1,22,23,24,-1,25,26,27,-1,28,22,29,-1,29,22,24,-1,29,24,27,-1,27,24,30,-1,27,30,25,-1,25,30,31,-1,32,33,34,-1,35,36,37,-1,38,32,39,-1,39,32,34,-1,39,34,37,-1,37,34,40,-1,37,40,35,-1,35,40,41,-1,42,43,44,-1,45,46,42,-1,47,48,49,-1,50,51,52,-1,52,51,53,-1,54,55,56,-1,42,44,45,-1,45,44,52,-1,45,52,49,-1,49,52,53,-1,49,53,57,-1,48,58,49,-1,49,58,59,-1,49,59,60,-1,56,47,54,-1,54,47,49,-1,54,49,61,-1,61,49,57,-1,61,57,62,-1,62,57,63,-1,60,59,64,-1,60,64,65,-1,65,64,66,-1,65,66,67,-1,67,66,68,-1,67,68,69,-1,69,68,70,-1,70,68,71,-1,70,71,72,-1,72,71,73,-1,73,71,74,-1,73,74,75,-1,75,74,76,-1,76,74,77,-1,76,77,78,-1,78,77,41,-1,41,77,79,-1,41,79,35,-1,23,22,80,-1,23,80,81,-1,81,80,82,-1,81,82,83,-1,83,82,84,-1,83,84,85,-1,85,84,86,-1,86,84,87,-1,86,87,88,-1,88,87,89,-1,89,87,90,-1,89,90,91,-1,91,90,92,-1,92,90,93,-1,92,93,94,-1,94,93,46,-1,46,93,95,-1,46,95,42,-1,73,75,96,-1,96,75,76,-1,96,76,40,-1,40,76,78,-1,40,78,41,-1,96,97,73,-1,73,97,98,-1,73,98,72,-1,72,98,99,-1,99,100,72,-1,72,100,101,-1,72,101,70,-1,70,101,102,-1,70,102,69,-1,69,102,103,-1,69,103,67,-1,67,103,104,-1,67,104,65,-1,65,104,49,-1,65,49,60,-1,45,49,105,-1,105,49,106,-1,105,106,107,-1,107,106,108,-1,107,108,109,-1,109,108,110,-1,109,110,111,-1,111,110,112,-1,111,112,113,-1,113,112,114,-1,113,114,115,-1,115,114,116,-1,115,116,117,-1,117,116,118,-1,117,118,119,-1,119,118,120,-1,119,120,121,-1,121,120,122,-1,121,122,123,-1,122,124,123,-1,123,124,125,-1,123,125,126,-1,89,91,127,-1,127,91,92,-1,127,92,45,-1,45,92,94,-1,45,94,46,-1,127,128,89,-1,89,128,129,-1,89,129,88,-1,88,129,130,-1,130,131,88,-1,88,131,132,-1,88,132,86,-1,86,132,133,-1,86,133,85,-1,85,133,134,-1,85,134,83,-1,83,134,135,-1,83,135,81,-1,81,135,24,-1,81,24,23,-1,33,32,136,-1,33,136,137,-1,137,136,138,-1,137,138,139,-1,139,138,140,-1,139,140,141,-1,141,140,142,-1,142,140,143,-1,142,143,144,-1,144,143,145,-1,145,143,146,-1,145,146,147,-1,147,146,148,-1,148,146,149,-1,148,149,150,-1,150,149,4,-1,4,149,151,-1,4,151,5,-1,152,153,154,-1,155,156,157,-1,125,158,159,-1,160,158,125,-1,157,156,125,-1,161,125,156,-1,162,97,96,-1,97,162,98,-1,98,162,163,-1,98,163,99,-1,99,163,164,-1,99,164,100,-1,100,164,165,-1,100,165,101,-1,101,165,102,-1,102,165,166,-1,102,166,103,-1,103,166,104,-1,104,166,106,-1,104,106,49,-1,124,160,125,-1,167,168,155,-1,155,168,169,-1,155,169,156,-1,156,169,170,-1,156,170,161,-1,171,159,172,-1,172,159,158,-1,172,158,173,-1,173,158,160,-1,173,160,174,-1,124,122,160,-1,160,122,120,-1,160,120,174,-1,174,120,118,-1,174,118,116,-1,154,171,175,-1,175,171,172,-1,175,172,176,-1,176,172,173,-1,176,173,177,-1,177,173,174,-1,177,174,178,-1,178,174,116,-1,179,180,181,-1,181,180,152,-1,152,154,181,-1,181,154,175,-1,181,175,182,-1,182,175,176,-1,182,176,183,-1,183,176,177,-1,183,177,184,-1,184,177,178,-1,184,178,185,-1,153,167,154,-1,154,167,155,-1,154,155,171,-1,171,155,157,-1,171,157,159,-1,159,157,125,-1,179,162,186,-1,186,162,96,-1,186,96,40,-1,116,114,178,-1,178,114,112,-1,178,112,185,-1,185,112,110,-1,185,110,108,-1,179,181,162,-1,162,181,182,-1,162,182,163,-1,163,182,183,-1,163,183,164,-1,164,183,184,-1,164,184,165,-1,165,184,185,-1,165,185,166,-1,166,185,108,-1,166,108,106,-1,111,113,187,-1,188,189,190,-1,126,191,192,-1,193,191,126,-1,190,189,126,-1,123,126,189,-1,194,128,127,-1,128,194,129,-1,129,194,195,-1,129,195,130,-1,130,195,196,-1,130,196,131,-1,131,196,197,-1,131,197,132,-1,132,197,133,-1,133,197,198,-1,133,198,134,-1,134,198,135,-1,135,198,199,-1,135,199,24,-1,200,193,126,-1,115,117,188,-1,188,117,119,-1,188,119,189,-1,189,119,121,-1,189,121,123,-1,201,192,202,-1,202,192,191,-1,202,191,203,-1,203,191,193,-1,203,193,204,-1,200,205,193,-1,193,205,206,-1,193,206,204,-1,204,206,207,-1,204,207,208,-1,187,201,209,-1,209,201,202,-1,209,202,210,-1,210,202,203,-1,210,203,211,-1,211,203,204,-1,211,204,212,-1,212,204,208,-1,107,109,213,-1,213,109,111,-1,111,187,213,-1,213,187,209,-1,213,209,214,-1,214,209,210,-1,214,210,215,-1,215,210,211,-1,215,211,216,-1,216,211,212,-1,216,212,217,-1,113,115,187,-1,187,115,188,-1,187,188,201,-1,201,188,190,-1,201,190,192,-1,192,190,126,-1,107,194,105,-1,105,194,127,-1,105,127,45,-1,208,218,212,-1,212,218,219,-1,212,219,217,-1,217,219,220,-1,217,220,221,-1,107,213,194,-1,194,213,214,-1,194,214,195,-1,195,214,215,-1,195,215,196,-1,196,215,216,-1,196,216,197,-1,197,216,217,-1,197,217,198,-1,198,217,221,-1,198,221,199,-1,21,20,222,-1,21,222,223,-1,223,222,224,-1,223,224,225,-1,225,224,226,-1,225,226,227,-1,227,226,228,-1,228,226,229,-1,228,229,230,-1,230,229,231,-1,231,229,232,-1,231,232,233,-1,233,232,234,-1,234,232,235,-1,234,235,236,-1,236,235,31,-1,31,235,237,-1,31,237,25,-1,145,147,238,-1,238,147,148,-1,238,148,3,-1,3,148,150,-1,3,150,4,-1,238,239,145,-1,145,239,240,-1,145,240,144,-1,144,240,241,-1,241,242,144,-1,144,242,243,-1,144,243,142,-1,142,243,244,-1,142,244,141,-1,141,244,245,-1,141,245,139,-1,139,245,246,-1,139,246,137,-1,137,246,34,-1,137,34,33,-1,40,34,186,-1,186,34,247,-1,186,247,179,-1,179,247,248,-1,179,248,180,-1,180,248,249,-1,180,249,152,-1,152,249,250,-1,152,250,153,-1,153,250,251,-1,153,251,167,-1,167,251,252,-1,167,252,168,-1,168,252,253,-1,168,253,169,-1,169,253,254,-1,169,254,170,-1,170,254,255,-1,170,255,161,-1,255,256,161,-1,161,256,257,-1,161,257,125,-1,30,24,258,-1,258,24,199,-1,258,199,259,-1,259,199,221,-1,259,221,260,-1,260,221,220,-1,260,220,261,-1,261,220,219,-1,261,219,262,-1,262,219,218,-1,262,218,263,-1,263,218,208,-1,263,208,264,-1,264,208,207,-1,264,207,265,-1,265,207,206,-1,265,206,266,-1,266,206,205,-1,266,205,267,-1,205,200,267,-1,267,200,126,-1,267,126,268,-1,231,233,269,-1,269,233,234,-1,269,234,30,-1,30,234,236,-1,30,236,31,-1,269,270,231,-1,231,270,271,-1,231,271,230,-1,230,271,272,-1,272,273,230,-1,230,273,274,-1,230,274,228,-1,228,274,275,-1,228,275,227,-1,227,275,276,-1,227,276,225,-1,225,276,277,-1,225,277,223,-1,223,277,8,-1,223,8,21,-1,278,279,280,-1,281,282,283,-1,257,284,285,-1,286,284,257,-1,283,282,257,-1,287,257,282,-1,288,239,238,-1,239,288,240,-1,240,288,289,-1,240,289,241,-1,241,289,290,-1,241,290,242,-1,242,290,291,-1,242,291,243,-1,243,291,244,-1,244,291,292,-1,244,292,245,-1,245,292,246,-1,246,292,247,-1,246,247,34,-1,256,286,257,-1,293,294,281,-1,281,294,295,-1,281,295,282,-1,282,295,296,-1,282,296,287,-1,297,285,298,-1,298,285,284,-1,298,284,299,-1,299,284,286,-1,299,286,300,-1,256,255,286,-1,286,255,254,-1,286,254,300,-1,300,254,253,-1,300,253,252,-1,280,297,301,-1,301,297,298,-1,301,298,302,-1,302,298,299,-1,302,299,303,-1,303,299,300,-1,303,300,304,-1,304,300,252,-1,305,306,307,-1,307,306,278,-1,278,280,307,-1,307,280,301,-1,307,301,308,-1,308,301,302,-1,308,302,309,-1,309,302,303,-1,309,303,310,-1,310,303,304,-1,310,304,311,-1,279,293,280,-1,280,293,281,-1,280,281,297,-1,297,281,283,-1,297,283,285,-1,285,283,257,-1,305,288,312,-1,312,288,238,-1,312,238,3,-1,252,251,304,-1,304,251,250,-1,304,250,311,-1,311,250,249,-1,311,249,248,-1,305,307,288,-1,288,307,308,-1,288,308,289,-1,289,308,309,-1,289,309,290,-1,290,309,310,-1,290,310,291,-1,291,310,311,-1,291,311,292,-1,292,311,248,-1,292,248,247,-1,261,262,313,-1,314,315,316,-1,268,317,318,-1,319,317,268,-1,316,315,268,-1,267,268,315,-1,320,270,269,-1,270,320,271,-1,271,320,321,-1,271,321,272,-1,272,321,322,-1,272,322,273,-1,273,322,323,-1,273,323,274,-1,274,323,275,-1,275,323,324,-1,275,324,276,-1,276,324,277,-1,277,324,325,-1,277,325,8,-1,326,319,268,-1,263,264,314,-1,314,264,265,-1,314,265,315,-1,315,265,266,-1,315,266,267,-1,327,318,328,-1,328,318,317,-1,328,317,329,-1,329,317,319,-1,329,319,330,-1,326,331,319,-1,319,331,332,-1,319,332,330,-1,330,332,333,-1,330,333,334,-1,313,327,335,-1,335,327,328,-1,335,328,336,-1,336,328,329,-1,336,329,337,-1,337,329,330,-1,337,330,338,-1,338,330,334,-1,259,260,339,-1,339,260,261,-1,261,313,339,-1,339,313,335,-1,339,335,340,-1,340,335,336,-1,340,336,341,-1,341,336,337,-1,341,337,342,-1,342,337,338,-1,342,338,343,-1,262,263,313,-1,313,263,314,-1,313,314,327,-1,327,314,316,-1,327,316,318,-1,318,316,268,-1,259,320,258,-1,258,320,269,-1,258,269,30,-1,334,344,338,-1,338,344,345,-1,338,345,343,-1,343,345,346,-1,343,346,347,-1,259,339,320,-1,320,339,340,-1,320,340,321,-1,321,340,341,-1,321,341,322,-1,322,341,342,-1,322,342,323,-1,323,342,343,-1,323,343,324,-1,324,343,347,-1,324,347,325,-1,3,8,312,-1,312,8,325,-1,312,325,305,-1,305,325,347,-1,305,347,306,-1,306,347,346,-1,306,346,278,-1,278,346,345,-1,278,345,279,-1,279,345,344,-1,279,344,293,-1,293,344,334,-1,293,334,294,-1,294,334,333,-1,294,333,295,-1,295,333,332,-1,295,332,296,-1,296,332,331,-1,296,331,287,-1,331,326,287,-1,287,326,268,-1,287,268,257,-1,
        ]
    }
}
Shape{
    appearance Appearance {
        material  Material 	{
            diffuseColor 1.0 1.0 1.0
            specularColor 0.5019607843137255 0.5019607843137255 0.5019607843137255
            ambientIntensity 1.0
            transparency 0.0
            shininess 0.5
        }
    }
    geometry IndexedFaceSet {
        ccw TRUE
        solid FALSE
        coord DEF co Coordinate {
            point [
                -0.3052 -0.3281 0.2953, -0.3052 -0.3281 0.2992, -0.3072 -0.3122 0.2953, -0.3072 -0.3122 0.2992, -0.3134 -0.2974 0.2953, -0.3134 -0.2974 0.2992, -0.3231 -0.2847 0.2953, -0.3231 -0.2847 0.2992, -0.3358 -0.275 0.2953, -0.3358 -0.275 0.2992, -0.3506 -0.2689 0.2953, -0.3506 -0.2689 0.2992, -0.3665 -0.2668 0.2953, -0.3665 -0.2668 0.2992, -0.3823 -0.2689 0.2953, -0.3823 -0.2689 0.2992, -0.3971 -0.275 0.2953, -0.3971 -0.275 0.2992, -0.4098 -0.2847 0.2953, -0.4098 -0.2847 0.2992, -0.4196 -0.2974 0.2953, -0.4196 -0.2974 0.2992, -0.4257 -0.3122 0.2953, -0.4257 -0.3122 0.2992, -0.4278 -0.3281 0.2953, -0.4278 -0.3281 0.2992, -0.4257 -0.344 0.2953, -0.4257 -0.344 0.2992, -0.4196 -0.3587 0.2953, -0.4196 -0.3587 0.2992, -0.4098 -0.3714 0.2953, -0.4098 -0.3714 0.2992, -0.3971 -0.3812 0.2953, -0.3971 -0.3812 0.2992, -0.3823 -0.3873 0.2953, -0.3823 -0.3873 0.2992, -0.3665 -0.3894 0.2953, -0.3665 -0.3894 0.2992, -0.3506 -0.3873 0.2953, -0.3506 -0.3873 0.2992, -0.3358 -0.3812 0.2953, -0.3358 -0.3812 0.2992, -0.3231 -0.3714 0.2953, -0.3231 -0.3714 0.2992, -0.3134 -0.3587 0.2953, -0.3134 -0.3587 0.2992, -0.3072 -0.344 0.2953, -0.3072 -0.344 0.2992, -0.3665 -0.3281 0.2953, 0.2651 0.3601 0.2993, 0.2651 0.3555 0.2993, 0.2651 0.3601 0.2992, 0.2651 0.3555 0.2992, 0.2491 0.3601 0.2993, 0.2491 0.3601 0.2992, 0.2491 0.3956 0.2993, 0.2491 0.3956 0.2992, 0.244 0.3956 0.2993, 0.244 0.3956 0.2992, 0.244 0.3555 0.2993, 0.244 0.3555 0.2992, 0.2967 0.3572 0.2992, 0.2967 0.3572 0.2993, 0.296 0.3568 0.2993, 0.2917 0.3554 0.2993, 0.2856 0.3549 0.2993, 0.2892 0.3552 0.2992, 0.2856 0.3549 0.2992, 0.2917 0.3554 0.2992, 0.295 0.3565 0.2992, 0.296 0.3568 0.2992, 0.2967 0.3621 0.2993, 0.2967 0.3621 0.2992, 0.295 0.3614 0.2992, 0.2928 0.3604 0.2993, 0.2928 0.3604 0.2992, 0.2883 0.3595 0.2992, 0.2883 0.3595 0.2993, 0.2864 0.3595 0.2992, 0.2864 0.3595 0.2993, 0.2823 0.3599 0.2992, 0.2823 0.3599 0.2993, 0.2795 0.361 0.2992, 0.2795 0.361 0.2993, 0.2769 0.3629 0.2992, 0.2769 0.3629 0.2993, 0.2761 0.3637 0.2992, 0.2761 0.3637 0.2993, 0.2741 0.3664 0.2992, 0.2741 0.3664 0.2993, 0.2728 0.3696 0.2992, 0.2728 0.3696 0.2993, 0.2722 0.3736 0.2992, 0.2722 0.3736 0.2993, 0.2722 0.3751 0.2992, 0.2722 0.3751 0.2993, 0.2728 0.3806 0.2992, 0.2728 0.3806 0.2993, 0.2742 0.3841 0.2992, 0.2742 0.3841 0.2993, 0.2764 0.3871 0.2992, 0.2764 0.3871 0.2993, 0.2791 0.3894 0.2992, 0.2791 0.3894 0.2993, 0.2822 0.3908 0.2992, 0.2822 0.3908 0.2993, 0.2857 0.3915 0.2992, 0.2857 0.3915 0.2993, 0.2873 0.3916 0.2992, 0.2873 0.3916 0.2993, 0.2967 0.3892 0.2992, 0.2967 0.3892 0.2993, 0.2963 0.3894 0.2993, 0.2922 0.391 0.2992, 0.2922 0.391 0.2993, 0.295 0.3899 0.2992, 0.2963 0.3894 0.2992, 0.2967 0.3946 0.2993, 0.2967 0.3946 0.2992, 0.2872 0.3962 0.2992, 0.2872 0.3962 0.2993, 0.2873 0.3962 0.2993, 0.295 0.3951 0.2992, 0.2925 0.3958 0.2993, 0.2925 0.3958 0.2992, 0.2915 0.3959 0.2992, 0.2873 0.3962 0.2992, 0.2845 0.3959 0.2992, 0.2814 0.3955 0.2993, 0.2814 0.3955 0.2992, 0.2772 0.3939 0.2992, 0.2772 0.3939 0.2993, 0.2735 0.3913 0.2992, 0.2735 0.3913 0.2993, 0.2725 0.3903 0.2992, 0.2725 0.3903 0.2993, 0.2696 0.3866 0.2992, 0.2696 0.3866 0.2993, 0.2677 0.3821 0.2992, 0.2677 0.3821 0.2993, 0.2668 0.3769 0.2992, 0.2668 0.3769 0.2993, 0.2667 0.3748 0.2992, 0.2667 0.3748 0.2993, 0.2675 0.3682 0.2992, 0.2675 0.3682 0.2993, 0.2692 0.3641 0.2992, 0.2692 0.3641 0.2993, 0.2719 0.3603 0.2992, 0.2719 0.3603 0.2993, 0.2832 0.355 0.2993, 0.2751 0.3576 0.2992, 0.2751 0.3576 0.2993, 0.2789 0.3559 0.2992, 0.2789 0.3559 0.2993, 0.2821 0.3552 0.2992, 0.2832 0.355 0.2992, 0.3262 0.3601 0.2993, 0.3262 0.3555 0.2993, 0.3262 0.3601 0.2992, 0.3262 0.3555 0.2992, 0.3099 0.3601 0.2992, 0.3099 0.3601 0.2993, 0.3207 0.3601 0.2992, 0.3099 0.3736 0.2993, 0.3099 0.3736 0.2992, 0.3242 0.3736 0.2992, 0.3242 0.3736 0.2993, 0.3207 0.3736 0.2992, 0.3242 0.3781 0.2993, 0.3242 0.3781 0.2992, 0.3099 0.3781 0.2992, 0.3099 0.3781 0.2993, 0.3207 0.3781 0.2992, 0.3099 0.391 0.2993, 0.3099 0.391 0.2992, 0.3253 0.391 0.2992, 0.3253 0.391 0.2993, 0.3207 0.391 0.2992, 0.3253 0.3956 0.2993, 0.3253 0.3956 0.2992, 0.3047 0.3956 0.2992, 0.3047 0.3956 0.2993, 0.3207 0.3956 0.2992, 0.3047 0.3555 0.2993, 0.3047 0.3555 0.2992, 0.3207 0.3555 0.2992, 0.3587 0.3667 0.2993, 0.3567 0.3643 0.2993, 0.3604 0.3611 0.2993, 0.356 0.3636 0.2993, 0.3562 0.3582 0.2993, 0.3533 0.3619 0.2993, 0.3517 0.3564 0.2993, 0.3499 0.3606 0.2993, 0.3448 0.3555 0.2993, 0.3448 0.3601 0.2993, 0.3338 0.3555 0.2993, 0.339 0.3601 0.2993, 0.3338 0.3956 0.2993, 0.339 0.391 0.2993, 0.3452 0.3956 0.2993, 0.345 0.391 0.2993, 0.3513 0.3949 0.2993, 0.3502 0.3904 0.2993, 0.3562 0.3931 0.2993, 0.3537 0.3891 0.2993, 0.3604 0.3903 0.2993, 0.3566 0.3872 0.2993, 0.3618 0.3889 0.2993, 0.3577 0.3861 0.2993, 0.3642 0.3854 0.2993, 0.3592 0.3839 0.2993, 0.3657 0.3816 0.2993, 0.3604 0.381 0.2993, 0.3664 0.3761 0.2993, 0.361 0.3759 0.2993, 0.3663 0.3735 0.2993, 0.3608 0.3734 0.2993, 0.3653 0.3688 0.2993, 0.3601 0.3697 0.2993, 0.3633 0.3647 0.2993, 0.3448 0.3555 0.2992, 0.3338 0.3555 0.2992, 0.3604 0.3611 0.2992, 0.3517 0.3564 0.2992, 0.3522 0.3566 0.2992, 0.3562 0.3582 0.2992, 0.3633 0.3647 0.2992, 0.3653 0.3688 0.2992, 0.3663 0.3735 0.2992, 0.3664 0.3761 0.2992, 0.3657 0.3816 0.2992, 0.3642 0.3854 0.2992, 0.3618 0.3889 0.2992, 0.3604 0.3903 0.2992, 0.3452 0.3956 0.2992, 0.3562 0.3931 0.2992, 0.3522 0.3946 0.2992, 0.3513 0.3949 0.2992, 0.3338 0.3956 0.2992, 0.345 0.391 0.2992, 0.339 0.391 0.2992, 0.339 0.3601 0.2992, 0.3448 0.3601 0.2992, 0.3567 0.3643 0.2992, 0.356 0.3636 0.2992, 0.3533 0.3619 0.2992, 0.3499 0.3606 0.2992, 0.361 0.3759 0.2992, 0.3608 0.3734 0.2992, 0.3601 0.3697 0.2992, 0.3587 0.3667 0.2992, 0.3566 0.3872 0.2992, 0.3577 0.3861 0.2992, 0.3592 0.3839 0.2992, 0.3604 0.381 0.2992, 0.3502 0.3904 0.2992, 0.3537 0.3891 0.2992
            ]
        }
        coordIndex [
            0,1,2,-1,2,1,3,-1,2,3,4,-1,4,3,5,-1,4,5,6,-1,6,5,7,-1,6,7,8,-1,8,7,9,-1,8,9,10,-1,10,9,11,-1,10,11,12,-1,12,11,13,-1,12,13,14,-1,14,13,15,-1,14,15,16,-1,16,15,17,-1,16,17,18,-1,18,17,19,-1,18,19,20,-1,20,19,21,-1,20,21,22,-1,22,21,23,-1,22,23,24,-1,24,23,25,-1,24,25,26,-1,26,25,27,-1,26,27,28,-1,28,27,29,-1,28,29,30,-1,30,29,31,-1,30,31,32,-1,32,31,33,-1,32,33,34,-1,34,33,35,-1,34,35,36,-1,36,35,37,-1,36,37,38,-1,38,37,39,-1,38,39,40,-1,40,39,41,-1,40,41,42,-1,42,41,43,-1,42,43,44,-1,44,43,45,-1,44,45,46,-1,46,45,47,-1,46,47,0,-1,0,47,1,-1,44,46,48,-1,48,46,0,-1,48,0,2,-1,38,40,48,-1,48,40,42,-1,48,42,44,-1,32,34,48,-1,48,34,36,-1,48,36,38,-1,26,28,48,-1,48,28,30,-1,48,30,32,-1,20,22,48,-1,48,22,24,-1,48,24,26,-1,14,16,48,-1,48,16,18,-1,48,18,20,-1,8,10,48,-1,48,10,12,-1,48,12,14,-1,2,4,48,-1,48,4,6,-1,48,6,8,-1,49,50,51,-1,51,50,52,-1,53,49,54,-1,54,49,51,-1,55,53,56,-1,56,53,54,-1,57,55,58,-1,58,55,56,-1,59,57,60,-1,60,57,58,-1,50,59,52,-1,52,59,60,-1,55,57,53,-1,53,57,59,-1,53,59,49,-1,49,59,50,-1,61,62,63,-1,64,65,66,-1,66,65,67,-1,66,68,64,-1,64,68,69,-1,64,69,63,-1,63,69,70,-1,63,70,61,-1,71,62,72,-1,72,62,61,-1,71,72,73,-1,71,73,74,-1,73,75,74,-1,74,75,76,-1,74,76,77,-1,77,76,78,-1,77,78,79,-1,79,78,80,-1,79,80,81,-1,81,80,82,-1,81,82,83,-1,83,82,84,-1,83,84,85,-1,85,84,86,-1,85,86,87,-1,87,86,88,-1,87,88,89,-1,89,88,90,-1,89,90,91,-1,91,90,92,-1,91,92,93,-1,93,92,94,-1,93,94,95,-1,95,94,96,-1,95,96,97,-1,97,96,98,-1,97,98,99,-1,99,98,100,-1,99,100,101,-1,101,100,102,-1,101,102,103,-1,103,102,104,-1,103,104,105,-1,105,104,106,-1,105,106,107,-1,107,106,108,-1,107,108,109,-1,110,111,112,-1,109,108,113,-1,109,113,114,-1,114,113,115,-1,114,115,112,-1,112,115,116,-1,112,116,110,-1,117,111,118,-1,118,111,110,-1,119,120,121,-1,117,118,122,-1,117,122,123,-1,122,124,123,-1,123,124,125,-1,123,125,121,-1,121,125,126,-1,121,126,119,-1,120,119,127,-1,120,127,128,-1,127,129,128,-1,128,129,130,-1,128,130,131,-1,131,130,132,-1,131,132,133,-1,133,132,134,-1,133,134,135,-1,135,134,136,-1,135,136,137,-1,137,136,138,-1,137,138,139,-1,139,138,140,-1,139,140,141,-1,141,140,142,-1,141,142,143,-1,143,142,144,-1,143,144,145,-1,145,144,146,-1,145,146,147,-1,147,146,148,-1,147,148,149,-1,67,65,150,-1,149,148,151,-1,149,151,152,-1,152,151,153,-1,152,153,154,-1,154,153,155,-1,154,155,150,-1,150,155,156,-1,150,156,67,-1,112,111,117,-1,103,133,101,-1,101,133,135,-1,101,135,99,-1,99,135,137,-1,99,137,97,-1,112,117,114,-1,114,117,123,-1,114,123,109,-1,109,123,121,-1,109,121,107,-1,107,121,120,-1,107,120,105,-1,105,120,128,-1,105,128,103,-1,103,128,131,-1,103,131,133,-1,143,95,141,-1,141,95,97,-1,141,97,139,-1,139,97,137,-1,62,71,63,-1,63,71,74,-1,63,74,64,-1,64,74,77,-1,64,77,65,-1,65,77,79,-1,65,79,150,-1,150,79,81,-1,150,81,154,-1,154,81,83,-1,154,83,152,-1,152,83,85,-1,152,85,149,-1,149,85,87,-1,149,87,147,-1,147,87,89,-1,147,89,145,-1,145,89,91,-1,145,91,143,-1,143,91,93,-1,143,93,95,-1,157,158,159,-1,159,158,160,-1,161,162,163,-1,163,162,157,-1,163,157,159,-1,164,162,165,-1,165,162,161,-1,166,167,168,-1,168,167,164,-1,168,164,165,-1,169,167,170,-1,170,167,166,-1,171,172,173,-1,173,172,169,-1,173,169,170,-1,174,172,175,-1,175,172,171,-1,176,177,178,-1,178,177,174,-1,178,174,175,-1,179,177,180,-1,180,177,176,-1,181,182,183,-1,183,182,179,-1,183,179,180,-1,184,182,185,-1,185,182,181,-1,160,158,186,-1,186,158,184,-1,186,184,185,-1,184,158,157,-1,157,162,184,-1,184,162,164,-1,184,164,182,-1,177,179,174,-1,174,179,182,-1,174,182,172,-1,172,182,164,-1,172,164,169,-1,169,164,167,-1,187,188,189,-1,189,188,190,-1,189,190,191,-1,191,190,192,-1,191,192,193,-1,193,192,194,-1,193,194,195,-1,195,194,196,-1,195,196,197,-1,197,196,198,-1,197,198,199,-1,199,198,200,-1,199,200,201,-1,201,200,202,-1,201,202,203,-1,203,202,204,-1,203,204,205,-1,205,204,206,-1,205,206,207,-1,207,206,208,-1,207,208,209,-1,209,208,210,-1,209,210,211,-1,211,210,212,-1,211,212,213,-1,213,212,214,-1,213,214,215,-1,215,214,216,-1,215,216,217,-1,217,216,218,-1,217,218,219,-1,219,218,220,-1,219,220,221,-1,221,220,187,-1,221,187,189,-1,195,197,222,-1,222,197,223,-1,224,189,191,-1,195,222,225,-1,195,225,193,-1,193,225,226,-1,193,226,191,-1,191,226,227,-1,191,227,224,-1,189,224,228,-1,189,228,221,-1,221,228,229,-1,221,229,219,-1,219,229,230,-1,219,230,217,-1,217,230,231,-1,217,231,215,-1,215,231,232,-1,215,232,213,-1,213,232,233,-1,213,233,211,-1,211,233,234,-1,211,234,209,-1,209,234,235,-1,209,235,207,-1,236,201,203,-1,207,235,237,-1,207,237,205,-1,205,237,238,-1,205,238,203,-1,203,238,239,-1,203,239,236,-1,199,201,240,-1,240,201,236,-1,197,199,223,-1,223,199,240,-1,202,200,241,-1,241,200,242,-1,200,198,242,-1,242,198,243,-1,198,196,243,-1,243,196,244,-1,188,245,246,-1,188,246,190,-1,190,246,247,-1,190,247,192,-1,192,247,248,-1,192,248,194,-1,194,248,244,-1,194,244,196,-1,216,249,250,-1,216,250,218,-1,218,250,251,-1,218,251,220,-1,220,251,252,-1,220,252,187,-1,187,252,245,-1,187,245,188,-1,208,253,254,-1,208,254,210,-1,210,254,255,-1,210,255,212,-1,212,255,256,-1,212,256,214,-1,214,256,249,-1,214,249,216,-1,202,241,257,-1,202,257,204,-1,204,257,258,-1,204,258,206,-1,206,258,253,-1,206,253,208,-1,
        ]
    }
}
Shape{
    appearance Appearance {
        material  Material 	{
            diffuseColor 0.2235294117647059 0.2235294117647059 0.2235294117647059
            specularColor 0.11372549019607843 0.11372549019607843 0.11372549019607843
            ambientIntensity 0.2235
            transparency 0.0
            shininess 0.5
        }
    }
    geometry IndexedFaceSet {
        ccw TRUE
        solid FALSE
        coord DEF co Coordinate {
            point [
                0.339 0.391 0.2992, 0.339 0.3601 0.2992, 0.345 0.391 0.2992, 0.3448 0.3601 0.2992, 0.3499 0.3606 0.2992, 0.3533 0.3619 0.2992, 0.356 0.3636 0.2992, 0.3567 0.3643 0.2992, 0.3587 0.3667 0.2992, 0.3601 0.3697 0.2992, 0.3608 0.3734 0.2992, 0.361 0.3759 0.2992, 0.3604 0.381 0.2992, 0.3592 0.3839 0.2992, 0.3577 0.3861 0.2992, 0.3566 0.3872 0.2992, 0.3502 0.3904 0.2992, 0.3537 0.3891 0.2992
            ]
        }
        coordIndex [
            0,1,2,-1,2,1,3,-1,2,3,4,-1,4,5,2,-1,2,5,6,-1,2,6,7,-1,7,8,2,-1,2,8,9,-1,2,9,10,-1,10,11,2,-1,2,11,12,-1,2,12,13,-1,13,14,2,-1,2,14,15,-1,2,15,16,-1,16,15,17,-1,
        ]
    }
}
Shape{
    appearance Appearance {
        material  Material 	{
            diffuseColor 1.0 1.0 1.0
            specularColor 0.5019607843137255 0.5019607843137255 0.5019607843137255
            ambientIntensity 1.0
            transparency 0.0
            shininess 0.5
        }
    }
    geometry IndexedFaceSet {
        ccw TRUE
        solid FALSE
        coord DEF co Coordinate {
            point [
                0.3798 0.371 0.2993, 0.3782 0.3665 0.2993, 0.3933 0.371 0.2993, 0.3949 0.3665 0.2993, 0.3858 0.3876 0.2993, 0.3839 0.3956 0.2993, 0.3686 0.3555 0.2993, 0.3743 0.3555 0.2993, 0.3862 0.3888 0.2993, 0.3865 0.3904 0.2993, 0.3894 0.3956 0.2993, 0.3866 0.3904 0.2993, 0.3869 0.3888 0.2993, 0.3872 0.3876 0.2993, 0.4047 0.3555 0.2993, 0.3989 0.3555 0.2993, 0.3894 0.3956 0.2992, 0.4047 0.3555 0.2992, 0.3839 0.3956 0.2992, 0.3686 0.3555 0.2992, 0.3802 0.3858 0.2992, 0.3743 0.3555 0.2992, 0.3782 0.3665 0.2992, 0.3949 0.3665 0.2992, 0.3802 0.3665 0.2992, 0.3989 0.3555 0.2992, 0.3798 0.371 0.2992, 0.3933 0.371 0.2992, 0.3872 0.3876 0.2992, 0.3866 0.3904 0.2992, 0.3869 0.3888 0.2992, 0.3865 0.3904 0.2992, 0.3858 0.3876 0.2992, 0.3862 0.3888 0.2992
            ]
        }
        coordIndex [
            0,1,2,-1,2,1,3,-1,4,5,0,-1,0,5,6,-1,0,6,1,-1,1,6,7,-1,4,8,5,-1,5,8,9,-1,5,9,10,-1,10,9,11,-1,10,11,12,-1,12,13,10,-1,10,13,2,-1,10,2,14,-1,14,2,3,-1,14,3,15,-1,10,14,16,-1,16,14,17,-1,5,10,18,-1,18,10,16,-1,19,6,20,-1,20,6,5,-1,20,5,18,-1,7,6,21,-1,21,6,19,-1,1,7,22,-1,22,7,21,-1,23,3,24,-1,24,3,1,-1,24,1,22,-1,15,3,25,-1,25,3,23,-1,14,15,17,-1,17,15,25,-1,0,2,26,-1,26,2,27,-1,2,13,27,-1,27,13,28,-1,11,29,30,-1,11,30,12,-1,12,30,28,-1,12,28,13,-1,11,9,29,-1,29,9,31,-1,4,32,33,-1,4,33,8,-1,8,33,31,-1,8,31,9,-1,4,0,32,-1,32,0,26,-1,
        ]
    }
}
Shape{
    appearance Appearance {
        material  Material 	{
            diffuseColor 0.2235294117647059 0.2235294117647059 0.2235294117647059
            specularColor 0.11372549019607843 0.11372549019607843 0.11372549019607843
            ambientIntensity 0.2235
            transparency 0.0
            shininess 0.5
        }
    }
    geometry IndexedFaceSet {
        ccw TRUE
        solid FALSE
        coord DEF co Coordinate {
            point [
                0.3866 0.3904 0.2992, 0.3865 0.3904 0.2992, 0.3869 0.3888 0.2992, 0.3862 0.3888 0.2992, 0.3872 0.3876 0.2992, 0.3858 0.3876 0.2992, 0.3933 0.371 0.2992, 0.3798 0.371 0.2992
            ]
        }
        coordIndex [
            0,1,2,-1,2,1,3,-1,2,3,4,-1,4,3,5,-1,4,5,6,-1,6,5,7,-1,
        ]
    }
}
Shape{
    appearance Appearance {
        material  Material 	{
            diffuseColor 1.0 1.0 1.0
            specularColor 0.5019607843137255 0.5019607843137255 0.5019607843137255
            ambientIntensity 1.0
            transparency 0.0
            shininess 0.5
        }
    }
    geometry IndexedFaceSet {
        ccw TRUE
        solid FALSE
        coord DEF co Coordinate {
            point [
                0.2655 0.2966 0.2993, 0.2655 0.292 0.2993, 0.2655 0.2966 0.2992, 0.2655 0.292 0.2992, 0.2491 0.2966 0.2992, 0.2491 0.2966 0.2993, 0.2653 0.2966 0.2992, 0.2491 0.3101 0.2993, 0.2491 0.3101 0.2992, 0.2635 0.3101 0.2993, 0.2635 0.3101 0.2992, 0.2635 0.3146 0.2993, 0.2635 0.3146 0.2992, 0.2491 0.3146 0.2993, 0.2491 0.3146 0.2992, 0.2491 0.3274 0.2992, 0.2491 0.3274 0.2993, 0.2491 0.3267 0.2992, 0.2646 0.3274 0.2993, 0.2646 0.3274 0.2992, 0.2646 0.3321 0.2993, 0.2646 0.3321 0.2992, 0.244 0.3321 0.2993, 0.244 0.3321 0.2992, 0.244 0.292 0.2992, 0.244 0.292 0.2993, 0.244 0.3267 0.2992, 0.2653 0.292 0.2992, 0.2883 0.292 0.2993, 0.2933 0.292 0.2993, 0.2883 0.2964 0.2993, 0.2933 0.3104 0.2993, 0.2883 0.3102 0.2993, 0.2773 0.3042 0.2993, 0.2785 0.3047 0.2993, 0.2881 0.2964 0.2993, 0.2855 0.2972 0.2993, 0.2874 0.2953 0.2993, 0.2841 0.2962 0.2993, 0.2816 0.3055 0.2993, 0.2883 0.3064 0.2993, 0.2883 0.3036 0.2993, 0.2883 0.3033 0.2993, 0.2879 0.3011 0.2993, 0.2872 0.2993 0.2993, 0.2861 0.2978 0.2993, 0.2881 0.3124 0.2993, 0.2928 0.3147 0.2993, 0.2876 0.3142 0.2993, 0.292 0.3168 0.2993, 0.287 0.3152 0.2993, 0.2909 0.3183 0.2993, 0.2862 0.316 0.2993, 0.2731 0.3186 0.2993, 0.2731 0.3137 0.2993, 0.2741 0.3192 0.2993, 0.2766 0.3159 0.2993, 0.2778 0.3206 0.2993, 0.2797 0.3169 0.2993, 0.283 0.3213 0.2993, 0.2825 0.3172 0.2993, 0.283 0.3213 0.2993, 0.2842 0.317 0.2993, 0.2865 0.3209 0.2993, 0.2854 0.3166 0.2993, 0.2885 0.3202 0.2993, 0.2901 0.3192 0.2993, 0.2764 0.2972 0.2993, 0.2728 0.2936 0.2993, 0.2769 0.2967 0.2993, 0.2745 0.2924 0.2993, 0.2779 0.2961 0.2993, 0.2764 0.2917 0.2993, 0.279 0.2956 0.2993, 0.2794 0.2913 0.2993, 0.2807 0.2955 0.2993, 0.2819 0.2916 0.2993, 0.2826 0.2957 0.2993, 0.284 0.2923 0.2993, 0.2858 0.2935 0.2993, 0.2754 0.3009 0.2993, 0.2703 0.3003 0.2993, 0.2754 0.3001 0.2993, 0.2703 0.2997 0.2993, 0.2755 0.2989 0.2993, 0.2706 0.2973 0.2993, 0.2759 0.298 0.2993, 0.2712 0.2956 0.2993, 0.2723 0.2941 0.2993, 0.2798 0.309 0.2993, 0.276 0.3081 0.2993, 0.2767 0.3037 0.2993, 0.2739 0.307 0.2993, 0.2761 0.303 0.2993, 0.2723 0.3056 0.2993, 0.2757 0.302 0.2993, 0.2713 0.3042 0.2993, 0.2706 0.3024 0.2993, 0.283 0.3213 0.2992, 0.2778 0.3206 0.2992, 0.2741 0.3192 0.2992, 0.2731 0.3186 0.2992, 0.2731 0.3137 0.2992, 0.2766 0.3159 0.2992, 0.2797 0.3169 0.2992, 0.2825 0.3172 0.2992, 0.2842 0.317 0.2992, 0.2854 0.3166 0.2992, 0.2862 0.316 0.2992, 0.287 0.3152 0.2992, 0.2876 0.3142 0.2992, 0.2881 0.3124 0.2992, 0.2883 0.3102 0.2992, 0.2798 0.309 0.2992, 0.276 0.3081 0.2992, 0.2739 0.307 0.2992, 0.2723 0.3056 0.2992, 0.2713 0.3042 0.2992, 0.2706 0.3024 0.2992, 0.2703 0.3003 0.2992, 0.2703 0.2997 0.2992, 0.2706 0.2973 0.2992, 0.2712 0.2956 0.2992, 0.2723 0.2941 0.2992, 0.2728 0.2936 0.2992, 0.2794 0.2913 0.2992, 0.2765 0.2917 0.2992, 0.2764 0.2917 0.2992, 0.2745 0.2924 0.2992, 0.2819 0.2916 0.2992, 0.2821 0.2917 0.2992, 0.284 0.2923 0.2992, 0.2858 0.2935 0.2992, 0.2874 0.2953 0.2992, 0.2881 0.2964 0.2992, 0.2883 0.2964 0.2992, 0.2883 0.292 0.2992, 0.2933 0.292 0.2992, 0.2933 0.3104 0.2992, 0.2928 0.3147 0.2992, 0.292 0.3168 0.2992, 0.2909 0.3183 0.2992, 0.2901 0.3192 0.2992, 0.2885 0.3202 0.2992, 0.2865 0.3209 0.2992, 0.283 0.3213 0.2992, 0.2767 0.3037 0.2992, 0.2773 0.3042 0.2992, 0.2785 0.3047 0.2992, 0.2816 0.3055 0.2992, 0.2754 0.3001 0.2992, 0.2754 0.3009 0.2992, 0.2757 0.302 0.2992, 0.2761 0.303 0.2992, 0.2769 0.2967 0.2992, 0.2764 0.2972 0.2992, 0.2759 0.298 0.2992, 0.2755 0.2989 0.2992, 0.2807 0.2955 0.2992, 0.279 0.2956 0.2992, 0.2779 0.2961 0.2992, 0.2861 0.2978 0.2992, 0.2855 0.2972 0.2992, 0.2841 0.2962 0.2992, 0.2826 0.2957 0.2992, 0.2883 0.3036 0.2992, 0.2883 0.3033 0.2992, 0.2879 0.3011 0.2992, 0.2872 0.2993 0.2992, 0.2883 0.3064 0.2992
            ]
        }
        coordIndex [
            0,1,2,-1,2,1,3,-1,4,5,6,-1,6,5,0,-1,6,0,2,-1,7,5,8,-1,8,5,4,-1,9,7,10,-1,10,7,8,-1,11,9,12,-1,12,9,10,-1,13,11,14,-1,14,11,12,-1,15,16,17,-1,17,16,13,-1,17,13,14,-1,18,16,19,-1,19,16,15,-1,20,18,21,-1,21,18,19,-1,22,20,23,-1,23,20,21,-1,24,25,26,-1,26,25,22,-1,26,22,23,-1,3,1,27,-1,27,1,25,-1,27,25,24,-1,25,1,0,-1,0,5,25,-1,25,5,7,-1,25,7,22,-1,18,20,16,-1,16,20,22,-1,16,22,13,-1,13,22,7,-1,13,7,11,-1,11,7,9,-1,28,29,30,-1,30,29,31,-1,32,33,34,-1,35,36,37,-1,37,36,38,-1,39,40,31,-1,31,40,41,-1,41,42,31,-1,31,42,43,-1,31,43,30,-1,30,43,44,-1,30,44,35,-1,35,44,45,-1,35,45,36,-1,34,39,32,-1,32,39,31,-1,32,31,46,-1,46,31,47,-1,46,47,48,-1,48,47,49,-1,48,49,50,-1,50,49,51,-1,50,51,52,-1,53,54,55,-1,55,54,56,-1,55,56,57,-1,57,56,58,-1,57,58,59,-1,59,58,60,-1,59,60,61,-1,61,60,62,-1,61,62,63,-1,63,62,64,-1,63,64,65,-1,65,64,52,-1,65,52,66,-1,66,52,51,-1,67,68,69,-1,69,68,70,-1,69,70,71,-1,71,70,72,-1,71,72,73,-1,73,72,74,-1,73,74,75,-1,75,74,76,-1,75,76,77,-1,77,76,78,-1,77,78,38,-1,38,78,79,-1,38,79,37,-1,80,81,82,-1,82,81,83,-1,82,83,84,-1,84,83,85,-1,84,85,86,-1,86,85,87,-1,86,87,67,-1,67,87,88,-1,67,88,68,-1,32,89,33,-1,33,89,90,-1,33,90,91,-1,91,90,92,-1,91,92,93,-1,93,92,94,-1,93,94,95,-1,95,94,96,-1,95,96,80,-1,80,96,97,-1,80,97,81,-1,59,98,99,-1,59,99,57,-1,57,99,100,-1,57,100,55,-1,55,100,101,-1,55,101,53,-1,54,53,102,-1,102,53,101,-1,54,102,103,-1,54,103,56,-1,56,103,104,-1,56,104,58,-1,58,104,105,-1,58,105,60,-1,60,105,106,-1,60,106,62,-1,62,106,107,-1,62,107,64,-1,64,107,108,-1,64,108,52,-1,52,108,109,-1,52,109,50,-1,50,109,110,-1,50,110,48,-1,48,110,111,-1,48,111,46,-1,46,111,112,-1,46,112,32,-1,89,32,113,-1,113,32,112,-1,89,113,114,-1,89,114,90,-1,90,114,115,-1,90,115,92,-1,92,115,116,-1,92,116,94,-1,94,116,117,-1,94,117,96,-1,96,117,118,-1,96,118,97,-1,97,118,119,-1,97,119,81,-1,81,119,120,-1,81,120,83,-1,83,120,121,-1,83,121,85,-1,85,121,122,-1,85,122,87,-1,87,122,123,-1,87,123,88,-1,88,123,124,-1,88,124,68,-1,125,74,126,-1,126,74,72,-1,126,72,127,-1,127,72,70,-1,127,70,128,-1,128,70,68,-1,128,68,124,-1,74,125,129,-1,74,129,76,-1,76,129,130,-1,76,130,78,-1,130,131,78,-1,78,131,132,-1,78,132,79,-1,79,132,133,-1,79,133,37,-1,37,133,134,-1,37,134,35,-1,30,35,135,-1,135,35,134,-1,28,30,136,-1,136,30,135,-1,29,28,137,-1,137,28,136,-1,31,29,138,-1,138,29,137,-1,31,138,139,-1,31,139,47,-1,47,139,140,-1,47,140,49,-1,49,140,141,-1,49,141,51,-1,51,141,142,-1,51,142,66,-1,66,142,143,-1,66,143,65,-1,65,143,144,-1,65,144,63,-1,63,144,145,-1,63,145,61,-1,61,145,98,-1,61,98,59,-1,91,146,147,-1,91,147,33,-1,33,147,148,-1,33,148,34,-1,34,148,149,-1,34,149,39,-1,82,150,151,-1,82,151,80,-1,80,151,152,-1,80,152,95,-1,95,152,153,-1,95,153,93,-1,93,153,146,-1,93,146,91,-1,69,154,155,-1,69,155,67,-1,67,155,156,-1,67,156,86,-1,86,156,157,-1,86,157,84,-1,84,157,150,-1,84,150,82,-1,75,158,159,-1,75,159,73,-1,73,159,160,-1,73,160,71,-1,71,160,154,-1,71,154,69,-1,45,161,162,-1,45,162,36,-1,36,162,163,-1,36,163,38,-1,38,163,164,-1,38,164,77,-1,77,164,158,-1,77,158,75,-1,41,165,166,-1,41,166,42,-1,42,166,167,-1,42,167,43,-1,43,167,168,-1,43,168,44,-1,44,168,161,-1,44,161,45,-1,41,40,165,-1,165,40,169,-1,40,39,169,-1,169,39,149,-1,
        ]
    }
}
Shape{
    appearance Appearance {
        material  Material 	{
            diffuseColor 0.2235294117647059 0.2235294117647059 0.2235294117647059
            specularColor 0.11372549019607843 0.11372549019607843 0.11372549019607843
            ambientIntensity 0.2235
            transparency 0.0
            shininess 0.5
        }
    }
    geometry IndexedFaceSet {
        ccw TRUE
        solid FALSE
        coord DEF co Coordinate {
            point [
                0.2883 0.3033 0.2992, 0.2883 0.3036 0.2992, 0.2767 0.3037 0.2992, 0.2883 0.3064 0.2992, 0.2816 0.3055 0.2992, 0.2785 0.3047 0.2992, 0.2773 0.3042 0.2992, 0.2879 0.3011 0.2992, 0.2761 0.303 0.2992, 0.2872 0.2993 0.2992, 0.2764 0.2972 0.2992, 0.2769 0.2967 0.2992, 0.2855 0.2972 0.2992, 0.2759 0.298 0.2992, 0.2841 0.2962 0.2992, 0.2826 0.2957 0.2992, 0.2807 0.2955 0.2992, 0.2757 0.302 0.2992, 0.2754 0.3009 0.2992, 0.2861 0.2978 0.2992, 0.2754 0.3001 0.2992, 0.2755 0.2989 0.2992, 0.2779 0.2961 0.2992, 0.279 0.2956 0.2992
            ]
        }
        coordIndex [
            0,1,2,-1,1,3,4,-1,4,5,1,-1,1,5,6,-1,1,6,2,-1,0,2,7,-1,7,2,8,-1,7,8,9,-1,10,11,12,-1,10,12,13,-1,14,12,15,-1,15,12,16,-1,8,17,9,-1,9,17,18,-1,9,18,19,-1,19,18,20,-1,19,20,12,-1,12,20,21,-1,12,21,13,-1,11,22,12,-1,12,22,23,-1,12,23,16,-1,
        ]
    }
}
Shape{
    appearance Appearance {
        material  Material 	{
            diffuseColor 1.0 1.0 1.0
            specularColor 0.5019607843137255 0.5019607843137255 0.5019607843137255
            ambientIntensity 1.0
            transparency 0.0
            shininess 0.5
        }
    }
    geometry IndexedFaceSet {
        ccw TRUE
        solid FALSE
        coord DEF co Coordinate {
            point [
                0.3001 0.2982 0.2992, 0.3001 0.2982 0.2993, 0.3019 0.2971 0.2993, 0.3083 0.2954 0.2993, 0.3083 0.2954 0.2992, 0.305 0.2958 0.2992, 0.305 0.2958 0.2993, 0.3024 0.2969 0.2992, 0.3019 0.2971 0.2992, 0.3001 0.293 0.2993, 0.3001 0.293 0.2992, 0.3036 0.2918 0.2993, 0.3024 0.2922 0.2992, 0.3078 0.2913 0.2992, 0.3078 0.2913 0.2993, 0.3046 0.2917 0.2992, 0.3036 0.2918 0.2992, 0.3124 0.2919 0.2993, 0.3107 0.2917 0.2992, 0.3124 0.2919 0.2992, 0.315 0.2929 0.2992, 0.315 0.2929 0.2993, 0.3162 0.2936 0.2992, 0.3162 0.2936 0.2993, 0.3176 0.2949 0.2992, 0.3176 0.2949 0.2993, 0.3185 0.2962 0.2992, 0.3185 0.2962 0.2993, 0.3192 0.2978 0.2992, 0.3192 0.2978 0.2993, 0.3194 0.2998 0.2992, 0.3194 0.2998 0.2993, 0.3192 0.3017 0.2992, 0.3192 0.3017 0.2993, 0.3186 0.3032 0.2992, 0.3186 0.3032 0.2993, 0.3177 0.3045 0.2992, 0.3177 0.3045 0.2993, 0.3165 0.3056 0.2992, 0.3165 0.3056 0.2993, 0.3132 0.3074 0.2992, 0.3132 0.3074 0.2993, 0.3112 0.3082 0.2992, 0.3112 0.3082 0.2993, 0.3081 0.3096 0.2992, 0.3081 0.3096 0.2993, 0.3064 0.3107 0.2992, 0.3064 0.3107 0.2993, 0.3059 0.3112 0.2992, 0.3059 0.3112 0.2993, 0.3055 0.3119 0.2992, 0.3055 0.3119 0.2993, 0.3053 0.3127 0.2992, 0.3053 0.3127 0.2993, 0.3053 0.3133 0.2992, 0.3053 0.3133 0.2993, 0.3054 0.3141 0.2992, 0.3054 0.3141 0.2993, 0.3056 0.3148 0.2992, 0.3056 0.3148 0.2993, 0.306 0.3155 0.2992, 0.306 0.3155 0.2993, 0.3068 0.3161 0.2992, 0.3068 0.3161 0.2993, 0.3079 0.3167 0.2992, 0.3079 0.3167 0.2993, 0.3093 0.3171 0.2992, 0.3093 0.3171 0.2993, 0.3108 0.3172 0.2992, 0.3108 0.3172 0.2993, 0.3143 0.3168 0.2992, 0.3143 0.3168 0.2993, 0.3171 0.3157 0.2992, 0.3171 0.3157 0.2993, 0.318 0.3151 0.2992, 0.318 0.3151 0.2993, 0.318 0.32 0.2993, 0.318 0.32 0.2992, 0.3148 0.321 0.2992, 0.3148 0.321 0.2993, 0.3112 0.3213 0.2992, 0.3112 0.3213 0.2993, 0.3072 0.3208 0.2992, 0.3072 0.3208 0.2993, 0.3045 0.3197 0.2992, 0.3045 0.3197 0.2993, 0.3033 0.319 0.2992, 0.3033 0.319 0.2993, 0.3017 0.3175 0.2993, 0.3024 0.3181 0.2992, 0.3017 0.3175 0.2992, 0.3008 0.3161 0.2992, 0.3008 0.3161 0.2993, 0.3003 0.3145 0.2992, 0.3003 0.3145 0.2993, 0.3001 0.3129 0.2992, 0.3001 0.3129 0.2993, 0.3003 0.3109 0.2992, 0.3003 0.3109 0.2993, 0.3009 0.3094 0.2992, 0.3009 0.3094 0.2993, 0.3015 0.3084 0.2992, 0.3015 0.3084 0.2993, 0.3077 0.3046 0.2992, 0.3077 0.3046 0.2993, 0.3047 0.306 0.2993, 0.3024 0.3075 0.2992, 0.3024 0.3075 0.2993, 0.3024 0.3075 0.2992, 0.3047 0.306 0.2992, 0.311 0.3032 0.2992, 0.311 0.3032 0.2993, 0.313 0.302 0.2992, 0.313 0.302 0.2993, 0.3136 0.3014 0.2992, 0.3136 0.3014 0.2993, 0.314 0.3007 0.2992, 0.314 0.3007 0.2993, 0.3142 0.2999 0.2992, 0.3142 0.2999 0.2993, 0.3142 0.2993 0.2992, 0.3142 0.2993 0.2993, 0.3141 0.2983 0.2992, 0.3141 0.2983 0.2993, 0.3139 0.2976 0.2992, 0.3139 0.2976 0.2993, 0.3134 0.297 0.2992, 0.3134 0.297 0.2993, 0.3129 0.2965 0.2992, 0.3129 0.2965 0.2993, 0.3124 0.2962 0.2992, 0.3124 0.2962 0.2993, 0.3111 0.2957 0.2992, 0.3111 0.2957 0.2993, 0.3086 0.2954 0.2992, 0.3086 0.2954 0.2993, 0.3443 0.3206 0.2993, 0.3494 0.3206 0.2993, 0.3443 0.3206 0.2992, 0.3494 0.3206 0.2992, 0.3364 0.2991 0.2993, 0.3364 0.2991 0.2992, 0.3361 0.2977 0.2992, 0.3361 0.2977 0.2993, 0.3358 0.2968 0.2992, 0.3358 0.2968 0.2993, 0.3357 0.2968 0.2993, 0.3357 0.2968 0.2992, 0.3351 0.2991 0.2993, 0.3351 0.2991 0.2992, 0.3276 0.3206 0.2993, 0.3276 0.3206 0.2992, 0.322 0.3206 0.2993, 0.322 0.3206 0.2992, 0.3332 0.2921 0.2993, 0.3332 0.2921 0.2992, 0.331 0.2869 0.2992, 0.331 0.2869 0.2993, 0.3331 0.2917 0.2992, 0.3299 0.2849 0.2992, 0.3299 0.2849 0.2993, 0.3289 0.2839 0.2992, 0.3289 0.2839 0.2993, 0.3279 0.2833 0.2992, 0.3279 0.2833 0.2993, 0.3268 0.2829 0.2992, 0.3268 0.2829 0.2993, 0.3259 0.2828 0.2992, 0.3259 0.2828 0.2993, 0.3241 0.2831 0.2992, 0.3241 0.2831 0.2993, 0.323 0.2834 0.2992, 0.323 0.2834 0.2993, 0.323 0.279 0.2993, 0.323 0.279 0.2992, 0.3252 0.2786 0.2992, 0.3252 0.2786 0.2993, 0.3263 0.2786 0.2992, 0.3263 0.2786 0.2993, 0.3284 0.2788 0.2992, 0.3284 0.2788 0.2993, 0.3304 0.2796 0.2992, 0.3304 0.2796 0.2993, 0.3321 0.2808 0.2992, 0.3321 0.2808 0.2993, 0.3342 0.2832 0.2992, 0.3342 0.2832 0.2993, 0.3365 0.2877 0.2992, 0.3365 0.2877 0.2993, 0.338 0.2917 0.2992, 0.3764 0.2966 0.2993, 0.3764 0.292 0.2993, 0.3764 0.2966 0.2992, 0.3764 0.292 0.2992, 0.36 0.2966 0.2992, 0.36 0.2966 0.2993, 0.3675 0.2966 0.2992, 0.36 0.3101 0.2993, 0.36 0.3101 0.2992, 0.3743 0.3101 0.2992, 0.3743 0.3101 0.2993, 0.3675 0.3101 0.2992, 0.3743 0.3146 0.2993, 0.3743 0.3146 0.2992, 0.36 0.3146 0.2992, 0.36 0.3146 0.2993, 0.3675 0.3146 0.2992, 0.36 0.3274 0.2992, 0.36 0.3274 0.2993, 0.36 0.3267 0.2992, 0.3755 0.3274 0.2992, 0.3755 0.3274 0.2993, 0.3675 0.3274 0.2992, 0.3755 0.3321 0.2993, 0.3755 0.3321 0.2992, 0.3549 0.3321 0.2992, 0.3549 0.3321 0.2993, 0.3675 0.3321 0.2992, 0.3549 0.292 0.2992, 0.3549 0.292 0.2993, 0.3549 0.3267 0.2992, 0.3675 0.292 0.2992, 0.4088 0.3032 0.2993, 0.4068 0.3008 0.2993, 0.4105 0.2976 0.2993, 0.4061 0.3001 0.2993, 0.4064 0.2946 0.2993, 0.4034 0.2984 0.2993, 0.4018 0.2929 0.2993, 0.4 0.2971 0.2993, 0.395 0.292 0.2993, 0.3949 0.2966 0.2993, 0.3839 0.292 0.2993, 0.3891 0.2966 0.2993, 0.3839 0.3321 0.2993, 0.3891 0.3274 0.2993, 0.3954 0.3321 0.2993, 0.3952 0.3274 0.2993, 0.4015 0.3314 0.2993, 0.4003 0.3269 0.2993, 0.4063 0.3296 0.2993, 0.4038 0.3256 0.2993, 0.4105 0.3268 0.2993, 0.4067 0.3237 0.2993, 0.4119 0.3254 0.2993, 0.4078 0.3226 0.2993, 0.4144 0.3219 0.2993, 0.4094 0.3204 0.2993, 0.4159 0.3181 0.2993, 0.4105 0.3175 0.2993, 0.4165 0.3125 0.2993, 0.4111 0.3124 0.2993, 0.4164 0.31 0.2993, 0.411 0.3099 0.2993, 0.4155 0.3053 0.2993, 0.4102 0.3062 0.2993, 0.4135 0.3012 0.2993, 0.395 0.292 0.2992, 0.3839 0.292 0.2992, 0.4018 0.2929 0.2992, 0.4064 0.2946 0.2992, 0.4105 0.2976 0.2992, 0.4135 0.3012 0.2992, 0.4155 0.3053 0.2992, 0.4164 0.31 0.2992, 0.4165 0.3125 0.2992, 0.4105 0.3268 0.2992, 0.4106 0.3267 0.2992, 0.4119 0.3254 0.2992, 0.4144 0.3219 0.2992, 0.4159 0.3181 0.2992, 0.4063 0.3296 0.2992, 0.4015 0.3314 0.2992, 0.3954 0.3321 0.2992, 0.3839 0.3321 0.2992, 0.3839 0.3267 0.2992, 0.3952 0.3274 0.2992, 0.3891 0.3274 0.2992, 0.3891 0.2966 0.2992, 0.3949 0.2966 0.2992, 0.4068 0.3008 0.2992, 0.4061 0.3001 0.2992, 0.4034 0.2984 0.2992, 0.4 0.2971 0.2992, 0.4111 0.3124 0.2992, 0.411 0.3099 0.2992, 0.4102 0.3062 0.2992, 0.4088 0.3032 0.2992, 0.4067 0.3237 0.2992, 0.4078 0.3226 0.2992, 0.4094 0.3204 0.2992, 0.4105 0.3175 0.2992, 0.4003 0.3269 0.2992, 0.4038 0.3256 0.2992
            ]
        }
        coordIndex [
            0,1,2,-1,3,4,5,-1,3,5,6,-1,6,5,7,-1,6,7,2,-1,2,7,8,-1,2,8,0,-1,9,1,10,-1,10,1,0,-1,11,9,12,-1,12,9,10,-1,13,14,15,-1,15,14,11,-1,15,11,16,-1,16,11,12,-1,17,14,18,-1,18,14,13,-1,18,19,17,-1,17,19,20,-1,17,20,21,-1,21,20,22,-1,21,22,23,-1,23,22,24,-1,23,24,25,-1,25,24,26,-1,25,26,27,-1,27,26,28,-1,27,28,29,-1,29,28,30,-1,29,30,31,-1,31,30,32,-1,31,32,33,-1,33,32,34,-1,33,34,35,-1,35,34,36,-1,35,36,37,-1,37,36,38,-1,37,38,39,-1,39,38,40,-1,39,40,41,-1,41,40,42,-1,41,42,43,-1,43,42,44,-1,43,44,45,-1,45,44,46,-1,45,46,47,-1,47,46,48,-1,47,48,49,-1,49,48,50,-1,49,50,51,-1,51,50,52,-1,51,52,53,-1,53,52,54,-1,53,54,55,-1,55,54,56,-1,55,56,57,-1,57,56,58,-1,57,58,59,-1,59,58,60,-1,59,60,61,-1,61,60,62,-1,61,62,63,-1,63,62,64,-1,63,64,65,-1,65,64,66,-1,65,66,67,-1,67,66,68,-1,67,68,69,-1,69,68,70,-1,69,70,71,-1,71,70,72,-1,71,72,73,-1,73,72,74,-1,73,74,75,-1,76,75,77,-1,77,75,74,-1,76,77,78,-1,76,78,79,-1,79,78,80,-1,79,80,81,-1,81,80,82,-1,81,82,83,-1,83,82,84,-1,83,84,85,-1,85,84,86,-1,85,86,87,-1,88,87,89,-1,89,87,86,-1,89,90,88,-1,88,90,91,-1,88,91,92,-1,92,91,93,-1,92,93,94,-1,94,93,95,-1,94,95,96,-1,96,95,97,-1,96,97,98,-1,98,97,99,-1,98,99,100,-1,100,99,101,-1,100,101,102,-1,103,104,105,-1,102,101,106,-1,102,106,107,-1,107,106,108,-1,107,108,105,-1,105,108,109,-1,105,109,103,-1,104,103,110,-1,104,110,111,-1,111,110,112,-1,111,112,113,-1,113,112,114,-1,113,114,115,-1,115,114,116,-1,115,116,117,-1,117,116,118,-1,117,118,119,-1,119,118,120,-1,119,120,121,-1,121,120,122,-1,121,122,123,-1,123,122,124,-1,123,124,125,-1,125,124,126,-1,125,126,127,-1,127,126,128,-1,127,128,129,-1,129,128,130,-1,129,130,131,-1,131,130,132,-1,131,132,133,-1,133,132,134,-1,133,134,135,-1,135,134,4,-1,135,4,3,-1,59,61,87,-1,87,61,85,-1,85,61,63,-1,85,63,83,-1,125,25,27,-1,111,43,104,-1,104,43,45,-1,125,27,123,-1,123,27,29,-1,123,29,121,-1,121,29,31,-1,121,31,119,-1,119,31,33,-1,119,33,117,-1,117,33,35,-1,117,35,115,-1,115,35,37,-1,115,37,113,-1,113,37,39,-1,113,39,111,-1,111,39,41,-1,111,41,43,-1,25,125,23,-1,23,125,127,-1,23,127,21,-1,14,3,11,-1,11,3,6,-1,11,6,9,-1,9,6,2,-1,9,2,1,-1,63,65,83,-1,83,65,67,-1,83,67,81,-1,81,67,69,-1,81,69,79,-1,79,69,71,-1,79,71,76,-1,76,71,73,-1,76,73,75,-1,127,129,21,-1,21,129,131,-1,21,131,17,-1,17,131,133,-1,17,133,14,-1,14,133,135,-1,14,135,3,-1,87,88,59,-1,59,88,92,-1,59,92,57,-1,57,92,94,-1,57,94,55,-1,55,94,96,-1,55,96,53,-1,53,96,98,-1,53,98,51,-1,51,98,100,-1,51,100,49,-1,49,100,102,-1,49,102,47,-1,47,102,107,-1,47,107,45,-1,45,107,105,-1,45,105,104,-1,136,137,138,-1,138,137,139,-1,140,136,141,-1,141,136,138,-1,140,141,142,-1,140,142,143,-1,143,142,144,-1,143,144,145,-1,146,145,147,-1,147,145,144,-1,148,146,149,-1,149,146,147,-1,150,148,151,-1,151,148,149,-1,152,150,153,-1,153,150,151,-1,154,152,155,-1,155,152,153,-1,156,157,158,-1,158,157,154,-1,158,154,155,-1,157,156,159,-1,157,159,160,-1,160,159,161,-1,160,161,162,-1,162,161,163,-1,162,163,164,-1,164,163,165,-1,164,165,166,-1,166,165,167,-1,166,167,168,-1,168,167,169,-1,168,169,170,-1,170,169,171,-1,170,171,172,-1,173,172,174,-1,174,172,171,-1,173,174,175,-1,173,175,176,-1,176,175,177,-1,176,177,178,-1,178,177,179,-1,178,179,180,-1,180,179,181,-1,180,181,182,-1,182,181,183,-1,182,183,184,-1,184,183,185,-1,184,185,186,-1,186,185,187,-1,186,187,188,-1,139,137,189,-1,189,137,188,-1,189,188,187,-1,143,145,188,-1,137,136,188,-1,188,136,140,-1,188,140,143,-1,150,152,148,-1,148,152,154,-1,148,154,146,-1,145,146,188,-1,188,146,154,-1,188,154,186,-1,154,157,186,-1,186,157,160,-1,186,160,184,-1,184,160,162,-1,184,162,182,-1,182,162,164,-1,182,164,180,-1,180,164,166,-1,180,166,178,-1,178,166,168,-1,178,168,176,-1,176,168,170,-1,176,170,173,-1,173,170,172,-1,190,191,192,-1,192,191,193,-1,194,195,196,-1,196,195,190,-1,196,190,192,-1,197,195,198,-1,198,195,194,-1,199,200,201,-1,201,200,197,-1,201,197,198,-1,202,200,203,-1,203,200,199,-1,204,205,206,-1,206,205,202,-1,206,202,203,-1,207,208,209,-1,209,208,205,-1,209,205,204,-1,210,211,212,-1,212,211,208,-1,212,208,207,-1,213,211,214,-1,214,211,210,-1,215,216,217,-1,217,216,213,-1,217,213,214,-1,218,219,220,-1,220,219,216,-1,220,216,215,-1,193,191,221,-1,221,191,219,-1,221,219,218,-1,219,191,190,-1,190,195,219,-1,219,195,197,-1,219,197,216,-1,211,213,208,-1,208,213,216,-1,208,216,205,-1,205,216,197,-1,205,197,202,-1,202,197,200,-1,222,223,224,-1,224,223,225,-1,224,225,226,-1,226,225,227,-1,226,227,228,-1,228,227,229,-1,228,229,230,-1,230,229,231,-1,230,231,232,-1,232,231,233,-1,232,233,234,-1,234,233,235,-1,234,235,236,-1,236,235,237,-1,236,237,238,-1,238,237,239,-1,238,239,240,-1,240,239,241,-1,240,241,242,-1,242,241,243,-1,242,243,244,-1,244,243,245,-1,244,245,246,-1,246,245,247,-1,246,247,248,-1,248,247,249,-1,248,249,250,-1,250,249,251,-1,250,251,252,-1,252,251,253,-1,252,253,254,-1,254,253,255,-1,254,255,256,-1,256,255,222,-1,256,222,224,-1,230,232,257,-1,257,232,258,-1,230,257,259,-1,230,259,228,-1,228,259,260,-1,228,260,226,-1,226,260,261,-1,226,261,224,-1,224,261,262,-1,224,262,256,-1,256,262,263,-1,256,263,254,-1,254,263,264,-1,254,264,252,-1,252,264,265,-1,252,265,250,-1,266,242,267,-1,267,242,244,-1,267,244,268,-1,268,244,246,-1,268,246,269,-1,269,246,248,-1,269,248,270,-1,270,248,250,-1,270,250,265,-1,242,266,271,-1,242,271,240,-1,240,271,272,-1,240,272,238,-1,238,272,273,-1,238,273,236,-1,234,236,274,-1,274,236,273,-1,258,232,275,-1,275,232,234,-1,275,234,274,-1,237,235,276,-1,276,235,277,-1,235,233,277,-1,277,233,278,-1,233,231,278,-1,278,231,279,-1,223,280,281,-1,223,281,225,-1,225,281,282,-1,225,282,227,-1,227,282,283,-1,227,283,229,-1,229,283,279,-1,229,279,231,-1,251,284,285,-1,251,285,253,-1,253,285,286,-1,253,286,255,-1,255,286,287,-1,255,287,222,-1,222,287,280,-1,222,280,223,-1,243,288,289,-1,243,289,245,-1,245,289,290,-1,245,290,247,-1,247,290,291,-1,247,291,249,-1,249,291,284,-1,249,284,251,-1,237,276,292,-1,237,292,239,-1,239,292,293,-1,239,293,241,-1,241,293,288,-1,241,288,243,-1,
        ]
    }
}
Shape{
    appearance Appearance {
        material  Material 	{
            diffuseColor 0.2235294117647059 0.2235294117647059 0.2235294117647059
            specularColor 0.11372549019607843 0.11372549019607843 0.11372549019607843
            ambientIntensity 0.2235
            transparency 0.0
            shininess 0.5
        }
    }
    geometry IndexedFaceSet {
        ccw TRUE
        solid FALSE
        coord DEF co Coordinate {
            point [
                0.3891 0.3274 0.2992, 0.3891 0.2966 0.2992, 0.3952 0.3274 0.2992, 0.3949 0.2966 0.2992, 0.4 0.2971 0.2992, 0.4034 0.2984 0.2992, 0.4061 0.3001 0.2992, 0.4068 0.3008 0.2992, 0.4088 0.3032 0.2992, 0.4102 0.3062 0.2992, 0.411 0.3099 0.2992, 0.4111 0.3124 0.2992, 0.4105 0.3175 0.2992, 0.4094 0.3204 0.2992, 0.4078 0.3226 0.2992, 0.4067 0.3237 0.2992, 0.4003 0.3269 0.2992, 0.4038 0.3256 0.2992
            ]
        }
        coordIndex [
            0,1,2,-1,2,1,3,-1,2,3,4,-1,4,5,2,-1,2,5,6,-1,2,6,7,-1,7,8,2,-1,2,8,9,-1,2,9,10,-1,10,11,2,-1,2,11,12,-1,2,12,13,-1,13,14,2,-1,2,14,15,-1,2,15,16,-1,16,15,17,-1,
        ]
    }
}
Shape{
    appearance Appearance {
        material  Material 	{
            diffuseColor 1.0 1.0 1.0
            specularColor 0.5019607843137255 0.5019607843137255 0.5019607843137255
            ambientIntensity 1.0
            transparency 0.0
            shininess 0.5
        }
    }
    geometry IndexedFaceSet {
        ccw TRUE
        solid FALSE
        coord DEF co Coordinate {
            point [
                0.43 0.3075 0.2993, 0.4283 0.303 0.2993, 0.4434 0.3075 0.2993, 0.445 0.303 0.2993, 0.4359 0.3241 0.2993, 0.434 0.3321 0.2993, 0.4188 0.292 0.2993, 0.4245 0.292 0.2993, 0.4363 0.3253 0.2993, 0.4366 0.3269 0.2993, 0.4395 0.3321 0.2993, 0.4367 0.3269 0.2993, 0.437 0.3252 0.2993, 0.4373 0.3241 0.2993, 0.4548 0.292 0.2993, 0.4491 0.292 0.2993, 0.4395 0.3321 0.2992, 0.4416 0.3267 0.2992, 0.4548 0.292 0.2992, 0.434 0.3321 0.2992, 0.4188 0.292 0.2992, 0.432 0.3267 0.2992, 0.4245 0.292 0.2992, 0.4283 0.303 0.2992, 0.445 0.303 0.2992, 0.4491 0.292 0.2992, 0.43 0.3075 0.2992, 0.4434 0.3075 0.2992, 0.4373 0.3241 0.2992, 0.4367 0.3269 0.2992, 0.437 0.3252 0.2992, 0.4366 0.3269 0.2992, 0.4359 0.3241 0.2992, 0.4363 0.3253 0.2992
            ]
        }
        coordIndex [
            0,1,2,-1,2,1,3,-1,4,5,0,-1,0,5,6,-1,0,6,1,-1,1,6,7,-1,4,8,5,-1,5,8,9,-1,5,9,10,-1,10,9,11,-1,10,11,12,-1,12,13,10,-1,10,13,2,-1,10,2,14,-1,14,2,3,-1,14,3,15,-1,16,10,17,-1,17,10,14,-1,17,14,18,-1,5,10,19,-1,19,10,16,-1,20,6,21,-1,21,6,5,-1,21,5,19,-1,7,6,22,-1,22,6,20,-1,1,7,23,-1,23,7,22,-1,3,1,24,-1,24,1,23,-1,15,3,25,-1,25,3,24,-1,14,15,18,-1,18,15,25,-1,0,2,26,-1,26,2,27,-1,2,13,27,-1,27,13,28,-1,11,29,30,-1,11,30,12,-1,12,30,28,-1,12,28,13,-1,11,9,29,-1,29,9,31,-1,4,32,33,-1,4,33,8,-1,8,33,31,-1,8,31,9,-1,4,0,32,-1,32,0,26,-1,
        ]
    }
}
Shape{
    appearance Appearance {
        material  Material 	{
            diffuseColor 0.2235294117647059 0.2235294117647059 0.2235294117647059
            specularColor 0.11372549019607843 0.11372549019607843 0.11372549019607843
            ambientIntensity 0.2235
            transparency 0.0
            shininess 0.5
        }
    }
    geometry IndexedFaceSet {
        ccw TRUE
        solid FALSE
        coord DEF co Coordinate {
            point [
                0.4367 0.3269 0.2992, 0.4366 0.3269 0.2992, 0.437 0.3252 0.2992, 0.4363 0.3253 0.2992, 0.4373 0.3241 0.2992, 0.4359 0.3241 0.2992, 0.4434 0.3075 0.2992, 0.43 0.3075 0.2992
            ]
        }
        coordIndex [
            0,1,2,-1,2,1,3,-1,2,3,4,-1,4,3,5,-1,4,5,6,-1,6,5,7,-1,
        ]
    }
}
Shape{
    appearance Appearance {
        material  Material 	{
            diffuseColor 1.0 1.0 1.0
            specularColor 0.5019607843137255 0.5019607843137255 0.5019607843137255
            ambientIntensity 1.0
            transparency 0.0
            shininess 0.5
        }
    }
    geometry IndexedFaceSet {
        ccw TRUE
        solid FALSE
        coord DEF co Coordinate {
            point [
                0.0672 0.2864 0.2993, 0.0714 0.2811 0.2993, 0.0646 0.3115 0.2993, 0.1597 0.3255 0.2993, 0.1508 0.3406 0.2993, 0.1198 0.3044 0.2993, 0.1127 0.3206 0.2993, 0.1935 0.3314 0.2993, 0.1929 0.3259 0.2993, 0.2098 0.3212 0.2993, 0.0961 0.3112 0.2993, 0.0984 0.3096 0.2993, 0.1002 0.3076 0.2993, 0.0837 0.293 0.2993, 0.0859 0.2914 0.2993, 0.077 0.2769 0.2993, 0.0886 0.2905 0.2993, 0.0584 0.3153 0.2993, 0.0595 0.294 0.2993, 0.0643 0.2924 0.2993, 0.1014 0.3053 0.2993, 0.1021 0.3026 0.2993, 0.1198 0.3016 0.2993, 0.1021 0.3 0.2993, 0.1691 0.3536 0.2993, 0.1713 0.3536 0.2993, 0.183 0.369 0.2993, 0.1767 0.353 0.2993, 0.1846 0.3685 0.2993, 0.1817 0.3511 0.2993, 0.1931 0.3642 0.2993, 0.2008 0.3576 0.2993, 0.089 0.363 0.2993, 0.0911 0.3619 0.2993, 0.0822 0.3827 0.2993, 0.0952 0.3705 0.2993, 0.0881 0.3895 0.2993, 0.1014 0.3782 0.2993, 0.0948 0.3952 0.2993, 0.1093 0.3841 0.2993, 0.1017 0.3995 0.2993, 0.1017 0.3284 0.2993, 0.0948 0.3301 0.2993, 0.0911 0.3124 0.2993, 0.0914 0.3303 0.2993, 0.0887 0.3121 0.2993, 0.0846 0.3295 0.2993, 0.0862 0.3112 0.2993, 0.0783 0.3271 0.2993, 0.0839 0.3097 0.2993, 0.0725 0.323 0.2993, 0.082 0.3077 0.2993, 0.0678 0.3177 0.2993, 0.0807 0.3052 0.2993, 0.08 0.3025 0.2993, 0.2061 0.3123 0.2993, 0.1909 0.3208 0.2993, 0.2007 0.3047 0.2993, 0.1676 0.3915 0.2993, 0.1574 0.3775 0.2993, 0.1769 0.3808 0.2993, 0.1636 0.3697 0.2993, 0.1677 0.3604 0.2993, 0.0533 0.3206 0.2993, 0.0415 0.3061 0.2993, 0.0493 0.2993 0.2993, 0.0484 0.3446 0.2993, 0.0297 0.3404 0.2993, 0.0475 0.3377 0.2993, 0.0296 0.3371 0.2993, 0.0479 0.3334 0.2993, 0.0307 0.3271 0.2993, 0.0499 0.3264 0.2993, 0.0345 0.3164 0.2993, 0.0405 0.3073 0.2993, 0.1861 0.348 0.2993, 0.1894 0.3443 0.2993, 0.2065 0.3495 0.2993, 0.1921 0.3394 0.2993, 0.2099 0.3408 0.2993, 0.1934 0.3339 0.2993, 0.2112 0.3317 0.2993, 0.2112 0.3306 0.2993, 0.1878 0.3164 0.2993, 0.1874 0.316 0.2993, 0.1926 0.298 0.2993, 0.1832 0.3125 0.2993, 0.1839 0.2938 0.2993, 0.1781 0.3102 0.2993, 0.1748 0.2919 0.2993, 0.1731 0.3092 0.2993, 0.158 0.2919 0.2993, 0.1602 0.3092 0.2993, 0.1565 0.2921 0.2993, 0.1148 0.4046 0.2993, 0.1186 0.3879 0.2993, 0.1289 0.4063 0.2993, 0.1292 0.3892 0.2993, 0.1407 0.4051 0.2993, 0.1385 0.3881 0.2993, 0.1549 0.4 0.2993, 0.1474 0.3848 0.2993, 0.1555 0.3793 0.2993, 0.0826 0.3654 0.2993, 0.079 0.3831 0.2993, 0.076 0.3662 0.2993, 0.0757 0.3832 0.2993, 0.0731 0.366 0.2993, 0.0656 0.3821 0.2993, 0.066 0.3644 0.2993, 0.055 0.3783 0.2993, 0.0597 0.361 0.2993, 0.0455 0.3719 0.2993, 0.0547 0.3566 0.2993, 0.043 0.3696 0.2993, 0.0508 0.3509 0.2993, 0.0367 0.3617 0.2993, 0.0319 0.3516 0.2993, 0.0819 0.2951 0.2993, 0.0807 0.2974 0.2993, 0.08 0.3001 0.2993, 0.0934 0.3121 0.2993, 0.1077 0.3252 0.2993, 0.0835 0.2742 0.2993, 0.0902 0.2731 0.2993, 0.0911 0.2902 0.2993, 0.0914 0.2731 0.2993, 0.0935 0.2904 0.2993, 0.0982 0.2739 0.2993, 0.096 0.2913 0.2993, 0.1046 0.2764 0.2993, 0.0982 0.2928 0.2993, 0.1103 0.2803 0.2993, 0.1001 0.2948 0.2993, 0.1147 0.2853 0.2993, 0.1014 0.2973 0.2993, 0.118 0.2916 0.2993, 0.1197 0.2986 0.2993, 0.1588 0.3095 0.2993, 0.1519 0.2949 0.2993, 0.1528 0.2941 0.2993, 0.1564 0.3093 0.2993, 0.1545 0.3085 0.2993, 0.1497 0.3015 0.2993, 0.1497 0.3007 0.2993, 0.15 0.2986 0.2993, 0.1507 0.2967 0.2993, 0.1597 0.3093 0.2993, 0.1546 0.2928 0.2993, 0.1585 0.3095 0.2993, 0.1527 0.3073 0.2993, 0.1513 0.3057 0.2993, 0.1502 0.3037 0.2993, 0.2112 0.3317 0.2992, 0.2099 0.3408 0.2992, 0.2065 0.3495 0.2992, 0.2025 0.3552 0.2992, 0.2008 0.3576 0.2992, 0.1931 0.3642 0.2992, 0.1846 0.3685 0.2992, 0.183 0.369 0.2992, 0.1769 0.3808 0.2992, 0.1676 0.3915 0.2992, 0.1611 0.3959 0.2992, 0.1549 0.4 0.2992, 0.1407 0.4051 0.2992, 0.1289 0.4063 0.2992, 0.0948 0.3952 0.2992, 0.0959 0.3959 0.2992, 0.1017 0.3995 0.2992, 0.1148 0.4046 0.2992, 0.0881 0.3895 0.2992, 0.0822 0.3827 0.2992, 0.079 0.3831 0.2992, 0.0757 0.3832 0.2992, 0.0656 0.3821 0.2992, 0.055 0.3783 0.2992, 0.0455 0.3719 0.2992, 0.043 0.3696 0.2992, 0.0367 0.3617 0.2992, 0.0336 0.3552 0.2992, 0.0319 0.3516 0.2992, 0.0297 0.3404 0.2992, 0.0296 0.3371 0.2992, 0.0307 0.3271 0.2992, 0.0309 0.3267 0.2992, 0.0345 0.3164 0.2992, 0.0405 0.3073 0.2992, 0.0415 0.3061 0.2992, 0.0493 0.2993 0.2992, 0.0595 0.294 0.2992, 0.0643 0.2924 0.2992, 0.0647 0.2917 0.2992, 0.0672 0.2864 0.2992, 0.0714 0.2811 0.2992, 0.077 0.2769 0.2992, 0.0796 0.2758 0.2992, 0.0835 0.2742 0.2992, 0.0902 0.2731 0.2992, 0.0914 0.2731 0.2992, 0.1198 0.3016 0.2992, 0.0982 0.2739 0.2992, 0.1031 0.2758 0.2992, 0.1046 0.2764 0.2992, 0.1103 0.2803 0.2992, 0.1147 0.2853 0.2992, 0.118 0.2916 0.2992, 0.118 0.2917 0.2992, 0.1197 0.2986 0.2992, 0.1198 0.3044 0.2992, 0.1597 0.3255 0.2992, 0.1508 0.3406 0.2992, 0.159 0.3267 0.2992, 0.1127 0.3206 0.2992, 0.1243 0.3267 0.2992, 0.1077 0.3252 0.2992, 0.1049 0.3267 0.2992, 0.1017 0.3284 0.2992, 0.0948 0.3301 0.2992, 0.0914 0.3303 0.2992, 0.0846 0.3295 0.2992, 0.0783 0.3271 0.2992, 0.0777 0.3267 0.2992, 0.0725 0.323 0.2992, 0.0678 0.3177 0.2992, 0.0646 0.3115 0.2992, 0.0475 0.3377 0.2992, 0.0584 0.3153 0.2992, 0.0533 0.3206 0.2992, 0.0499 0.3264 0.2992, 0.0498 0.3267 0.2992, 0.0479 0.3334 0.2992, 0.0484 0.3446 0.2992, 0.0508 0.3509 0.2992, 0.0538 0.3552 0.2992, 0.0547 0.3566 0.2992, 0.0597 0.361 0.2992, 0.066 0.3644 0.2992, 0.0731 0.366 0.2992, 0.076 0.3662 0.2992, 0.0826 0.3654 0.2992, 0.089 0.363 0.2992, 0.0911 0.3619 0.2992, 0.0952 0.3705 0.2992, 0.1014 0.3782 0.2992, 0.1093 0.3841 0.2992, 0.1186 0.3879 0.2992, 0.1292 0.3892 0.2992, 0.1691 0.3536 0.2992, 0.1688 0.3552 0.2992, 0.1677 0.3604 0.2992, 0.1636 0.3697 0.2992, 0.1574 0.3775 0.2992, 0.1555 0.3793 0.2992, 0.1474 0.3848 0.2992, 0.1385 0.3881 0.2992, 0.1713 0.3536 0.2992, 0.1767 0.353 0.2992, 0.1817 0.3511 0.2992, 0.1861 0.348 0.2992, 0.1894 0.3443 0.2992, 0.1921 0.3394 0.2992, 0.1934 0.3339 0.2992, 0.1935 0.3314 0.2992, 0.193 0.3267 0.2992, 0.1929 0.3259 0.2992, 0.1909 0.3208 0.2992, 0.1878 0.3164 0.2992, 0.1874 0.316 0.2992, 0.1832 0.3125 0.2992, 0.1781 0.3102 0.2992, 0.1731 0.3092 0.2992, 0.1602 0.3092 0.2992, 0.1597 0.3093 0.2992, 0.1588 0.3095 0.2992, 0.1585 0.3095 0.2992, 0.1564 0.3093 0.2992, 0.1545 0.3085 0.2992, 0.1527 0.3073 0.2992, 0.1513 0.3057 0.2992, 0.1502 0.3037 0.2992, 0.1497 0.3015 0.2992, 0.1497 0.3007 0.2992, 0.15 0.2986 0.2992, 0.1507 0.2967 0.2992, 0.1519 0.2949 0.2992, 0.1528 0.2941 0.2992, 0.1546 0.2928 0.2992, 0.1565 0.2921 0.2992, 0.158 0.2919 0.2992, 0.1748 0.2919 0.2992, 0.1839 0.2938 0.2992, 0.1926 0.298 0.2992, 0.2007 0.3047 0.2992, 0.2061 0.3123 0.2992, 0.2098 0.3212 0.2992, 0.2106 0.3267 0.2992, 0.2112 0.3306 0.2992, 0.0911 0.3124 0.2992, 0.0934 0.3121 0.2992, 0.0961 0.3112 0.2992, 0.0984 0.3096 0.2992, 0.1002 0.3076 0.2992, 0.1014 0.3053 0.2992, 0.1021 0.3026 0.2992, 0.1021 0.3 0.2992, 0.1014 0.2973 0.2992, 0.1001 0.2948 0.2992, 0.0982 0.2928 0.2992, 0.096 0.2913 0.2992, 0.0935 0.2904 0.2992, 0.0911 0.2902 0.2992, 0.0886 0.2905 0.2992, 0.0859 0.2914 0.2992, 0.0837 0.293 0.2992, 0.0819 0.2951 0.2992, 0.0807 0.2974 0.2992, 0.08 0.3001 0.2992, 0.08 0.3025 0.2992, 0.0807 0.3052 0.2992, 0.082 0.3077 0.2992, 0.0839 0.3097 0.2992, 0.0862 0.3112 0.2992, 0.0887 0.3121 0.2992
            ]
        }
        coordIndex [
            0,1,2,-1,3,4,5,-1,5,4,6,-1,7,8,9,-1,10,11,5,-1,5,11,12,-1,13,1,14,-1,14,1,15,-1,14,15,16,-1,17,18,2,-1,2,18,19,-1,2,19,0,-1,12,20,5,-1,5,20,21,-1,5,21,22,-1,22,21,23,-1,24,25,26,-1,26,25,27,-1,26,27,28,-1,28,27,29,-1,28,29,30,-1,30,29,31,-1,32,33,34,-1,34,33,35,-1,34,35,36,-1,36,35,37,-1,36,37,38,-1,38,37,39,-1,38,39,40,-1,41,42,43,-1,43,42,44,-1,43,44,45,-1,45,44,46,-1,45,46,47,-1,47,46,48,-1,47,48,49,-1,49,48,50,-1,49,50,51,-1,51,50,52,-1,51,52,53,-1,53,52,2,-1,53,2,54,-1,9,8,55,-1,55,8,56,-1,55,56,57,-1,58,59,60,-1,60,59,61,-1,60,61,26,-1,26,61,62,-1,26,62,24,-1,63,64,17,-1,17,64,65,-1,17,65,18,-1,66,67,68,-1,68,67,69,-1,68,69,70,-1,70,69,71,-1,70,71,72,-1,72,71,73,-1,72,73,63,-1,63,73,74,-1,63,74,64,-1,29,75,31,-1,31,75,76,-1,31,76,77,-1,77,76,78,-1,77,78,79,-1,79,78,80,-1,79,80,81,-1,81,80,7,-1,81,7,82,-1,82,7,9,-1,56,83,57,-1,57,83,84,-1,57,84,85,-1,85,84,86,-1,85,86,87,-1,87,86,88,-1,87,88,89,-1,89,88,90,-1,89,90,91,-1,91,90,92,-1,91,92,93,-1,40,39,94,-1,94,39,95,-1,94,95,96,-1,96,95,97,-1,96,97,98,-1,98,97,99,-1,98,99,100,-1,100,99,101,-1,100,101,58,-1,58,101,102,-1,58,102,59,-1,32,34,103,-1,103,34,104,-1,103,104,105,-1,105,104,106,-1,105,106,107,-1,107,106,108,-1,107,108,109,-1,109,108,110,-1,109,110,111,-1,111,110,112,-1,111,112,113,-1,113,112,114,-1,113,114,115,-1,115,114,116,-1,115,116,66,-1,66,116,117,-1,66,117,67,-1,13,118,1,-1,1,118,119,-1,1,119,2,-1,2,119,120,-1,2,120,54,-1,10,5,121,-1,121,5,6,-1,121,6,43,-1,43,6,122,-1,43,122,41,-1,15,123,16,-1,16,123,124,-1,16,124,125,-1,125,124,126,-1,125,126,127,-1,127,126,128,-1,127,128,129,-1,129,128,130,-1,129,130,131,-1,131,130,132,-1,131,132,133,-1,133,132,134,-1,133,134,135,-1,135,134,136,-1,135,136,23,-1,23,136,137,-1,23,137,22,-1,138,139,140,-1,141,142,143,-1,144,145,138,-1,138,145,146,-1,138,146,139,-1,92,147,93,-1,93,147,138,-1,93,138,148,-1,148,138,140,-1,144,138,143,-1,143,138,149,-1,143,149,141,-1,142,150,143,-1,143,150,151,-1,143,151,152,-1,81,153,154,-1,81,154,79,-1,79,154,155,-1,79,155,77,-1,77,155,156,-1,77,156,31,-1,156,157,31,-1,31,157,158,-1,31,158,30,-1,30,158,159,-1,30,159,28,-1,28,159,160,-1,28,160,26,-1,26,160,161,-1,26,161,60,-1,60,161,162,-1,60,162,58,-1,100,58,163,-1,163,58,162,-1,163,164,100,-1,100,164,165,-1,100,165,98,-1,98,165,166,-1,98,166,96,-1,167,38,168,-1,168,38,40,-1,168,40,169,-1,169,40,94,-1,169,94,170,-1,170,94,96,-1,170,96,166,-1,38,167,171,-1,38,171,36,-1,36,171,172,-1,36,172,34,-1,34,172,173,-1,34,173,104,-1,104,173,174,-1,104,174,106,-1,106,174,175,-1,106,175,108,-1,108,175,176,-1,108,176,110,-1,110,176,177,-1,110,177,112,-1,112,177,178,-1,112,178,114,-1,114,178,179,-1,114,179,116,-1,116,179,180,-1,116,180,117,-1,180,181,117,-1,117,181,182,-1,117,182,67,-1,67,182,183,-1,67,183,69,-1,69,183,184,-1,69,184,71,-1,71,184,185,-1,71,185,73,-1,185,186,73,-1,73,186,187,-1,73,187,74,-1,74,187,188,-1,74,188,64,-1,64,188,189,-1,64,189,65,-1,65,189,190,-1,65,190,18,-1,18,190,191,-1,18,191,19,-1,19,191,192,-1,19,192,0,-1,192,193,0,-1,0,193,194,-1,0,194,1,-1,1,194,195,-1,1,195,15,-1,15,195,196,-1,15,196,123,-1,196,197,123,-1,123,197,198,-1,123,198,124,-1,124,198,199,-1,124,199,126,-1,200,22,137,-1,126,199,201,-1,126,201,128,-1,128,201,202,-1,128,202,130,-1,202,203,130,-1,130,203,204,-1,130,204,132,-1,132,204,205,-1,132,205,134,-1,134,205,206,-1,134,206,136,-1,136,206,207,-1,136,207,137,-1,137,207,208,-1,137,208,200,-1,5,22,209,-1,209,22,200,-1,3,5,210,-1,210,5,209,-1,211,4,212,-1,212,4,3,-1,212,3,210,-1,213,6,214,-1,214,6,4,-1,214,4,211,-1,6,213,215,-1,6,215,122,-1,122,215,216,-1,122,216,41,-1,216,217,41,-1,41,217,218,-1,41,218,42,-1,42,218,219,-1,42,219,44,-1,44,219,220,-1,44,220,46,-1,46,220,221,-1,46,221,48,-1,48,221,222,-1,48,222,50,-1,222,223,50,-1,50,223,224,-1,50,224,52,-1,52,224,225,-1,52,225,2,-1,226,68,70,-1,2,225,227,-1,2,227,17,-1,17,227,228,-1,17,228,63,-1,63,228,229,-1,63,229,72,-1,72,229,230,-1,72,230,70,-1,70,230,231,-1,70,231,226,-1,68,226,232,-1,68,232,66,-1,66,232,233,-1,66,233,115,-1,115,233,234,-1,115,234,113,-1,234,235,113,-1,113,235,236,-1,113,236,111,-1,111,236,237,-1,111,237,109,-1,109,237,238,-1,109,238,107,-1,107,238,239,-1,107,239,105,-1,105,239,240,-1,105,240,103,-1,103,240,241,-1,103,241,32,-1,32,241,242,-1,32,242,33,-1,33,242,243,-1,33,243,35,-1,35,243,244,-1,35,244,37,-1,37,244,245,-1,37,245,39,-1,39,245,246,-1,39,246,95,-1,95,246,247,-1,95,247,97,-1,248,24,249,-1,249,24,62,-1,249,62,250,-1,250,62,61,-1,250,61,251,-1,251,61,59,-1,251,59,252,-1,252,59,102,-1,252,102,253,-1,253,102,101,-1,253,101,254,-1,254,101,99,-1,254,99,255,-1,255,99,97,-1,255,97,247,-1,25,24,256,-1,256,24,248,-1,25,256,257,-1,25,257,27,-1,27,257,258,-1,27,258,29,-1,29,258,259,-1,29,259,75,-1,75,259,260,-1,75,260,76,-1,76,260,261,-1,76,261,78,-1,78,261,262,-1,78,262,80,-1,80,262,263,-1,80,263,7,-1,8,7,264,-1,264,7,263,-1,264,265,8,-1,8,265,266,-1,8,266,56,-1,56,266,267,-1,56,267,83,-1,83,267,268,-1,83,268,84,-1,84,268,269,-1,84,269,86,-1,86,269,270,-1,86,270,88,-1,88,270,271,-1,88,271,90,-1,92,90,272,-1,272,90,271,-1,92,272,273,-1,92,273,147,-1,147,273,274,-1,147,274,138,-1,138,274,275,-1,138,275,149,-1,149,275,276,-1,149,276,141,-1,141,276,277,-1,141,277,142,-1,142,277,278,-1,142,278,150,-1,150,278,279,-1,150,279,151,-1,151,279,280,-1,151,280,152,-1,152,280,281,-1,152,281,143,-1,143,281,282,-1,143,282,144,-1,144,282,283,-1,144,283,145,-1,145,283,284,-1,145,284,146,-1,146,284,285,-1,146,285,139,-1,139,285,286,-1,139,286,140,-1,140,286,287,-1,140,287,148,-1,148,287,288,-1,148,288,93,-1,93,288,289,-1,93,289,91,-1,89,91,290,-1,290,91,289,-1,89,290,291,-1,89,291,87,-1,87,291,292,-1,87,292,85,-1,85,292,293,-1,85,293,57,-1,153,81,82,-1,57,293,294,-1,57,294,55,-1,55,294,295,-1,55,295,9,-1,9,295,296,-1,9,296,82,-1,82,296,297,-1,82,297,153,-1,43,298,299,-1,43,299,121,-1,121,299,300,-1,121,300,10,-1,10,300,301,-1,10,301,11,-1,11,301,302,-1,11,302,12,-1,12,302,303,-1,12,303,20,-1,20,303,304,-1,20,304,21,-1,21,304,305,-1,21,305,23,-1,23,305,306,-1,23,306,135,-1,135,306,307,-1,135,307,133,-1,133,307,308,-1,133,308,131,-1,131,308,309,-1,131,309,129,-1,129,309,310,-1,129,310,127,-1,127,310,311,-1,127,311,125,-1,125,311,312,-1,125,312,16,-1,16,312,313,-1,16,313,14,-1,14,313,314,-1,14,314,13,-1,13,314,315,-1,13,315,118,-1,118,315,316,-1,118,316,119,-1,119,316,317,-1,119,317,120,-1,120,317,318,-1,120,318,54,-1,54,318,319,-1,54,319,53,-1,53,319,320,-1,53,320,51,-1,51,320,321,-1,51,321,49,-1,49,321,322,-1,49,322,47,-1,47,322,323,-1,47,323,45,-1,45,323,298,-1,45,298,43,-1,
        ]
    }
}
Shape{
    appearance Appearance {
        material  Material 	{
            diffuseColor 0.2235294117647059 0.2235294117647059 0.2235294117647059
            specularColor 0.11372549019607843 0.11372549019607843 0.11372549019607843
            ambientIntensity 0.2235
            transparency 0.0
            shininess 0.5
        }
    }
    geometry IndexedFaceSet {
        ccw TRUE
        solid FALSE
        coord DEF co Coordinate {
            point [
                0.0935 0.2904 0.2992, 0.0911 0.3124 0.2992, 0.0911 0.2902 0.2992, 0.0887 0.3121 0.2992, 0.08 0.3001 0.2992, 0.08 0.3025 0.2992, 0.0862 0.3112 0.2992, 0.1021 0.3026 0.2992, 0.1014 0.3053 0.2992, 0.1002 0.3076 0.2992, 0.0984 0.3096 0.2992, 0.0961 0.3112 0.2992, 0.0934 0.3121 0.2992, 0.0839 0.3097 0.2992, 0.082 0.3077 0.2992, 0.0807 0.3052 0.2992, 0.0807 0.2974 0.2992, 0.0819 0.2951 0.2992, 0.0837 0.293 0.2992, 0.096 0.2913 0.2992, 0.0982 0.2928 0.2992, 0.1021 0.3 0.2992, 0.1001 0.2948 0.2992, 0.1014 0.2973 0.2992, 0.0859 0.2914 0.2992, 0.0886 0.2905 0.2992
            ]
        }
        coordIndex [
            0,1,2,-1,2,1,3,-1,4,3,5,-1,5,3,6,-1,7,8,0,-1,0,8,9,-1,0,9,10,-1,10,11,0,-1,0,11,12,-1,0,12,1,-1,6,13,5,-1,5,13,14,-1,5,14,15,-1,4,16,3,-1,3,16,17,-1,3,17,18,-1,0,19,7,-1,7,19,20,-1,7,20,21,-1,21,20,22,-1,21,22,23,-1,18,24,3,-1,3,24,25,-1,3,25,2,-1,
        ]
    }
}