#VRML V2.0 utf8
# 3D model generated by easyeda2kicad.py (https://github.com/uPesy/easyeda2kicad.py)

Shape{
    appearance Appearance {
        material  Material 	{
            diffuseColor 0.25098039215686274 0.25098039215686274 0.25098039215686274
            specularColor 0.12549019607843137 0.12549019607843137 0.12549019607843137
            ambientIntensity 0.251
            transparency 0.0
            shininess 0.5
        }
    }
    geometry IndexedFaceSet {
        ccw TRUE
        solid FALSE
        coord DEF co Coordinate {
            point [
                -0.1948 -0.3587 0.1942, -0.1943 -0.3584 0.1968, -0.3781 -0.3584 0.1968, -0.0788 -0.352 0.2488, -0.0731 -0.3525 0.245, -0.0116 -0.3525 0.245, 0.0669 -0.3642 0.1494, 0.0654 -0.3642 0.1492, 0.0746 -0.3642 0.1492, 0.561 -0.3748 0.063, 0.5613 -0.3748 0.063, 0.5525 -0.366 0.1347, 0.1254 -0.3602 0.1821, 0.1262 -0.3637 0.1537, 0.1297 -0.3584 0.1968, 0.1297 -0.3642 0.1492, 0.1262 -0.3642 0.1496, 0.118 -0.3642 0.1492, 0.1111 -0.3621 0.1661, 0.1111 -0.3637 0.1537, 0.118 -0.3621 0.1661, 0.118 -0.3637 0.1537, 0.1243 -0.3621 0.1661, 0.1243 -0.3616 0.1703, 0.118 -0.3616 0.1703, 0.118 -0.3602 0.1821, 0.1111 -0.3616 0.1703, 0.1111 -0.3602 0.1821, 0.118 -0.3642 0.1496, 0.1063 -0.3642 0.1496, 0.1038 -0.3642 0.1492, 0.1063 -0.3597 0.1863, 0.1433 -0.3558 0.218, 0.1297 -0.3558 0.218, 0.1471 -0.357 0.2079, 0.1524 -0.357 0.2079, 0.5449 -0.3584 0.1968, 0.539 -0.3525 0.245, 0.1383 -0.3525 0.2447, 0.1297 -0.3525 0.245, 0.1331 -0.3525 0.2447, 0.1297 -0.3536 0.2358, 0.5507 -0.3642 0.1492, 0.1847 -0.3597 0.1863, 0.1935 -0.3642 0.1496, 0.1897 -0.3629 0.1596, 0.1743 -0.3629 0.1596, 0.1796 -0.3597 0.1863, 0.1633 -0.3621 0.1661, 0.1624 -0.3627 0.1618, 0.1654 -0.3642 0.1496, 0.1606 -0.3631 0.158, 0.1578 -0.3635 0.1547, 0.1634 -0.3619 0.1684, 0.1628 -0.3612 0.1735, 0.1438 -0.3597 0.1863, 0.1494 -0.3597 0.1857, 0.1578 -0.3603 0.1815, 0.1591 -0.3604 0.1802, 0.1614 -0.3608 0.177, 0.1539 -0.3639 0.152, 0.1497 -0.3641 0.1503, 0.1434 -0.3642 0.1496, 0.1539 -0.3599 0.1841, 0.1707 -0.3642 0.1496, 0.1988 -0.3642 0.1496, 0.1332 -0.3642 0.1496, 0.1332 -0.3597 0.1863, 0.1297 -0.3748 0.063, 0.187 -0.3748 0.063, 0.1297 -0.366 0.1347, 0.3248 -0.3748 0.063, 0.4429 -0.3748 0.063, -0.561 -0.3748 0.063, -0.4429 -0.3748 0.063, -0.3781 -0.366 0.1347, -0.5525 -0.366 0.1347, -0.5613 -0.3748 0.063, -0.3781 -0.3642 0.1492, -0.5507 -0.3642 0.1492, -0.5449 -0.3584 0.1968, -0.3781 -0.3525 0.245, -0.539 -0.3525 0.245, -0.3781 -0.3495 0.2695, -0.536 -0.3495 0.2695, 0.0577 -0.3525 0.245, 0.0476 -0.3525 0.245, 0.0485 -0.3525 0.245, 0.0524 -0.3526 0.2438, 0.0524 -0.3532 0.2389, 0.0577 -0.3584 0.1968, 0.0324 -0.3568 0.2099, 0.0294 -0.3565 0.2123, 0.0263 -0.3584 0.1968, 0.0359 -0.357 0.2082, 0.052 -0.3532 0.2391, 0.0333 -0.3561 0.2154, 0.0341 -0.3562 0.2147, 0.0298 -0.355 0.2239, 0.0483 -0.353 0.2405, 0.0305 -0.3555 0.2204, 0.0318 -0.3558 0.2175, 0.0365 -0.3564 0.213, 0.0391 -0.3565 0.212, 0.0429 -0.3566 0.2115, 0.0446 -0.3566 0.2116, 0.0488 -0.3565 0.2124, 0.0524 -0.3563 0.214, 0.0524 -0.3568 0.2094, 0.0518 -0.3569 0.2091, 0.0336 -0.3534 0.237, 0.0316 -0.3538 0.2342, 0.0361 -0.3532 0.239, 0.039 -0.353 0.2404, 0.0437 -0.3529 0.241, 0.0422 -0.3529 0.241, 0.0297 -0.3548 0.2259, 0.0303 -0.3542 0.231, 0.0478 -0.357 0.2078, 0.0422 -0.3571 0.2073, 0.0399 -0.3571 0.2074, 0.0437 -0.3524 0.2453, 0.0577 -0.3495 0.2695, 0.0436 -0.3524 0.2453, 0.0263 -0.3495 0.2695, 0.0411 -0.3525 0.245, 0.0263 -0.3525 0.245, 0.0273 -0.3535 0.2364, 0.03 -0.3531 0.2399, 0.0309 -0.353 0.2408, 0.0344 -0.3527 0.2432, 0.0383 -0.3525 0.2447, 0.0269 -0.356 0.2158, 0.0263 -0.3559 0.2173, 0.0241 -0.3584 0.1968, 0.0241 -0.3525 0.245, 0.0256 -0.354 0.2323, 0.0263 -0.3538 0.2341, 0.0254 -0.3556 0.2196, 0.0247 -0.3548 0.2256, 0.0247 -0.3546 0.2275, 0.0789 -0.3525 0.2447, 0.0833 -0.3525 0.245, 0.0746 -0.3525 0.245, 0.0646 -0.355 0.2245, 0.0646 -0.3565 0.2121, 0.0746 -0.355 0.2245, 0.0746 -0.3565 0.2121, 0.0779 -0.355 0.2245, 0.0798 -0.3565 0.2121, 0.0779 -0.3545 0.2287, 0.0789 -0.353 0.2405, 0.0746 -0.3545 0.2287, 0.0746 -0.353 0.2405, 0.0646 -0.3545 0.2287, 0.0646 -0.353 0.2405, 0.0833 -0.3584 0.1968, 0.0798 -0.357 0.2079, 0.0746 -0.3584 0.1968, 0.0746 -0.357 0.2079, 0.0598 -0.357 0.2079, 0.0598 -0.3525 0.2447, 0.0746 -0.3525 0.2447, 0.097 -0.357 0.2079, 0.0868 -0.357 0.2079, 0.0974 -0.3525 0.2447, 0.1038 -0.3525 0.245, 0.0868 -0.3525 0.2447, 0.116 -0.3555 0.2201, 0.1141 -0.356 0.2163, 0.118 -0.3584 0.1968, 0.1169 -0.355 0.2244, 0.118 -0.3525 0.245, 0.1163 -0.3541 0.2319, 0.117 -0.3547 0.2268, 0.1114 -0.3564 0.2131, 0.1075 -0.3567 0.2103, 0.1038 -0.3584 0.1968, 0.1038 -0.3569 0.2089, 0.1033 -0.3569 0.2087, 0.1114 -0.3531 0.2398, 0.1127 -0.3532 0.2386, 0.115 -0.3536 0.2354, 0.103 -0.3526 0.2441, 0.1038 -0.3526 0.2438, 0.1075 -0.3528 0.2425, 0.119 -0.357 0.2079, 0.1243 -0.357 0.2079, 0.1279 -0.3558 0.218, 0.0407 -0.3641 0.1499, 0.0389 -0.3642 0.1492, 0.0446 -0.3642 0.1496, 0.0408 -0.3614 0.1725, 0.0393 -0.3613 0.1727, 0.0368 -0.3623 0.1652, 0.0422 -0.364 0.1509, 0.0297 -0.3627 0.1619, 0.0311 -0.3625 0.1632, 0.0306 -0.3617 0.1695, 0.0329 -0.3624 0.1642, 0.0338 -0.3615 0.1715, 0.0367 -0.3614 0.1724, 0.0337 -0.3642 0.1492, 0.0336 -0.3642 0.1493, 0.0263 -0.3642 0.1492, 0.0318 -0.3641 0.1499, 0.0303 -0.364 0.151, 0.0298 -0.3639 0.1514, 0.0289 -0.3638 0.1528, 0.0283 -0.3636 0.1543, 0.028 -0.3633 0.1566, 0.0282 -0.3631 0.1587, 0.0446 -0.3637 0.1536, 0.0445 -0.3637 0.1536, 0.0437 -0.3638 0.1524, 0.0315 -0.3611 0.1745, 0.0306 -0.3612 0.174, 0.0288 -0.3628 0.1604, 0.0569 -0.3623 0.1646, 0.0563 -0.3622 0.1655, 0.0493 -0.3621 0.1665, 0.0558 -0.362 0.1669, 0.0488 -0.3616 0.1703, 0.0556 -0.3618 0.1687, 0.0446 -0.3621 0.1663, 0.0445 -0.3619 0.1683, 0.044 -0.3617 0.1699, 0.0434 -0.3616 0.1709, 0.035 -0.3609 0.1759, 0.0397 -0.3609 0.1764, 0.0429 -0.3609 0.1761, 0.0577 -0.3624 0.1638, 0.0556 -0.3635 0.1552, 0.0577 -0.3624 0.1638, 0.0576 -0.3636 0.154, 0.0577 -0.3636 0.154, 0.0448 -0.361 0.1754, 0.0462 -0.3611 0.1745, 0.0572 -0.3613 0.1731, 0.0427 -0.3615 0.1716, 0.0419 -0.3614 0.1721, 0.0558 -0.3616 0.1704, 0.0563 -0.3614 0.1719, 0.048 -0.3614 0.1723, 0.0471 -0.3612 0.1737, 0.0364 -0.3643 0.1489, 0.0263 -0.366 0.1347, 0.0388 -0.3642 0.1492, 0.0577 -0.366 0.1347, 0.0556 -0.3641 0.1505, 0.0493 -0.3642 0.1496, 0.0577 -0.3642 0.1497, 0.0577 -0.3642 0.1492, 0.0588 -0.3642 0.1493, 0.0597 -0.3642 0.1492, 0.0627 -0.3643 0.1489, 0.0722 -0.361 0.1753, 0.0722 -0.3616 0.1708, 0.0586 -0.3611 0.1743, 0.0597 -0.361 0.175, 0.0577 -0.3612 0.1736, 0.0732 -0.3635 0.1549, 0.0726 -0.3637 0.1534, 0.0718 -0.3639 0.1522, 0.0622 -0.3609 0.176, 0.0659 -0.3609 0.1764, 0.0691 -0.3609 0.1761, 0.0719 -0.3628 0.161, 0.0727 -0.3629 0.1598, 0.0732 -0.3631 0.1584, 0.0734 -0.3633 0.1567, 0.0704 -0.364 0.151, 0.0694 -0.3641 0.1504, 0.0654 -0.3613 0.1727, 0.0641 -0.3613 0.1726, 0.0604 -0.3618 0.1692, 0.0628 -0.3614 0.1723, 0.0618 -0.3615 0.1717, 0.0604 -0.3618 0.1685, 0.0606 -0.3619 0.1678, 0.0609 -0.362 0.1672, 0.0614 -0.3621 0.1667, 0.063 -0.3622 0.1657, 0.0687 -0.3614 0.1723, 0.0659 -0.3623 0.1645, 0.0713 -0.3615 0.1713, 0.0677 -0.3624 0.1637, 0.0708 -0.3626 0.162, 0.0611 -0.3615 0.1711, 0.0607 -0.3616 0.1705, 0.0604 -0.3617 0.1699, 0.0606 -0.3638 0.153, 0.0626 -0.3628 0.1611, 0.0598 -0.3626 0.1624, 0.0632 -0.3638 0.1527, 0.0634 -0.3638 0.1527, 0.0657 -0.3629 0.1598, 0.0658 -0.3638 0.153, 0.0687 -0.3634 0.1562, 0.0686 -0.3633 0.1568, 0.067 -0.3637 0.1534, 0.0674 -0.3637 0.1537, 0.0679 -0.3636 0.1541, 0.0683 -0.3635 0.1547, 0.0686 -0.3635 0.1554, 0.0684 -0.3632 0.1575, 0.0681 -0.3631 0.1582, 0.0675 -0.363 0.1588, 0.0964 -0.3609 0.1758, 0.1013 -0.3609 0.1758, 0.118 -0.3597 0.1863, 0.1254 -0.3597 0.1863, 0.088 -0.3634 0.1561, 0.0885 -0.3636 0.1539, 0.0887 -0.3636 0.1539, 0.0833 -0.3617 0.1694, 0.0892 -0.3634 0.156, 0.0889 -0.3635 0.1548, 0.0833 -0.3642 0.1492, 0.0833 -0.3633 0.1571, 0.0758 -0.3609 0.1758, 0.081 -0.3609 0.1758, 0.0862 -0.3642 0.1496, 0.0861 -0.3642 0.1492, 0.0842 -0.3648 0.1448, 0.0746 -0.366 0.1347, 0.0768 -0.3656 0.1376, 0.0768 -0.3651 0.1417, 0.0824 -0.3651 0.1422, 0.0833 -0.365 0.1431, 0.0833 -0.365 0.1432, 0.0778 -0.3652 0.1413, 0.0794 -0.3652 0.1411, 0.0833 -0.3656 0.138, 0.0817 -0.3657 0.1374, 0.0833 -0.366 0.1347, 0.0798 -0.3657 0.1372, 0.0788 -0.3657 0.1372, 0.0807 -0.3652 0.1413, 0.0817 -0.3651 0.1417, 0.0892 -0.3647 0.1456, 0.0871 -0.3652 0.1415, 0.1038 -0.366 0.1347, 0.0907 -0.3642 0.1492, 0.0854 -0.3654 0.1395, 0.0851 -0.3654 0.1392, 0.0835 -0.3656 0.1381, -0.0289 -0.3584 0.1968, -0.0116 -0.3584 0.1968, -0.0312 -0.3577 0.2026, -0.0365 -0.3568 0.21, -0.0437 -0.356 0.216, -0.0671 -0.3529 0.241, -0.0657 -0.3531 0.2397, -0.0574 -0.3544 0.2295, -0.0528 -0.3555 0.2203, -0.0515 -0.3555 0.2199, -0.1282 -0.352 0.2483, -0.116 -0.3515 0.253, -0.1029 -0.3513 0.2546, -0.0116 -0.3495 0.2695, -0.0921 -0.3514 0.2535, -0.1929 -0.3575 0.204, -0.1335 -0.3525 0.245, -0.1345 -0.3525 0.2444, -0.1885 -0.3563 0.2133, -0.1825 -0.3554 0.2208, -0.1805 -0.3552 0.2227, -0.1717 -0.3545 0.2287, -0.1619 -0.354 0.2323, -0.1522 -0.3539 0.2334, -0.1407 -0.3532 0.2391, -0.1492 -0.3539 0.2332, -0.1461 -0.3539 0.2329, -0.1763 -0.3634 0.156, -0.1838 -0.3626 0.1625, -0.1669 -0.364 0.1512, -0.1902 -0.3615 0.1717, -0.1938 -0.3603 0.1814, -0.1949 -0.3591 0.191, -0.1486 -0.366 0.1347, -0.151 -0.3659 0.1357, -0.1562 -0.3654 0.1395, -0.1627 -0.3641 0.1499, -0.1624 -0.3642 0.1492, -0.1601 -0.3648 0.1443, -0.0689 -0.3748 0.063, -0.0116 -0.3748 0.063, -0.0116 -0.366 0.1347, -0.1268 -0.366 0.1347, -0.1313 -0.3662 0.1329, -0.187 -0.3748 0.063, -0.1377 -0.3663 0.1322, -0.1387 -0.3663 0.1322, -0.3781 -0.3748 0.063, -0.3248 -0.3748 0.063, -0.145 -0.3662 0.1331, -0.0116 -0.3642 0.1492, -0.113 -0.3642 0.1492, -0.113 -0.3642 0.1492, -0.1161 -0.3649 0.1433, -0.1202 -0.3655 0.1388, -0.1255 -0.3659 0.1352, -0.0793 -0.3623 0.1647, -0.0775 -0.3622 0.1654, -0.0745 -0.3604 0.1803, -0.0365 -0.3627 0.1612, -0.0437 -0.3635 0.1552, -0.1179 -0.3609 0.1758, -0.0826 -0.3587 0.1942, -0.1225 -0.3604 0.18, -0.1281 -0.3601 0.183, -0.081 -0.3625 0.1636, -0.0313 -0.3619 0.1684, -0.0432 -0.3594 0.1881, -0.0445 -0.3588 0.1931, -0.0465 -0.3584 0.1968, -0.1776 -0.3584 0.1968, -0.028 -0.3586 0.1946, -0.0268 -0.3597 0.186, -0.028 -0.3608 0.1767, -0.0755 -0.3622 0.1656, -0.0753 -0.3622 0.1656, -0.0745 -0.3622 0.1655, -0.1761 -0.3603 0.1811, -0.1729 -0.361 0.1758, -0.1596 -0.3613 0.1731, -0.1682 -0.3615 0.171, -0.1625 -0.362 0.1675, -0.1498 -0.3602 0.1818, -0.1552 -0.3607 0.1781, -0.1783 -0.359 0.1915, -0.178 -0.3595 0.1875, -0.144 -0.3599 0.184, -0.1377 -0.3599 0.1847, -0.1345 -0.3599 0.1846, -0.0837 -0.3632 0.1575, -0.0836 -0.3631 0.1585, -0.1114 -0.3628 0.1609, -0.0831 -0.3628 0.1605, -0.0821 -0.3626 0.1623, -0.0484 -0.3614 0.172, -0.0455 -0.3609 0.176, -0.0437 -0.3604 0.1807, -0.0431 -0.3597 0.1858, -0.0775 -0.3642 0.1497, -0.0793 -0.3641 0.1503, -0.081 -0.3639 0.1516, -0.0816 -0.3639 0.1522, -0.0827 -0.3637 0.1538, -0.0834 -0.3634 0.1556, -0.1115 -0.3634 0.1556, -0.1114 -0.3631 0.1583, -0.0517 -0.364 0.1513, -0.0605 -0.3642 0.1494, -0.076 -0.3642 0.1494, -0.0739 -0.3622 0.1654, -0.0621 -0.3622 0.1654, -0.0574 -0.3621 0.1663, -0.0527 -0.3619 0.1684, -0.0488 -0.3615 0.1716, -0.0714 -0.3553 0.2218, -0.0773 -0.3544 0.2289, -0.138 -0.3563 0.2138, -0.0781 -0.3543 0.2296, -0.0855 -0.3537 0.2347, -0.0938 -0.3533 0.2378, -0.1399 -0.3562 0.2148, -0.1458 -0.3559 0.217, -0.0469 -0.3583 0.1976, -0.05 -0.3579 0.201, -0.0637 -0.3572 0.2062, -0.054 -0.3575 0.2038, -0.0586 -0.3573 0.2056, -0.0658 -0.3572 0.2062, -0.0673 -0.3563 0.2134, -0.1612 -0.356 0.216, -0.167 -0.3564 0.213, -0.1547 -0.3558 0.2176, -0.1716 -0.3569 0.2089, -0.1753 -0.3575 0.2037, -0.1519 -0.3558 0.2177, -0.1775 -0.3582 0.1979, -0.1122 -0.3534 0.2377, -0.1209 -0.3538 0.2342, -0.1027 -0.3532 0.2389, -0.1281 -0.3544 0.229, -0.134 -0.3553 0.222, 0.118 -0.366 0.1347, 0.118 -0.3748 0.063, 0.1038 -0.3748 0.063, 0.0833 -0.3748 0.063, 0.0746 -0.3748 0.063, 0.0689 -0.3748 0.063, 0.0577 -0.3748 0.063, 0.536 -0.3495 0.2695, 0.1297 -0.3495 0.2695, 0.118 -0.3495 0.2695, 0.1038 -0.3495 0.2695, 0.0833 -0.3495 0.2695, 0.0746 -0.3495 0.2695, 0.0263 -0.3748 0.063, 0.0241 -0.3748 0.063, 0.0241 -0.366 0.1347, 0.0241 -0.3642 0.1492, 0.0235 -0.3637 0.1537, 0.0235 -0.3642 0.1496, 0.0036 -0.3642 0.1496, 0.0227 -0.3602 0.1821, 0.0036 -0.3597 0.1863, 0.0227 -0.3597 0.1863, 0.0084 -0.3621 0.1661, 0.0084 -0.3637 0.1537, 0.0216 -0.3621 0.1661, 0.0216 -0.3616 0.1703, 0.0084 -0.3616 0.1703, 0.0084 -0.3602 0.1821, 0.0084 -0.3525 0.2447, 0.0084 -0.3565 0.2121, 0.0232 -0.3565 0.2121, 0.0036 -0.357 0.2079, 0.0036 -0.3525 0.2447, 0.0232 -0.357 0.2079, 0.0241 -0.3495 0.2695, 0.5341 -0.3476 0.2843, 0.1297 -0.3476 0.2843, 0.118 -0.3476 0.2843, 0.1038 -0.3476 0.2843, 0.0833 -0.3476 0.2843, 0.0746 -0.3476 0.2843, 0.0577 -0.3476 0.2843, 0.0263 -0.3476 0.2843, 0.0241 -0.3476 0.2843, -0.0116 -0.3476 0.2843, -0.3781 -0.3476 0.2843, -0.5341 -0.3476 0.2843
            ]
        }
        coordIndex [
            0,1,2,-1,3,4,5,-1,6,7,8,-1,9,10,11,-1,12,13,14,-1,14,13,15,-1,15,13,16,-1,15,16,17,-1,18,19,20,-1,20,19,21,-1,20,21,22,-1,22,21,13,-1,22,13,23,-1,23,13,12,-1,23,12,24,-1,24,12,25,-1,24,25,26,-1,26,25,27,-1,16,28,17,-1,17,28,29,-1,17,29,30,-1,30,29,31,-1,32,33,34,-1,34,33,14,-1,34,14,35,-1,36,37,38,-1,38,37,39,-1,38,39,40,-1,40,39,41,-1,42,36,43,-1,44,45,46,-1,38,35,36,-1,36,35,14,-1,36,14,43,-1,43,14,47,-1,48,49,50,-1,50,49,51,-1,50,51,52,-1,48,50,53,-1,53,50,47,-1,53,47,54,-1,55,56,14,-1,57,58,47,-1,47,58,59,-1,47,59,54,-1,52,60,50,-1,50,60,61,-1,50,61,62,-1,14,56,47,-1,47,56,63,-1,47,63,57,-1,46,64,44,-1,44,64,42,-1,44,42,65,-1,65,42,43,-1,64,50,42,-1,42,50,62,-1,42,62,15,-1,15,62,66,-1,15,66,14,-1,14,66,67,-1,14,67,55,-1,68,69,70,-1,70,69,71,-1,70,71,11,-1,11,71,72,-1,11,72,9,-1,73,74,75,-1,76,77,73,-1,73,75,76,-1,76,75,78,-1,76,78,79,-1,79,78,2,-1,79,2,80,-1,80,81,82,-1,82,81,83,-1,82,83,84,-1,85,86,87,-1,87,88,85,-1,85,88,89,-1,85,89,90,-1,91,92,93,-1,91,93,94,-1,95,96,97,-1,98,95,99,-1,98,100,95,-1,95,100,101,-1,95,101,96,-1,97,102,95,-1,95,102,103,-1,95,103,104,-1,104,105,95,-1,95,105,106,-1,95,106,89,-1,89,106,107,-1,89,107,90,-1,90,107,108,-1,90,108,109,-1,110,111,112,-1,112,111,113,-1,99,114,98,-1,98,114,115,-1,98,115,116,-1,116,115,113,-1,116,113,117,-1,117,113,111,-1,109,118,90,-1,90,118,119,-1,90,119,93,-1,93,119,120,-1,93,120,94,-1,121,122,123,-1,123,122,124,-1,123,124,125,-1,126,127,128,-1,128,129,126,-1,126,129,130,-1,126,130,131,-1,92,132,93,-1,93,132,133,-1,93,133,134,-1,135,136,126,-1,126,136,137,-1,126,137,127,-1,133,138,134,-1,134,138,139,-1,134,139,135,-1,135,139,140,-1,135,140,136,-1,141,142,143,-1,144,145,146,-1,146,145,147,-1,146,147,148,-1,148,147,149,-1,148,149,150,-1,150,149,151,-1,150,151,152,-1,152,151,153,-1,152,153,154,-1,154,153,155,-1,141,151,142,-1,142,151,149,-1,142,149,156,-1,156,149,157,-1,156,157,158,-1,158,157,159,-1,158,159,90,-1,90,159,160,-1,90,160,85,-1,85,160,161,-1,85,161,143,-1,143,161,162,-1,143,162,141,-1,163,164,156,-1,165,166,142,-1,156,164,142,-1,142,164,167,-1,142,167,165,-1,168,169,170,-1,168,170,171,-1,172,173,174,-1,169,175,170,-1,170,175,176,-1,170,176,177,-1,177,176,178,-1,177,178,179,-1,180,181,172,-1,172,181,182,-1,172,182,173,-1,165,183,166,-1,166,183,184,-1,166,184,172,-1,172,184,185,-1,172,185,180,-1,186,170,187,-1,187,170,14,-1,187,14,188,-1,188,14,33,-1,41,39,186,-1,186,39,172,-1,186,172,170,-1,170,172,174,-1,170,174,171,-1,189,190,191,-1,192,193,194,-1,189,191,195,-1,196,197,198,-1,198,197,199,-1,198,199,200,-1,200,199,194,-1,200,194,201,-1,201,194,193,-1,202,203,204,-1,204,203,205,-1,204,205,206,-1,206,207,204,-1,204,207,208,-1,204,208,209,-1,210,211,93,-1,212,213,191,-1,191,213,214,-1,191,214,195,-1,215,93,216,-1,216,93,211,-1,216,211,198,-1,198,211,217,-1,198,217,196,-1,218,219,220,-1,220,219,221,-1,220,221,222,-1,222,221,223,-1,224,225,194,-1,194,225,226,-1,194,226,227,-1,215,228,93,-1,93,228,229,-1,93,229,230,-1,231,232,233,-1,233,232,234,-1,233,234,235,-1,236,237,238,-1,227,239,194,-1,194,239,240,-1,194,240,192,-1,223,241,222,-1,222,241,242,-1,222,242,243,-1,243,242,238,-1,243,238,244,-1,244,238,237,-1,245,246,247,-1,247,246,248,-1,247,248,190,-1,231,218,232,-1,232,218,220,-1,232,220,249,-1,249,220,250,-1,249,250,251,-1,251,250,252,-1,251,252,253,-1,253,252,254,-1,255,254,248,-1,248,254,252,-1,248,252,190,-1,190,252,250,-1,190,250,191,-1,256,257,8,-1,258,259,90,-1,230,236,93,-1,93,236,238,-1,93,238,90,-1,90,238,260,-1,90,260,258,-1,261,262,8,-1,8,262,263,-1,259,264,90,-1,90,264,265,-1,90,265,158,-1,158,265,266,-1,158,266,256,-1,267,268,257,-1,257,268,269,-1,257,269,8,-1,8,269,270,-1,8,270,261,-1,263,271,8,-1,8,271,272,-1,8,272,6,-1,273,274,275,-1,275,274,276,-1,275,276,277,-1,275,278,273,-1,273,278,279,-1,273,279,280,-1,280,281,273,-1,273,281,282,-1,273,282,283,-1,283,282,284,-1,283,284,285,-1,285,284,286,-1,285,286,257,-1,257,286,287,-1,257,287,267,-1,288,289,277,-1,277,289,290,-1,277,290,275,-1,291,292,235,-1,235,292,293,-1,235,293,233,-1,291,294,292,-1,292,294,295,-1,292,295,296,-1,296,295,297,-1,296,298,299,-1,297,300,296,-1,296,300,301,-1,296,301,302,-1,302,303,296,-1,296,303,304,-1,296,304,298,-1,299,305,296,-1,296,305,306,-1,296,306,307,-1,308,309,177,-1,309,30,177,-1,177,30,31,-1,177,31,170,-1,170,31,310,-1,170,310,14,-1,14,310,311,-1,14,311,12,-1,312,313,314,-1,179,163,177,-1,177,163,156,-1,177,156,308,-1,308,156,315,-1,308,315,316,-1,316,315,312,-1,316,312,317,-1,317,312,314,-1,318,319,8,-1,8,319,320,-1,256,8,158,-1,158,8,320,-1,158,320,156,-1,156,320,321,-1,156,321,315,-1,322,319,323,-1,323,319,318,-1,323,318,324,-1,325,326,327,-1,328,329,318,-1,318,329,330,-1,318,330,324,-1,255,248,7,-1,7,248,325,-1,7,325,8,-1,8,325,327,-1,8,327,318,-1,318,327,331,-1,318,331,332,-1,333,334,335,-1,335,334,336,-1,335,336,325,-1,325,336,337,-1,325,337,326,-1,332,338,318,-1,318,338,339,-1,318,339,328,-1,340,341,342,-1,340,342,343,-1,341,344,342,-1,342,344,345,-1,342,345,335,-1,335,345,346,-1,335,346,333,-1,347,348,349,-1,349,348,5,-1,349,5,350,-1,350,5,351,-1,4,352,5,-1,5,352,353,-1,5,353,354,-1,354,355,5,-1,5,355,356,-1,5,356,351,-1,357,358,83,-1,83,358,359,-1,83,359,360,-1,360,359,361,-1,80,2,81,-1,81,2,1,-1,81,1,362,-1,357,83,363,-1,363,83,81,-1,363,81,364,-1,362,365,81,-1,81,365,366,-1,81,366,367,-1,367,368,81,-1,81,368,369,-1,81,369,364,-1,364,369,370,-1,364,370,371,-1,371,370,372,-1,371,372,373,-1,374,375,78,-1,374,78,376,-1,375,377,78,-1,78,377,378,-1,78,378,2,-1,2,378,379,-1,2,379,0,-1,75,380,78,-1,78,380,381,-1,78,381,382,-1,383,376,384,-1,384,376,78,-1,384,78,385,-1,385,78,382,-1,386,387,388,-1,388,389,386,-1,386,389,390,-1,386,390,391,-1,391,390,392,-1,391,392,393,-1,74,394,75,-1,75,394,395,-1,75,395,380,-1,380,395,391,-1,380,391,396,-1,396,391,393,-1,397,398,388,-1,388,398,399,-1,388,399,400,-1,400,401,388,-1,388,401,402,-1,388,402,389,-1,403,404,405,-1,406,407,397,-1,408,409,410,-1,410,409,411,-1,403,405,412,-1,406,397,413,-1,414,415,409,-1,409,415,416,-1,409,416,417,-1,347,418,348,-1,348,418,419,-1,348,419,397,-1,397,419,420,-1,397,420,413,-1,404,421,405,-1,405,421,422,-1,405,422,423,-1,424,425,426,-1,426,425,427,-1,426,427,428,-1,429,417,430,-1,430,417,431,-1,430,431,426,-1,426,431,432,-1,426,432,424,-1,429,433,417,-1,417,433,434,-1,417,434,409,-1,409,434,435,-1,409,435,411,-1,436,437,438,-1,438,437,439,-1,438,439,405,-1,405,439,440,-1,405,440,412,-1,441,442,405,-1,405,442,443,-1,405,443,409,-1,409,443,444,-1,409,444,414,-1,445,446,398,-1,398,446,447,-1,398,447,448,-1,448,449,398,-1,398,449,450,-1,398,450,451,-1,451,450,436,-1,451,436,452,-1,452,436,438,-1,407,453,397,-1,397,453,454,-1,397,454,398,-1,398,454,455,-1,398,455,445,-1,423,456,405,-1,405,456,457,-1,405,457,458,-1,458,459,405,-1,405,459,460,-1,405,460,441,-1,461,462,463,-1,462,464,463,-1,463,464,465,-1,463,465,466,-1,416,463,417,-1,417,463,467,-1,417,467,468,-1,469,470,471,-1,471,470,472,-1,471,472,473,-1,469,471,416,-1,416,471,474,-1,416,474,463,-1,463,474,475,-1,463,475,461,-1,476,477,478,-1,478,477,479,-1,478,479,480,-1,468,481,417,-1,417,481,478,-1,417,478,482,-1,482,478,480,-1,483,484,485,-1,485,484,486,-1,485,486,466,-1,466,486,487,-1,466,487,463,-1,11,42,70,-1,70,42,15,-1,70,15,488,-1,488,15,17,-1,488,17,342,-1,342,17,30,-1,342,30,343,-1,343,30,309,-1,68,70,489,-1,489,70,488,-1,489,488,490,-1,490,488,342,-1,490,342,491,-1,491,342,335,-1,491,335,492,-1,492,335,325,-1,492,325,493,-1,493,325,248,-1,493,248,494,-1,37,495,39,-1,39,495,496,-1,39,496,172,-1,172,496,497,-1,172,497,166,-1,166,497,498,-1,166,498,142,-1,142,498,499,-1,142,499,143,-1,143,499,500,-1,143,500,85,-1,85,500,122,-1,85,122,86,-1,86,122,121,-1,494,248,501,-1,501,248,246,-1,501,246,502,-1,502,246,503,-1,502,503,387,-1,245,202,246,-1,246,202,204,-1,246,204,503,-1,503,204,504,-1,505,506,504,-1,504,506,507,-1,209,210,204,-1,204,210,93,-1,204,93,504,-1,504,93,134,-1,504,134,505,-1,505,134,508,-1,387,503,388,-1,388,503,504,-1,388,504,397,-1,397,504,507,-1,397,507,348,-1,348,507,509,-1,348,509,134,-1,134,509,510,-1,134,510,508,-1,511,512,513,-1,513,512,505,-1,513,505,514,-1,514,505,508,-1,514,508,515,-1,515,508,516,-1,517,518,519,-1,520,521,5,-1,5,521,517,-1,5,517,135,-1,135,517,519,-1,135,519,134,-1,134,519,522,-1,134,522,348,-1,348,522,520,-1,348,520,5,-1,131,125,126,-1,126,125,124,-1,126,124,135,-1,135,124,523,-1,135,523,5,-1,5,523,360,-1,5,360,3,-1,3,360,361,-1,495,524,496,-1,496,524,525,-1,496,525,497,-1,497,525,526,-1,497,526,498,-1,498,526,527,-1,498,527,499,-1,499,527,528,-1,499,528,500,-1,500,528,529,-1,500,529,122,-1,122,529,530,-1,122,530,124,-1,124,530,531,-1,124,531,523,-1,523,531,532,-1,523,532,360,-1,360,532,533,-1,360,533,83,-1,83,533,534,-1,83,534,84,-1,84,534,535,-1,
        ]
    }
}
Shape{
    appearance Appearance {
        material  Material 	{
            diffuseColor 0.7529411764705882 0.7529411764705882 0.7529411764705882
            specularColor 0.3764705882352941 0.3764705882352941 0.3764705882352941
            ambientIntensity 0.7529
            transparency 0.0
            shininess 0.5
        }
    }
    geometry IndexedFaceSet {
        ccw TRUE
        solid FALSE
        coord DEF co Coordinate {
            point [
                0.4921 0.0091 0.0, 0.4921 0.0091 0.0039, 0.0689 0.0091 0.0, 0.0689 0.0091 0.0039, 0.0689 0.8752 0.0, 0.187 0.8752 0.0, 0.187 0.7177 0.0, 0.4921 0.1862 0.0, 0.3248 0.8752 0.0, 0.4429 0.8752 0.0, 0.3248 0.7177 0.0, 0.4429 0.7177 0.0, 0.6496 0.265 0.0, 0.6496 0.1862 0.0, 0.4921 0.265 0.0, 0.4921 0.7177 0.0
            ]
        }
        coordIndex [
            0,1,2,-1,2,1,3,-1,4,5,6,-1,4,6,2,-1,2,6,7,-1,2,7,0,-1,8,9,10,-1,10,9,11,-1,12,13,14,-1,14,13,7,-1,6,10,7,-1,7,10,11,-1,7,11,14,-1,14,11,15,-1,
        ]
    }
}
Shape{
    appearance Appearance {
        material  Material 	{
            diffuseColor 0.25098039215686274 0.25098039215686274 0.25098039215686274
            specularColor 0.12549019607843137 0.12549019607843137 0.12549019607843137
            ambientIntensity 0.251
            transparency 0.0
            shininess 0.5
        }
    }
    geometry IndexedFaceSet {
        ccw TRUE
        solid FALSE
        coord DEF co Coordinate {
            point [
                0.6004 0.7866 0.063, 0.6004 0.265 0.063, 0.6004 0.7866 0.0039, 0.6004 0.265 0.0039, -0.6004 0.7866 0.0039, -0.6004 0.265 0.0039, -0.6004 0.7866 0.063, -0.6004 0.265 0.063, 0.561 0.826 0.0039, 0.4429 0.826 0.0039, 0.561 0.826 0.063, 0.4429 0.826 0.063, 0.187 0.826 0.0039, 0.187 0.826 0.063, 0.3248 0.826 0.0039, 0.3248 0.826 0.063, -0.0689 0.826 0.0039, -0.0689 0.826 0.063, 0.0689 0.826 0.0039, 0.0689 0.826 0.063, -0.3248 0.826 0.0039, -0.3248 0.826 0.063, -0.187 0.826 0.0039, -0.187 0.826 0.063, 0.4921 0.265 0.0039, 0.4921 0.7177 0.0039, 0.5991 0.7968 0.0039, 0.5951 0.8063 0.0039, 0.4429 0.7177 0.0039, 0.5712 0.8246 0.0039, 0.5807 0.8207 0.0039, 0.5889 0.8145 0.0039, 0.3248 0.7177 0.0039, 0.187 0.7177 0.0039, -0.187 0.7177 0.0039, -0.3248 0.7177 0.0039, -0.4921 0.7177 0.0039, -0.5889 0.8145 0.0039, -0.5807 0.8207 0.0039, -0.4921 0.265 0.0039, -0.4429 0.826 0.0039, -0.4429 0.7177 0.0039, -0.561 0.826 0.0039, -0.5712 0.8246 0.0039, -0.5991 0.7968 0.0039, -0.5951 0.8063 0.0039, 0.187 -0.3748 0.063, 0.187 -0.3748 0.0039, 0.3248 -0.3748 0.063, 0.3248 -0.3748 0.0039, -0.0689 -0.3748 0.063, -0.0689 -0.3748 0.0039, 0.0689 -0.3748 0.063, 0.0689 -0.3748 0.0039, -0.3248 -0.3748 0.063, -0.3248 -0.3748 0.0039, -0.187 -0.3748 0.063, -0.187 -0.3748 0.0039, 0.561 -0.3748 0.063, 0.4429 -0.3748 0.063, 0.561 -0.3748 0.0039, 0.4429 -0.3748 0.0039, 0.6004 -0.3354 0.0039, 0.6004 0.1862 0.0039, 0.6004 -0.3354 0.063, 0.6004 0.1862 0.063, -0.561 -0.3748 0.0039, -0.4429 -0.3748 0.0039, -0.561 -0.3748 0.063, -0.4429 -0.3748 0.063, -0.6004 -0.3354 0.063, -0.6004 0.1862 0.063, -0.6004 -0.3354 0.0039, -0.6004 0.1862 0.0039, -0.561 0.826 0.063, -0.4429 0.826 0.063, -0.187 -0.2665 0.0039, 0.4921 0.1862 0.0039, 0.4921 0.0091 0.0039, 0.187 -0.2665 0.0039, -0.3248 -0.2665 0.0039, -0.4429 -0.2665 0.0039, -0.4921 0.0091 0.0039, 0.0689 0.0091 0.0039, 0.4429 -0.2665 0.0039, -0.0689 0.0091 0.0039, 0.0689 -0.2665 0.0039, 0.3248 -0.2665 0.0039, -0.5991 -0.3456 0.0039, 0.5991 -0.3456 0.0039, 0.5951 -0.3551 0.0039, 0.5889 -0.3633 0.0039, 0.5807 -0.3695 0.0039, 0.5712 -0.3735 0.0039, -0.5807 -0.3695 0.0039, -0.5889 -0.3633 0.0039, -0.5951 -0.3551 0.0039, -0.4921 0.1862 0.0039, -0.5712 -0.3735 0.0039, -0.0689 -0.2665 0.0039, 0.6004 0.7869 0.063, 0.5732 0.7597 0.2843, 0.6004 -0.3357 0.063, 0.5732 -0.3086 0.2843, 0.5613 0.826 0.063, 0.5341 0.7988 0.2843, -0.5341 0.7988 0.2843, -0.5613 0.826 0.063, -0.6004 -0.3357 0.063, -0.5732 -0.3086 0.2843, -0.6004 0.7869 0.063, -0.5732 0.7597 0.2843, -0.4891 -0.2821 0.3189, -0.4974 -0.2787 0.3189, -0.5341 -0.3086 0.3189, -0.4458 -0.2489 0.3189, -0.4469 -0.2578 0.3189, 0.5341 -0.3086 0.3189, -0.4504 -0.2661 0.3189, -0.4558 -0.2732 0.3189, -0.5045 -0.2246 0.3189, -0.4974 -0.2191 0.3189, -0.5341 0.7597 0.3189, -0.4891 -0.2157 0.3189, -0.5045 -0.2732 0.3189, -0.5099 -0.2661 0.3189, -0.5134 -0.2578 0.3189, -0.463 -0.2191 0.3189, 0.5341 0.7597 0.3189, -0.4713 -0.2157 0.3189, -0.4802 -0.2145 0.3189, -0.4558 -0.2246 0.3189, -0.4504 -0.2317 0.3189, -0.4469 -0.24 0.3189, -0.463 -0.2787 0.3189, -0.4713 -0.2821 0.3189, -0.4802 -0.2833 0.3189, -0.5146 -0.2489 0.3189, -0.5134 -0.24 0.3189, -0.5099 -0.2317 0.3189
            ]
        }
        coordIndex [
            0,1,2,-1,2,1,3,-1,4,5,6,-1,6,5,7,-1,8,9,10,-1,10,9,11,-1,12,13,14,-1,14,13,15,-1,16,17,18,-1,18,17,19,-1,20,21,22,-1,22,21,23,-1,3,24,2,-1,2,24,25,-1,2,25,26,-1,26,25,27,-1,28,9,25,-1,25,9,8,-1,25,8,29,-1,29,30,25,-1,25,30,31,-1,25,31,27,-1,32,33,14,-1,14,33,12,-1,34,35,22,-1,22,35,20,-1,36,37,38,-1,39,5,36,-1,36,5,4,-1,40,41,42,-1,42,41,36,-1,42,36,43,-1,43,36,38,-1,4,44,36,-1,36,44,45,-1,36,45,37,-1,46,47,48,-1,48,47,49,-1,50,51,52,-1,52,51,53,-1,54,55,56,-1,56,55,57,-1,58,59,60,-1,60,59,61,-1,62,63,64,-1,64,63,65,-1,66,67,68,-1,68,67,69,-1,70,71,72,-1,72,71,73,-1,74,75,42,-1,42,75,40,-1,76,57,55,-1,77,63,78,-1,78,63,62,-1,49,47,79,-1,80,81,82,-1,83,78,84,-1,84,78,60,-1,84,60,61,-1,16,18,85,-1,85,18,83,-1,86,82,79,-1,79,82,85,-1,79,85,49,-1,49,85,83,-1,49,83,87,-1,87,83,84,-1,88,72,66,-1,66,72,73,-1,66,73,67,-1,62,89,78,-1,78,89,90,-1,78,90,91,-1,91,92,78,-1,78,92,93,-1,78,93,60,-1,94,95,96,-1,97,82,73,-1,73,82,81,-1,73,81,67,-1,88,66,96,-1,96,66,98,-1,96,98,94,-1,53,51,86,-1,86,51,99,-1,86,99,82,-1,82,99,76,-1,82,76,80,-1,80,76,55,-1,0,100,101,-1,102,64,103,-1,103,64,65,-1,103,65,101,-1,101,65,1,-1,101,1,0,-1,104,10,105,-1,105,10,11,-1,105,11,15,-1,15,13,105,-1,105,13,19,-1,105,19,106,-1,19,17,106,-1,106,17,23,-1,106,23,21,-1,21,75,106,-1,106,75,74,-1,106,74,107,-1,70,108,109,-1,110,6,111,-1,111,6,7,-1,111,7,109,-1,109,7,71,-1,109,71,70,-1,112,113,114,-1,115,116,117,-1,117,116,118,-1,117,118,119,-1,120,121,122,-1,122,121,123,-1,113,124,114,-1,114,124,125,-1,114,125,126,-1,127,128,129,-1,129,128,122,-1,129,122,130,-1,130,122,123,-1,127,131,128,-1,128,131,132,-1,128,132,117,-1,117,132,133,-1,117,133,115,-1,119,134,117,-1,117,134,135,-1,117,135,114,-1,114,135,136,-1,114,136,112,-1,126,137,114,-1,114,137,138,-1,114,138,122,-1,122,138,139,-1,122,139,120,-1,
        ]
    }
}
Shape{
    appearance Appearance {
        material  Material 	{
            diffuseColor 1.0 1.0 1.0
            specularColor 0.5019607843137255 0.5019607843137255 0.5019607843137255
            ambientIntensity 1.0
            transparency 0.0
            shininess 0.5
        }
    }
    geometry IndexedFaceSet {
        ccw TRUE
        solid FALSE
        coord DEF co Coordinate {
            point [
                -0.4458 -0.2489 0.3185, -0.4458 -0.2489 0.3189, -0.4469 -0.24 0.3185, -0.4469 -0.24 0.3189, -0.4504 -0.2317 0.3185, -0.4504 -0.2317 0.3189, -0.4558 -0.2246 0.3185, -0.4558 -0.2246 0.3189, -0.463 -0.2191 0.3185, -0.463 -0.2191 0.3189, -0.4713 -0.2157 0.3185, -0.4713 -0.2157 0.3189, -0.4802 -0.2145 0.3185, -0.4802 -0.2145 0.3189, -0.4891 -0.2157 0.3185, -0.4891 -0.2157 0.3189, -0.4974 -0.2191 0.3185, -0.4974 -0.2191 0.3189, -0.5045 -0.2246 0.3185, -0.5045 -0.2246 0.3189, -0.5099 -0.2317 0.3185, -0.5099 -0.2317 0.3189, -0.5134 -0.24 0.3185, -0.5134 -0.24 0.3189, -0.5146 -0.2489 0.3185, -0.5146 -0.2489 0.3189, -0.5134 -0.2578 0.3185, -0.5134 -0.2578 0.3189, -0.5099 -0.2661 0.3185, -0.5099 -0.2661 0.3189, -0.5045 -0.2732 0.3185, -0.5045 -0.2732 0.3189, -0.4974 -0.2787 0.3185, -0.4974 -0.2787 0.3189, -0.4891 -0.2821 0.3185, -0.4891 -0.2821 0.3189, -0.4802 -0.2833 0.3185, -0.4802 -0.2833 0.3189, -0.4713 -0.2821 0.3185, -0.4713 -0.2821 0.3189, -0.463 -0.2787 0.3185, -0.463 -0.2787 0.3189, -0.4558 -0.2732 0.3185, -0.4558 -0.2732 0.3189, -0.4504 -0.2661 0.3185, -0.4504 -0.2661 0.3189, -0.4469 -0.2578 0.3185, -0.4469 -0.2578 0.3189, -0.4802 -0.2489 0.3185
            ]
        }
        coordIndex [
            0,1,2,-1,2,1,3,-1,2,3,4,-1,4,3,5,-1,4,5,6,-1,6,5,7,-1,6,7,8,-1,8,7,9,-1,8,9,10,-1,10,9,11,-1,10,11,12,-1,12,11,13,-1,12,13,14,-1,14,13,15,-1,14,15,16,-1,16,15,17,-1,16,17,18,-1,18,17,19,-1,18,19,20,-1,20,19,21,-1,20,21,22,-1,22,21,23,-1,22,23,24,-1,24,23,25,-1,24,25,26,-1,26,25,27,-1,26,27,28,-1,28,27,29,-1,28,29,30,-1,30,29,31,-1,30,31,32,-1,32,31,33,-1,32,33,34,-1,34,33,35,-1,34,35,36,-1,36,35,37,-1,36,37,38,-1,38,37,39,-1,38,39,40,-1,40,39,41,-1,40,41,42,-1,42,41,43,-1,42,43,44,-1,44,43,45,-1,44,45,46,-1,46,45,47,-1,46,47,0,-1,0,47,1,-1,44,46,48,-1,48,46,0,-1,48,0,2,-1,38,40,48,-1,48,40,42,-1,48,42,44,-1,32,34,48,-1,48,34,36,-1,48,36,38,-1,26,28,48,-1,48,28,30,-1,48,30,32,-1,20,22,48,-1,48,22,24,-1,48,24,26,-1,14,16,48,-1,48,16,18,-1,48,18,20,-1,8,10,48,-1,48,10,12,-1,48,12,14,-1,2,4,48,-1,48,4,6,-1,48,6,8,-1,
        ]
    }
}
Shape{
    appearance Appearance {
        material  Material 	{
            diffuseColor 0.7529411764705882 0.7529411764705882 0.7529411764705882
            specularColor 0.3764705882352941 0.3764705882352941 0.3764705882352941
            ambientIntensity 0.7529
            transparency 0.0
            shininess 0.5
        }
    }
    geometry IndexedFaceSet {
        ccw TRUE
        solid FALSE
        coord DEF co Coordinate {
            point [
                -0.3248 -0.2665 0.0, -0.4429 -0.2665 0.0, -0.3248 -0.2665 0.0039, -0.4429 -0.2665 0.0039, -0.4429 -0.3748 0.063, -0.4429 -0.424 0.063, -0.3248 -0.3748 0.063, -0.3248 -0.424 0.063, -0.3248 -0.3748 0.0039, -0.3248 -0.424 0.0, -0.4429 -0.3748 0.0039, -0.4429 -0.424 0.0, -0.0689 -0.2665 0.0, -0.187 -0.2665 0.0, -0.0689 -0.2665 0.0039, -0.187 -0.2665 0.0039, -0.187 -0.424 0.063, -0.0689 -0.424 0.063, -0.187 -0.3748 0.063, -0.0689 -0.3748 0.063, -0.187 -0.3748 0.0039, -0.187 -0.424 0.0, -0.0689 -0.424 0.0, -0.0689 -0.3748 0.0039, 0.187 -0.2665 0.0, 0.0689 -0.2665 0.0, 0.187 -0.2665 0.0039, 0.0689 -0.2665 0.0039, 0.0689 -0.424 0.063, 0.187 -0.424 0.063, 0.0689 -0.3748 0.063, 0.187 -0.3748 0.063, 0.0689 -0.3748 0.0039, 0.0689 -0.424 0.0, 0.187 -0.424 0.0, 0.187 -0.3748 0.0039, 0.4429 -0.2665 0.0, 0.3248 -0.2665 0.0, 0.4429 -0.2665 0.0039, 0.3248 -0.2665 0.0039, 0.3248 -0.424 0.063, 0.4429 -0.424 0.063, 0.3248 -0.3748 0.063, 0.4429 -0.3748 0.063, 0.3248 -0.3748 0.0039, 0.3248 -0.424 0.0, 0.4429 -0.424 0.0, 0.4429 -0.3748 0.0039, 0.4921 0.265 0.0, 0.4921 0.7177 0.0, 0.4921 0.265 0.0039, 0.4921 0.7177 0.0039, 0.4429 0.7177 0.0, 0.4429 0.7177 0.0039, 0.3248 0.7177 0.0, 0.187 0.7177 0.0, 0.3248 0.7177 0.0039, 0.187 0.7177 0.0039, -0.187 0.7177 0.0, -0.3248 0.7177 0.0, -0.187 0.7177 0.0039, -0.3248 0.7177 0.0039, -0.4429 0.7177 0.0, -0.4921 0.7177 0.0, -0.4429 0.7177 0.0039, -0.4921 0.7177 0.0039, -0.4921 0.265 0.0, -0.4921 0.265 0.0039, -0.4921 0.1862 0.0, -0.4921 0.0091 0.0, -0.4921 0.1862 0.0039, -0.4921 0.0091 0.0039, -0.0689 0.0091 0.0039, -0.0689 0.0091 0.0, 0.4921 0.0091 0.0, 0.4921 0.1862 0.0, 0.4921 0.0091 0.0039, 0.4921 0.1862 0.0039, 0.6004 0.1862 0.063, 0.6496 0.1862 0.063, 0.6004 0.265 0.063, 0.6496 0.265 0.063, -0.3248 0.826 0.063, -0.3248 0.8752 0.063, -0.4429 0.826 0.063, -0.4429 0.8752 0.063, -0.0689 0.826 0.063, -0.0689 0.8752 0.063, -0.187 0.826 0.063, -0.187 0.8752 0.063, 0.187 0.826 0.063, 0.187 0.8752 0.063, 0.0689 0.826 0.063, 0.0689 0.8752 0.063, 0.4429 0.826 0.063, 0.4429 0.8752 0.063, 0.3248 0.826 0.063, 0.3248 0.8752 0.063, -0.6004 0.265 0.063, -0.6496 0.265 0.063, -0.6004 0.1862 0.063, -0.6496 0.1862 0.063, 0.6004 0.265 0.0039, 0.6496 0.265 0.0, 0.4429 0.826 0.0039, 0.4429 0.8752 0.0, 0.3248 0.8752 0.0, 0.3248 0.826 0.0039, 0.187 0.826 0.0039, 0.187 0.8752 0.0, 0.0689 0.8752 0.0, 0.0689 0.0091 0.0, 0.0689 0.0091 0.0039, 0.0689 0.826 0.0039, -0.0689 0.826 0.0039, -0.0689 0.8752 0.0, -0.187 0.8752 0.0, -0.187 0.826 0.0039, -0.3248 0.826 0.0039, -0.3248 0.8752 0.0, -0.4429 0.8752 0.0, -0.4429 0.826 0.0039, -0.6004 0.265 0.0039, -0.6496 0.265 0.0, -0.6496 0.1862 0.0, -0.6004 0.1862 0.0039, 0.6004 0.1862 0.0039, 0.6496 0.1862 0.0
            ]
        }
        coordIndex [
            0,1,2,-1,2,1,3,-1,4,5,6,-1,6,5,7,-1,0,2,8,-1,6,7,8,-1,8,7,9,-1,8,9,0,-1,3,1,10,-1,10,1,11,-1,10,11,4,-1,4,11,5,-1,9,7,11,-1,11,7,5,-1,11,1,9,-1,9,1,0,-1,12,13,14,-1,14,13,15,-1,16,17,18,-1,18,17,19,-1,15,13,20,-1,20,13,21,-1,20,21,18,-1,18,21,16,-1,22,17,21,-1,21,17,16,-1,12,14,23,-1,19,17,23,-1,23,17,22,-1,23,22,12,-1,22,21,12,-1,12,21,13,-1,24,25,26,-1,26,25,27,-1,28,29,30,-1,30,29,31,-1,27,25,32,-1,32,25,33,-1,32,33,30,-1,30,33,28,-1,34,29,33,-1,33,29,28,-1,24,26,35,-1,31,29,35,-1,35,29,34,-1,35,34,24,-1,34,33,24,-1,24,33,25,-1,36,37,38,-1,38,37,39,-1,40,41,42,-1,42,41,43,-1,39,37,44,-1,44,37,45,-1,44,45,42,-1,42,45,40,-1,46,41,45,-1,45,41,40,-1,36,38,47,-1,43,41,47,-1,47,41,46,-1,47,46,36,-1,46,45,36,-1,36,45,37,-1,48,49,50,-1,50,49,51,-1,49,52,51,-1,51,52,53,-1,54,55,56,-1,56,55,57,-1,58,59,60,-1,60,59,61,-1,62,63,64,-1,64,63,65,-1,63,66,65,-1,65,66,67,-1,68,69,70,-1,70,69,71,-1,71,69,72,-1,72,69,73,-1,74,75,76,-1,76,75,77,-1,78,79,80,-1,80,79,81,-1,82,83,84,-1,84,83,85,-1,86,87,88,-1,88,87,89,-1,90,91,92,-1,92,91,93,-1,94,95,96,-1,96,95,97,-1,98,99,100,-1,100,99,101,-1,48,50,102,-1,80,81,102,-1,102,81,103,-1,102,103,48,-1,53,52,104,-1,104,52,105,-1,104,105,94,-1,94,105,95,-1,106,97,105,-1,105,97,95,-1,54,56,107,-1,96,97,107,-1,107,97,106,-1,107,106,54,-1,57,55,108,-1,108,55,109,-1,108,109,90,-1,90,109,91,-1,110,93,109,-1,109,93,91,-1,111,112,113,-1,92,93,113,-1,113,93,110,-1,113,110,111,-1,72,73,114,-1,114,73,115,-1,114,115,86,-1,86,115,87,-1,116,89,115,-1,115,89,87,-1,58,60,117,-1,88,89,117,-1,117,89,116,-1,117,116,58,-1,61,59,118,-1,118,59,119,-1,118,119,82,-1,82,119,83,-1,120,85,119,-1,119,85,83,-1,62,64,121,-1,84,85,121,-1,121,85,120,-1,121,120,62,-1,67,66,122,-1,122,66,123,-1,122,123,98,-1,98,123,99,-1,124,101,123,-1,123,101,99,-1,68,70,125,-1,100,101,125,-1,125,101,124,-1,125,124,68,-1,77,75,126,-1,126,75,127,-1,126,127,78,-1,78,127,79,-1,103,81,127,-1,127,81,79,-1,58,116,115,-1,66,63,62,-1,124,123,68,-1,68,123,66,-1,73,69,115,-1,115,69,68,-1,115,68,58,-1,58,68,66,-1,58,66,59,-1,59,66,62,-1,59,62,119,-1,119,62,120,-1,
        ]
    }
}
Shape{
    appearance Appearance {
        material  Material 	{
            diffuseColor 0.25098039215686274 0.25098039215686274 0.25098039215686274
            specularColor 0.12549019607843137 0.12549019607843137 0.12549019607843137
            ambientIntensity 0.251
            transparency 0.0
            shininess 0.5
        }
    }
    geometry IndexedFaceSet {
        ccw TRUE
        solid FALSE
        coord DEF co Coordinate {
            point [
                -0.6004 -0.3357 0.063, -0.6004 -0.3354 0.063, -0.6004 -0.3354 0.0039, -0.599 -0.3456 0.0635, -0.5991 -0.3456 0.0039, -0.599 -0.3458 0.0635, -0.5951 -0.3551 0.0039, -0.5951 -0.3551 0.0639, -0.5951 -0.3552 0.0639, -0.5889 -0.3633 0.0039, -0.5889 -0.3633 0.064, -0.5808 -0.3695 0.0639, -0.5807 -0.3695 0.0039, -0.5807 -0.3695 0.0639, -0.5714 -0.3734 0.0635, -0.5712 -0.3735 0.0039, -0.5712 -0.3734 0.0635, -0.561 -0.3748 0.0039, -0.561 -0.3748 0.063, -0.5613 -0.3748 0.063, -0.5613 0.826 0.063, -0.561 0.826 0.063, -0.561 0.826 0.0039, -0.5712 0.8246 0.0635, -0.5712 0.8246 0.0039, -0.5714 0.8246 0.0635, -0.5807 0.8207 0.0039, -0.5807 0.8207 0.0639, -0.5808 0.8207 0.0639, -0.5889 0.8145 0.0039, -0.5889 0.8145 0.064, -0.5951 0.8064 0.0639, -0.5951 0.8063 0.0039, -0.5951 0.8063 0.0639, -0.599 0.797 0.0635, -0.5991 0.7968 0.0039, -0.599 0.7968 0.0635, -0.6004 0.7866 0.0039, -0.6004 0.7866 0.063, -0.6004 0.7869 0.063, -0.5442 -0.3462 0.2854, -0.5341 -0.3476 0.2843, -0.5442 -0.3461 0.2854, -0.5535 -0.3422 0.286, -0.5536 -0.3422 0.286, -0.5616 -0.336 0.2863, -0.5678 -0.328 0.286, -0.5678 -0.3279 0.286, -0.5717 -0.3186 0.2854, -0.5718 -0.3186 0.2854, -0.5732 -0.3086 0.2843, -0.5732 0.7597 0.2843, -0.571 0.7597 0.2933, -0.571 -0.3086 0.2933, -0.5709 0.7597 0.2935, -0.5709 -0.3086 0.2935, -0.5667 0.7597 0.3017, -0.5667 -0.3086 0.3017, -0.5665 0.7597 0.3019, -0.5665 -0.3086 0.3019, -0.5604 0.7597 0.3089, -0.5604 -0.3086 0.3089, -0.5602 0.7597 0.309, -0.5602 -0.3086 0.309, -0.5525 0.7597 0.3143, -0.5525 -0.3086 0.3143, -0.5524 0.7597 0.3144, -0.5524 -0.3086 0.3144, -0.5436 0.7597 0.3177, -0.5436 -0.3086 0.3177, -0.5436 0.7597 0.3177, -0.5436 -0.3086 0.3177, -0.5341 -0.3086 0.3189, -0.5341 0.7597 0.3189, -0.5718 0.7698 0.2854, -0.5717 0.7698 0.2854, -0.5678 0.7791 0.286, -0.5678 0.7791 0.286, -0.5616 0.7872 0.2863, -0.5536 0.7934 0.286, -0.5535 0.7934 0.286, -0.5442 0.7973 0.2854, -0.5442 0.7974 0.2854, -0.5341 0.7988 0.2843, 0.5613 -0.3748 0.063, 0.561 -0.3748 0.063, 0.561 -0.3748 0.0039, 0.5712 -0.3734 0.0635, 0.5712 -0.3735 0.0039, 0.5714 -0.3734 0.0635, 0.5807 -0.3695 0.0039, 0.5807 -0.3695 0.0639, 0.5808 -0.3695 0.0639, 0.5889 -0.3633 0.0039, 0.5889 -0.3633 0.064, 0.5951 -0.3552 0.0639, 0.5951 -0.3551 0.0039, 0.5951 -0.3551 0.0639, 0.599 -0.3458 0.0635, 0.5991 -0.3456 0.0039, 0.599 -0.3456 0.0635, 0.6004 -0.3354 0.0039, 0.6004 -0.3354 0.063, 0.6004 -0.3357 0.063, -0.5341 -0.3409 0.3019, -0.5341 -0.3348 0.3089, -0.5409 -0.3339 0.3089, -0.5389 -0.3263 0.3143, -0.5366 -0.3177 0.3177, -0.5389 -0.3168 0.3177, -0.5423 -0.3133 0.3177, -0.5408 -0.3152 0.3177, -0.5433 -0.311 0.3177, -0.5341 -0.318 0.3177, -0.5437 -0.3442 0.2933, -0.5526 -0.3405 0.2933, -0.5602 -0.3346 0.2933, -0.5661 -0.327 0.2933, -0.5698 -0.3181 0.2933, -0.5341 -0.3346 0.309, -0.5341 -0.3269 0.3143, -0.5341 -0.3268 0.3144, -0.5341 -0.318 0.3177, -0.5433 -0.3245 0.3143, -0.5471 -0.3215 0.3143, -0.5501 -0.3177 0.3143, -0.5519 -0.3133 0.3143, -0.5472 -0.3313 0.3089, -0.5527 -0.3271 0.3089, -0.5568 -0.3217 0.3089, -0.5595 -0.3153 0.3089, -0.5341 -0.3453 0.2935, -0.5341 -0.3411 0.3017, -0.5426 -0.34 0.3017, -0.5504 -0.3367 0.3017, -0.5571 -0.3315 0.3017, -0.5623 -0.3248 0.3017, -0.5655 -0.317 0.3017, -0.5341 -0.3454 0.2933, -0.5595 0.7665 0.3089, -0.5519 0.7645 0.3143, -0.5433 0.7622 0.3177, -0.5423 0.7645 0.3177, -0.5389 0.7679 0.3177, -0.5408 0.7664 0.3177, -0.5366 0.7689 0.3177, -0.5698 0.7693 0.2933, -0.5661 0.7782 0.2933, -0.5602 0.7858 0.2933, -0.5526 0.7917 0.2933, -0.5437 0.7954 0.2933, -0.5341 0.7966 0.2933, -0.5341 0.7691 0.3177, -0.5501 0.7689 0.3143, -0.5471 0.7727 0.3143, -0.5433 0.7756 0.3143, -0.5389 0.7775 0.3143, -0.5341 0.7692 0.3177, -0.5341 0.778 0.3144, -0.5341 0.7781 0.3143, -0.5341 0.7858 0.309, -0.5568 0.7728 0.3089, -0.5527 0.7783 0.3089, -0.5472 0.7824 0.3089, -0.5409 0.7851 0.3089, -0.5655 0.7681 0.3017, -0.5623 0.776 0.3017, -0.5571 0.7827 0.3017, -0.5504 0.7879 0.3017, -0.5426 0.7911 0.3017, -0.5341 0.7859 0.3089, -0.5341 0.7921 0.3019, -0.5341 0.7922 0.3017, -0.5341 0.7965 0.2935, 0.6004 0.7869 0.063, 0.6004 0.7866 0.063, 0.6004 0.7866 0.0039, 0.599 0.7968 0.0635, 0.5991 0.7968 0.0039, 0.599 0.797 0.0635, 0.5951 0.8063 0.0039, 0.5951 0.8063 0.0639, 0.5951 0.8064 0.0639, 0.5889 0.8145 0.0039, 0.5889 0.8145 0.064, 0.5808 0.8207 0.0639, 0.5807 0.8207 0.0039, 0.5807 0.8207 0.0639, 0.5714 0.8246 0.0635, 0.5712 0.8246 0.0039, 0.5712 0.8246 0.0635, 0.561 0.826 0.0039, 0.561 0.826 0.063, 0.5613 0.826 0.063, 0.5718 -0.3186 0.2854, 0.5732 -0.3086 0.2843, 0.5717 -0.3186 0.2854, 0.5678 -0.3279 0.286, 0.5678 -0.328 0.286, 0.5616 -0.336 0.2863, 0.5536 -0.3422 0.286, 0.5535 -0.3422 0.286, 0.5442 -0.3461 0.2854, 0.5442 -0.3462 0.2854, 0.5341 -0.3476 0.2843, 0.5341 -0.3454 0.2933, 0.5341 -0.3453 0.2935, 0.5341 -0.3411 0.3017, 0.5341 -0.3409 0.3019, 0.5341 -0.3348 0.3089, 0.5341 -0.3346 0.309, 0.5341 -0.3269 0.3143, 0.5341 -0.3268 0.3144, 0.5341 -0.318 0.3177, 0.5341 -0.318 0.3177, 0.5341 -0.3086 0.3189, 0.5341 0.7988 0.2843, 0.5341 0.7966 0.2933, 0.5341 0.7965 0.2935, 0.5341 0.7922 0.3017, 0.5341 0.7921 0.3019, 0.5341 0.7859 0.3089, 0.5341 0.7858 0.309, 0.5341 0.7781 0.3143, 0.5341 0.778 0.3144, 0.5341 0.7692 0.3177, 0.5341 0.7691 0.3177, 0.5341 0.7597 0.3189, 0.5442 0.7974 0.2854, 0.5442 0.7973 0.2854, 0.5535 0.7934 0.286, 0.5536 0.7934 0.286, 0.5616 0.7872 0.2863, 0.5678 0.7791 0.286, 0.5678 0.7791 0.286, 0.5717 0.7698 0.2854, 0.5718 0.7698 0.2854, 0.5732 0.7597 0.2843, 0.5665 -0.3086 0.3019, 0.5604 -0.3086 0.3089, 0.5595 -0.3153 0.3089, 0.5519 -0.3133 0.3143, 0.5433 -0.311 0.3177, 0.5423 -0.3133 0.3177, 0.5389 -0.3168 0.3177, 0.5408 -0.3152 0.3177, 0.5366 -0.3177 0.3177, 0.5436 -0.3086 0.3177, 0.5698 -0.3181 0.2933, 0.5661 -0.327 0.2933, 0.5602 -0.3346 0.2933, 0.5526 -0.3405 0.2933, 0.5437 -0.3442 0.2933, 0.5602 -0.3086 0.309, 0.5525 -0.3086 0.3143, 0.5524 -0.3086 0.3144, 0.5436 -0.3086 0.3177, 0.5501 -0.3177 0.3143, 0.5471 -0.3215 0.3143, 0.5433 -0.3245 0.3143, 0.5389 -0.3263 0.3143, 0.5568 -0.3217 0.3089, 0.5527 -0.3271 0.3089, 0.5472 -0.3313 0.3089, 0.5409 -0.3339 0.3089, 0.5709 -0.3086 0.2935, 0.5667 -0.3086 0.3017, 0.5655 -0.317 0.3017, 0.5623 -0.3248 0.3017, 0.5571 -0.3315 0.3017, 0.5504 -0.3367 0.3017, 0.5426 -0.34 0.3017, 0.571 -0.3086 0.2933, 0.5409 0.7851 0.3089, 0.5389 0.7775 0.3143, 0.5366 0.7689 0.3177, 0.5389 0.7679 0.3177, 0.5423 0.7645 0.3177, 0.5408 0.7664 0.3177, 0.5433 0.7622 0.3177, 0.5437 0.7954 0.2933, 0.5526 0.7917 0.2933, 0.5602 0.7858 0.2933, 0.5661 0.7782 0.2933, 0.5698 0.7693 0.2933, 0.571 0.7597 0.2933, 0.5436 0.7597 0.3177, 0.5433 0.7756 0.3143, 0.5471 0.7727 0.3143, 0.5501 0.7689 0.3143, 0.5519 0.7645 0.3143, 0.5436 0.7597 0.3177, 0.5524 0.7597 0.3144, 0.5525 0.7597 0.3143, 0.5602 0.7597 0.309, 0.5472 0.7824 0.3089, 0.5527 0.7783 0.3089, 0.5568 0.7728 0.3089, 0.5595 0.7665 0.3089, 0.5426 0.7911 0.3017, 0.5504 0.7879 0.3017, 0.5571 0.7827 0.3017, 0.5623 0.776 0.3017, 0.5655 0.7681 0.3017, 0.5604 0.7597 0.3089, 0.5665 0.7597 0.3019, 0.5667 0.7597 0.3017, 0.5709 0.7597 0.2935
            ]
        }
        coordIndex [
            0,1,2,-1,0,2,3,-1,3,2,4,-1,3,4,5,-1,5,4,6,-1,5,6,7,-1,7,6,8,-1,8,6,9,-1,8,9,10,-1,10,9,11,-1,11,9,12,-1,11,12,13,-1,13,12,14,-1,14,12,15,-1,14,15,16,-1,17,18,15,-1,15,18,19,-1,15,19,16,-1,20,21,22,-1,20,22,23,-1,23,22,24,-1,23,24,25,-1,25,24,26,-1,25,26,27,-1,27,26,28,-1,28,26,29,-1,28,29,30,-1,30,29,31,-1,31,29,32,-1,31,32,33,-1,33,32,34,-1,34,32,35,-1,34,35,36,-1,37,38,35,-1,35,38,39,-1,35,39,36,-1,11,13,40,-1,40,13,14,-1,40,14,41,-1,41,14,16,-1,41,16,19,-1,40,42,11,-1,11,42,43,-1,11,43,10,-1,10,43,44,-1,44,45,10,-1,10,45,46,-1,10,46,8,-1,8,46,47,-1,8,47,7,-1,7,47,48,-1,7,48,5,-1,5,48,49,-1,5,49,3,-1,3,49,50,-1,3,50,0,-1,51,50,52,-1,52,50,53,-1,52,53,54,-1,54,53,55,-1,54,55,56,-1,56,55,57,-1,56,57,58,-1,58,57,59,-1,58,59,60,-1,60,59,61,-1,60,61,62,-1,62,61,63,-1,62,63,64,-1,64,63,65,-1,64,65,66,-1,66,65,67,-1,66,67,68,-1,68,67,69,-1,68,69,70,-1,69,71,70,-1,70,71,72,-1,70,72,73,-1,31,33,74,-1,74,33,34,-1,74,34,51,-1,51,34,36,-1,51,36,39,-1,74,75,31,-1,31,75,76,-1,31,76,30,-1,30,76,77,-1,77,78,30,-1,30,78,79,-1,30,79,28,-1,28,79,80,-1,28,80,27,-1,27,80,81,-1,27,81,25,-1,25,81,82,-1,25,82,23,-1,23,82,83,-1,23,83,20,-1,84,85,86,-1,84,86,87,-1,87,86,88,-1,87,88,89,-1,89,88,90,-1,89,90,91,-1,91,90,92,-1,92,90,93,-1,92,93,94,-1,94,93,95,-1,95,93,96,-1,95,96,97,-1,97,96,98,-1,98,96,99,-1,98,99,100,-1,101,102,99,-1,99,102,103,-1,99,103,100,-1,104,105,106,-1,107,108,109,-1,72,110,111,-1,112,110,72,-1,109,108,72,-1,113,72,108,-1,114,42,40,-1,42,114,43,-1,43,114,115,-1,43,115,44,-1,44,115,116,-1,44,116,45,-1,45,116,117,-1,45,117,46,-1,46,117,47,-1,47,117,118,-1,47,118,48,-1,48,118,49,-1,49,118,53,-1,49,53,50,-1,71,112,72,-1,119,120,107,-1,107,120,121,-1,107,121,108,-1,108,121,122,-1,108,122,113,-1,123,111,124,-1,124,111,110,-1,124,110,125,-1,125,110,112,-1,125,112,126,-1,71,69,112,-1,112,69,67,-1,112,67,126,-1,126,67,65,-1,126,65,63,-1,106,123,127,-1,127,123,124,-1,127,124,128,-1,128,124,125,-1,128,125,129,-1,129,125,126,-1,129,126,130,-1,130,126,63,-1,131,132,133,-1,133,132,104,-1,104,106,133,-1,133,106,127,-1,133,127,134,-1,134,127,128,-1,134,128,135,-1,135,128,129,-1,135,129,136,-1,136,129,130,-1,136,130,137,-1,105,119,106,-1,106,119,107,-1,106,107,123,-1,123,107,109,-1,123,109,111,-1,111,109,72,-1,131,114,138,-1,138,114,40,-1,138,40,41,-1,63,61,130,-1,130,61,59,-1,130,59,137,-1,137,59,57,-1,137,57,55,-1,131,133,114,-1,114,133,134,-1,114,134,115,-1,115,134,135,-1,115,135,116,-1,116,135,136,-1,116,136,117,-1,117,136,137,-1,117,137,118,-1,118,137,55,-1,118,55,53,-1,58,60,139,-1,140,141,142,-1,73,143,144,-1,145,143,73,-1,142,141,73,-1,70,73,141,-1,146,75,74,-1,75,146,76,-1,76,146,147,-1,76,147,77,-1,77,147,148,-1,77,148,78,-1,78,148,149,-1,78,149,79,-1,79,149,80,-1,80,149,150,-1,80,150,81,-1,81,150,82,-1,82,150,151,-1,82,151,83,-1,152,145,73,-1,62,64,140,-1,140,64,66,-1,140,66,141,-1,141,66,68,-1,141,68,70,-1,153,144,154,-1,154,144,143,-1,154,143,155,-1,155,143,145,-1,155,145,156,-1,152,157,145,-1,145,157,158,-1,145,158,156,-1,156,158,159,-1,156,159,160,-1,139,153,161,-1,161,153,154,-1,161,154,162,-1,162,154,155,-1,162,155,163,-1,163,155,156,-1,163,156,164,-1,164,156,160,-1,54,56,165,-1,165,56,58,-1,58,139,165,-1,165,139,161,-1,165,161,166,-1,166,161,162,-1,166,162,167,-1,167,162,163,-1,167,163,168,-1,168,163,164,-1,168,164,169,-1,60,62,139,-1,139,62,140,-1,139,140,153,-1,153,140,142,-1,153,142,144,-1,144,142,73,-1,54,146,52,-1,52,146,74,-1,52,74,51,-1,160,170,164,-1,164,170,171,-1,164,171,169,-1,169,171,172,-1,169,172,173,-1,54,165,146,-1,146,165,166,-1,146,166,147,-1,147,166,167,-1,147,167,148,-1,148,167,168,-1,148,168,149,-1,149,168,169,-1,149,169,150,-1,150,169,173,-1,150,173,151,-1,174,175,176,-1,174,176,177,-1,177,176,178,-1,177,178,179,-1,179,178,180,-1,179,180,181,-1,181,180,182,-1,182,180,183,-1,182,183,184,-1,184,183,185,-1,185,183,186,-1,185,186,187,-1,187,186,188,-1,188,186,189,-1,188,189,190,-1,191,192,189,-1,189,192,193,-1,189,193,190,-1,95,97,194,-1,194,97,98,-1,194,98,195,-1,195,98,100,-1,195,100,103,-1,194,196,95,-1,95,196,197,-1,95,197,94,-1,94,197,198,-1,198,199,94,-1,94,199,200,-1,94,200,92,-1,92,200,201,-1,92,201,91,-1,91,201,202,-1,91,202,89,-1,89,202,203,-1,89,203,87,-1,87,203,204,-1,87,204,84,-1,41,204,138,-1,138,204,205,-1,138,205,131,-1,131,205,206,-1,131,206,132,-1,132,206,207,-1,132,207,104,-1,104,207,208,-1,104,208,105,-1,105,208,209,-1,105,209,119,-1,119,209,210,-1,119,210,120,-1,120,210,211,-1,120,211,121,-1,121,211,212,-1,121,212,122,-1,122,212,213,-1,122,213,113,-1,213,214,113,-1,113,214,215,-1,113,215,72,-1,216,83,217,-1,217,83,151,-1,217,151,218,-1,218,151,173,-1,218,173,219,-1,219,173,172,-1,219,172,220,-1,220,172,171,-1,220,171,221,-1,221,171,170,-1,221,170,222,-1,222,170,160,-1,222,160,223,-1,223,160,159,-1,223,159,224,-1,224,159,158,-1,224,158,225,-1,225,158,157,-1,225,157,226,-1,157,152,226,-1,226,152,73,-1,226,73,227,-1,185,187,228,-1,228,187,188,-1,228,188,216,-1,216,188,190,-1,216,190,193,-1,228,229,185,-1,185,229,230,-1,185,230,184,-1,184,230,231,-1,231,232,184,-1,184,232,233,-1,184,233,182,-1,182,233,234,-1,182,234,181,-1,181,234,235,-1,181,235,179,-1,179,235,236,-1,179,236,177,-1,177,236,237,-1,177,237,174,-1,238,239,240,-1,241,242,243,-1,215,244,245,-1,246,244,215,-1,243,242,215,-1,247,215,242,-1,248,196,194,-1,196,248,197,-1,197,248,249,-1,197,249,198,-1,198,249,250,-1,198,250,199,-1,199,250,251,-1,199,251,200,-1,200,251,201,-1,201,251,252,-1,201,252,202,-1,202,252,203,-1,203,252,205,-1,203,205,204,-1,214,246,215,-1,253,254,241,-1,241,254,255,-1,241,255,242,-1,242,255,256,-1,242,256,247,-1,257,245,258,-1,258,245,244,-1,258,244,259,-1,259,244,246,-1,259,246,260,-1,214,213,246,-1,246,213,212,-1,246,212,260,-1,260,212,211,-1,260,211,210,-1,240,257,261,-1,261,257,258,-1,261,258,262,-1,262,258,259,-1,262,259,263,-1,263,259,260,-1,263,260,264,-1,264,260,210,-1,265,266,267,-1,267,266,238,-1,238,240,267,-1,267,240,261,-1,267,261,268,-1,268,261,262,-1,268,262,269,-1,269,262,263,-1,269,263,270,-1,270,263,264,-1,270,264,271,-1,239,253,240,-1,240,253,241,-1,240,241,257,-1,257,241,243,-1,257,243,245,-1,245,243,215,-1,265,248,272,-1,272,248,194,-1,272,194,195,-1,210,209,264,-1,264,209,208,-1,264,208,271,-1,271,208,207,-1,271,207,206,-1,265,267,248,-1,248,267,268,-1,248,268,249,-1,249,268,269,-1,249,269,250,-1,250,269,270,-1,250,270,251,-1,251,270,271,-1,251,271,252,-1,252,271,206,-1,252,206,205,-1,220,221,273,-1,274,275,276,-1,227,277,278,-1,279,277,227,-1,276,275,227,-1,226,227,275,-1,280,229,228,-1,229,280,230,-1,230,280,281,-1,230,281,231,-1,231,281,282,-1,231,282,232,-1,232,282,283,-1,232,283,233,-1,233,283,234,-1,234,283,284,-1,234,284,235,-1,235,284,236,-1,236,284,285,-1,236,285,237,-1,286,279,227,-1,222,223,274,-1,274,223,224,-1,274,224,275,-1,275,224,225,-1,275,225,226,-1,287,278,288,-1,288,278,277,-1,288,277,289,-1,289,277,279,-1,289,279,290,-1,286,291,279,-1,279,291,292,-1,279,292,290,-1,290,292,293,-1,290,293,294,-1,273,287,295,-1,295,287,288,-1,295,288,296,-1,296,288,289,-1,296,289,297,-1,297,289,290,-1,297,290,298,-1,298,290,294,-1,218,219,299,-1,299,219,220,-1,220,273,299,-1,299,273,295,-1,299,295,300,-1,300,295,296,-1,300,296,301,-1,301,296,297,-1,301,297,302,-1,302,297,298,-1,302,298,303,-1,221,222,273,-1,273,222,274,-1,273,274,287,-1,287,274,276,-1,287,276,278,-1,278,276,227,-1,218,280,217,-1,217,280,228,-1,217,228,216,-1,294,304,298,-1,298,304,305,-1,298,305,303,-1,303,305,306,-1,303,306,307,-1,218,299,280,-1,280,299,300,-1,280,300,281,-1,281,300,301,-1,281,301,282,-1,282,301,302,-1,282,302,283,-1,283,302,303,-1,283,303,284,-1,284,303,307,-1,284,307,285,-1,195,237,272,-1,272,237,285,-1,272,285,265,-1,265,285,307,-1,265,307,266,-1,266,307,306,-1,266,306,238,-1,238,306,305,-1,238,305,239,-1,239,305,304,-1,239,304,253,-1,253,304,294,-1,253,294,254,-1,254,294,293,-1,254,293,255,-1,255,293,292,-1,255,292,256,-1,256,292,291,-1,256,291,247,-1,291,286,247,-1,247,286,227,-1,247,227,215,-1,
        ]
    }
}
Shape{
    appearance Appearance {
        material  Material 	{
            diffuseColor 1.0 1.0 1.0
            specularColor 0.5019607843137255 0.5019607843137255 0.5019607843137255
            ambientIntensity 1.0
            transparency 0.0
            shininess 0.5
        }
    }
    geometry IndexedFaceSet {
        ccw TRUE
        solid FALSE
        coord DEF co Coordinate {
            point [
                0.0232 -0.3604 0.2126, 0.0232 -0.3609 0.2084, 0.0232 -0.3565 0.2121, 0.0232 -0.357 0.2079, 0.0084 -0.3604 0.2126, 0.0084 -0.3565 0.2121, 0.0084 -0.3564 0.2452, 0.0084 -0.3525 0.2447, 0.0036 -0.3564 0.2452, 0.0036 -0.3525 0.2447, 0.0036 -0.3609 0.2084, 0.0036 -0.357 0.2079, 0.0422 -0.361 0.2078, 0.0422 -0.3571 0.2073, 0.0478 -0.357 0.2078, 0.0478 -0.3609 0.2083, 0.0518 -0.3569 0.2091, 0.0518 -0.3608 0.2096, 0.0524 -0.3568 0.2094, 0.0524 -0.3607 0.2099, 0.0524 -0.3602 0.2145, 0.0524 -0.3563 0.214, 0.0488 -0.3565 0.2124, 0.0488 -0.3604 0.2129, 0.0446 -0.3566 0.2116, 0.0446 -0.3605 0.2121, 0.0429 -0.3566 0.2115, 0.0429 -0.3605 0.212, 0.0391 -0.3565 0.212, 0.0391 -0.3604 0.2125, 0.0365 -0.3564 0.213, 0.0365 -0.3603 0.2135, 0.0341 -0.3562 0.2147, 0.0341 -0.3601 0.2152, 0.0333 -0.3561 0.2154, 0.0333 -0.36 0.2159, 0.0318 -0.3558 0.2175, 0.0318 -0.3597 0.218, 0.0305 -0.3555 0.2204, 0.0305 -0.3594 0.2209, 0.0298 -0.355 0.2239, 0.0298 -0.359 0.2244, 0.0297 -0.3548 0.2259, 0.0297 -0.3587 0.2264, 0.0303 -0.3542 0.231, 0.0303 -0.3581 0.2315, 0.0316 -0.3538 0.2342, 0.0316 -0.3577 0.2346, 0.0336 -0.3534 0.237, 0.0336 -0.3574 0.2374, 0.0361 -0.3532 0.239, 0.0361 -0.3571 0.2395, 0.039 -0.353 0.2404, 0.039 -0.3569 0.2409, 0.0422 -0.3529 0.241, 0.0422 -0.3569 0.2415, 0.0437 -0.3529 0.241, 0.0437 -0.3568 0.2415, 0.0483 -0.353 0.2405, 0.0483 -0.3569 0.241, 0.052 -0.3532 0.2391, 0.052 -0.3571 0.2396, 0.0524 -0.3532 0.2389, 0.0524 -0.3571 0.2393, 0.0524 -0.3565 0.2443, 0.0524 -0.3526 0.2438, 0.0436 -0.3524 0.2453, 0.0436 -0.3563 0.2458, 0.0437 -0.3563 0.2458, 0.0485 -0.3525 0.245, 0.0485 -0.3564 0.2454, 0.0476 -0.3525 0.245, 0.0437 -0.3524 0.2453, 0.0411 -0.3525 0.245, 0.0383 -0.3564 0.2452, 0.0383 -0.3525 0.2447, 0.0344 -0.3527 0.2432, 0.0344 -0.3566 0.2437, 0.0309 -0.353 0.2408, 0.0309 -0.3569 0.2412, 0.03 -0.3531 0.2399, 0.03 -0.357 0.2404, 0.0273 -0.3535 0.2364, 0.0273 -0.3574 0.2369, 0.0263 -0.3538 0.2341, 0.0256 -0.3579 0.2328, 0.0256 -0.354 0.2323, 0.0247 -0.3546 0.2275, 0.0247 -0.3585 0.228, 0.0247 -0.3548 0.2256, 0.0247 -0.3587 0.2261, 0.0294 -0.3565 0.2123, 0.0294 -0.3604 0.2128, 0.0269 -0.36 0.2162, 0.0254 -0.3556 0.2196, 0.0254 -0.3595 0.2201, 0.0263 -0.3559 0.2173, 0.0269 -0.356 0.2158, 0.0324 -0.3568 0.2099, 0.0324 -0.3607 0.2103, 0.0359 -0.357 0.2082, 0.0359 -0.3609 0.2087, 0.0399 -0.3571 0.2074, 0.0399 -0.361 0.2079, 0.0798 -0.3604 0.2126, 0.0798 -0.3609 0.2084, 0.0798 -0.3565 0.2121, 0.0798 -0.357 0.2079, 0.0646 -0.3565 0.2121, 0.0646 -0.3604 0.2126, 0.0746 -0.3565 0.2121, 0.0646 -0.3589 0.225, 0.0646 -0.355 0.2245, 0.0779 -0.3589 0.225, 0.0746 -0.355 0.2245, 0.0779 -0.355 0.2245, 0.0779 -0.3584 0.2292, 0.0779 -0.3545 0.2287, 0.0646 -0.3545 0.2287, 0.0646 -0.3584 0.2292, 0.0746 -0.3545 0.2287, 0.0646 -0.3569 0.241, 0.0646 -0.353 0.2405, 0.0789 -0.3569 0.241, 0.0746 -0.353 0.2405, 0.0789 -0.353 0.2405, 0.0789 -0.3564 0.2452, 0.0789 -0.3525 0.2447, 0.0598 -0.3525 0.2447, 0.0598 -0.3564 0.2452, 0.0746 -0.3525 0.2447, 0.0598 -0.3609 0.2084, 0.0598 -0.357 0.2079, 0.0746 -0.357 0.2079, 0.1096 -0.3597 0.2184, 0.108 -0.3599 0.2164, 0.1114 -0.3603 0.2136, 0.1076 -0.36 0.2161, 0.1075 -0.3606 0.2108, 0.1052 -0.3602 0.2144, 0.1033 -0.3608 0.2092, 0.1021 -0.3603 0.2132, 0.097 -0.3609 0.2084, 0.097 -0.3604 0.2126, 0.0868 -0.3609 0.2084, 0.0916 -0.3604 0.2126, 0.0868 -0.3564 0.2452, 0.0916 -0.3569 0.241, 0.0974 -0.3564 0.2452, 0.0972 -0.3569 0.241, 0.103 -0.3565 0.2446, 0.1019 -0.357 0.2404, 0.1075 -0.3567 0.243, 0.1052 -0.3571 0.2393, 0.1114 -0.357 0.2403, 0.1079 -0.3573 0.2375, 0.1127 -0.3572 0.2391, 0.1089 -0.3575 0.2365, 0.115 -0.3575 0.2359, 0.1103 -0.3577 0.2345, 0.1163 -0.358 0.2324, 0.1114 -0.358 0.2318, 0.117 -0.3586 0.2273, 0.1119 -0.3586 0.2271, 0.1169 -0.3589 0.2249, 0.1117 -0.359 0.2243, 0.116 -0.3594 0.2206, 0.111 -0.3594 0.221, 0.1141 -0.3599 0.2168, 0.097 -0.357 0.2079, 0.0868 -0.357 0.2079, 0.1114 -0.3564 0.2131, 0.1033 -0.3569 0.2087, 0.1038 -0.3569 0.2089, 0.1075 -0.3567 0.2103, 0.1141 -0.356 0.2163, 0.116 -0.3555 0.2201, 0.1169 -0.355 0.2244, 0.117 -0.3547 0.2268, 0.1163 -0.3541 0.2319, 0.115 -0.3536 0.2354, 0.1127 -0.3532 0.2386, 0.1114 -0.3531 0.2398, 0.0974 -0.3525 0.2447, 0.1075 -0.3528 0.2425, 0.1038 -0.3526 0.2438, 0.103 -0.3526 0.2441, 0.0868 -0.3525 0.2447, 0.0972 -0.353 0.2405, 0.0916 -0.353 0.2405, 0.0916 -0.3565 0.2121, 0.097 -0.3565 0.2121, 0.108 -0.356 0.216, 0.1076 -0.3561 0.2156, 0.1052 -0.3563 0.2139, 0.1021 -0.3564 0.2127, 0.1119 -0.3547 0.2267, 0.1117 -0.3551 0.2238, 0.111 -0.3555 0.2206, 0.1096 -0.3558 0.2179, 0.1079 -0.3534 0.237, 0.1089 -0.3536 0.236, 0.1103 -0.3538 0.234, 0.1114 -0.3541 0.2313, 0.1019 -0.3531 0.24, 0.1052 -0.3532 0.2388
            ]
        }
        coordIndex [
            0,1,2,-1,2,1,3,-1,4,0,5,-1,5,0,2,-1,6,4,7,-1,7,4,5,-1,8,6,9,-1,9,6,7,-1,10,8,11,-1,11,8,9,-1,1,10,3,-1,3,10,11,-1,6,8,4,-1,4,8,10,-1,4,10,0,-1,0,10,1,-1,12,13,14,-1,12,14,15,-1,15,14,16,-1,15,16,17,-1,17,16,18,-1,17,18,19,-1,20,19,21,-1,21,19,18,-1,20,21,22,-1,20,22,23,-1,23,22,24,-1,23,24,25,-1,25,24,26,-1,25,26,27,-1,27,26,28,-1,27,28,29,-1,29,28,30,-1,29,30,31,-1,31,30,32,-1,31,32,33,-1,33,32,34,-1,33,34,35,-1,35,34,36,-1,35,36,37,-1,37,36,38,-1,37,38,39,-1,39,38,40,-1,39,40,41,-1,41,40,42,-1,41,42,43,-1,43,42,44,-1,43,44,45,-1,45,44,46,-1,45,46,47,-1,47,46,48,-1,47,48,49,-1,49,48,50,-1,49,50,51,-1,51,50,52,-1,51,52,53,-1,53,52,54,-1,53,54,55,-1,55,54,56,-1,55,56,57,-1,57,56,58,-1,57,58,59,-1,59,58,60,-1,59,60,61,-1,61,60,62,-1,61,62,63,-1,64,63,65,-1,65,63,62,-1,66,67,68,-1,64,65,69,-1,64,69,70,-1,70,69,71,-1,70,71,68,-1,68,71,72,-1,68,72,66,-1,67,66,73,-1,67,73,74,-1,73,75,74,-1,74,75,76,-1,74,76,77,-1,77,76,78,-1,77,78,79,-1,79,78,80,-1,79,80,81,-1,81,80,82,-1,81,82,83,-1,83,82,84,-1,83,84,85,-1,84,86,85,-1,85,86,87,-1,85,87,88,-1,88,87,89,-1,88,89,90,-1,91,92,93,-1,90,89,94,-1,90,94,95,-1,95,94,96,-1,95,96,93,-1,93,96,97,-1,93,97,91,-1,92,91,98,-1,92,98,99,-1,99,98,100,-1,99,100,101,-1,101,100,102,-1,101,102,103,-1,103,102,13,-1,103,13,12,-1,61,63,64,-1,51,79,49,-1,49,79,81,-1,49,81,47,-1,47,81,83,-1,47,83,45,-1,90,43,88,-1,88,43,45,-1,88,45,85,-1,85,45,83,-1,61,64,59,-1,59,64,70,-1,59,70,57,-1,57,70,68,-1,57,68,55,-1,55,68,67,-1,55,67,53,-1,53,67,74,-1,53,74,51,-1,51,74,77,-1,51,77,79,-1,19,20,17,-1,17,20,23,-1,17,23,15,-1,15,23,25,-1,15,25,12,-1,12,25,27,-1,12,27,103,-1,103,27,29,-1,103,29,101,-1,101,29,31,-1,101,31,99,-1,99,31,33,-1,99,33,92,-1,92,33,35,-1,92,35,93,-1,93,35,37,-1,93,37,95,-1,95,37,39,-1,95,39,90,-1,90,39,41,-1,90,41,43,-1,104,105,106,-1,106,105,107,-1,108,109,110,-1,110,109,104,-1,110,104,106,-1,111,109,112,-1,112,109,108,-1,111,112,113,-1,113,112,114,-1,113,114,115,-1,116,113,117,-1,117,113,115,-1,118,119,120,-1,120,119,116,-1,120,116,117,-1,121,119,122,-1,122,119,118,-1,121,122,123,-1,123,122,124,-1,123,124,125,-1,126,123,127,-1,127,123,125,-1,128,129,130,-1,130,129,126,-1,130,126,127,-1,131,129,132,-1,132,129,128,-1,131,132,105,-1,105,132,133,-1,105,133,107,-1,131,105,104,-1,104,109,131,-1,131,109,111,-1,131,111,129,-1,123,126,121,-1,121,126,129,-1,121,129,119,-1,119,129,111,-1,119,111,116,-1,116,111,113,-1,134,135,136,-1,136,135,137,-1,136,137,138,-1,138,137,139,-1,138,139,140,-1,140,139,141,-1,140,141,142,-1,142,141,143,-1,142,143,144,-1,144,143,145,-1,144,145,146,-1,146,145,147,-1,146,147,148,-1,148,147,149,-1,148,149,150,-1,150,149,151,-1,150,151,152,-1,152,151,153,-1,152,153,154,-1,154,153,155,-1,154,155,156,-1,156,155,157,-1,156,157,158,-1,158,157,159,-1,158,159,160,-1,160,159,161,-1,160,161,162,-1,162,161,163,-1,162,163,164,-1,164,163,165,-1,164,165,166,-1,166,165,167,-1,166,167,168,-1,168,167,134,-1,168,134,136,-1,142,144,169,-1,169,144,170,-1,171,136,138,-1,142,169,172,-1,142,172,140,-1,140,172,173,-1,140,173,138,-1,138,173,174,-1,138,174,171,-1,136,171,175,-1,136,175,168,-1,168,175,176,-1,168,176,166,-1,166,176,177,-1,166,177,164,-1,164,177,178,-1,164,178,162,-1,162,178,179,-1,162,179,160,-1,160,179,180,-1,160,180,158,-1,158,180,181,-1,158,181,156,-1,156,181,182,-1,156,182,154,-1,183,148,150,-1,154,182,184,-1,154,184,152,-1,152,184,185,-1,152,185,150,-1,150,185,186,-1,150,186,183,-1,146,148,187,-1,187,148,183,-1,144,146,170,-1,170,146,187,-1,149,147,188,-1,188,147,189,-1,147,145,189,-1,189,145,190,-1,145,143,190,-1,190,143,191,-1,135,192,193,-1,135,193,137,-1,137,193,194,-1,137,194,139,-1,139,194,195,-1,139,195,141,-1,141,195,191,-1,141,191,143,-1,163,196,197,-1,163,197,165,-1,165,197,198,-1,165,198,167,-1,167,198,199,-1,167,199,134,-1,134,199,192,-1,134,192,135,-1,155,200,201,-1,155,201,157,-1,157,201,202,-1,157,202,159,-1,159,202,203,-1,159,203,161,-1,161,203,196,-1,161,196,163,-1,149,188,204,-1,149,204,151,-1,151,204,205,-1,151,205,153,-1,153,205,200,-1,153,200,155,-1,
        ]
    }
}
Shape{
    appearance Appearance {
        material  Material 	{
            diffuseColor 0.25098039215686274 0.25098039215686274 0.25098039215686274
            specularColor 0.12549019607843137 0.12549019607843137 0.12549019607843137
            ambientIntensity 0.251
            transparency 0.0
            shininess 0.5
        }
    }
    geometry IndexedFaceSet {
        ccw TRUE
        solid FALSE
        coord DEF co Coordinate {
            point [
                0.1076 -0.3561 0.2156, 0.108 -0.356 0.216, 0.0972 -0.353 0.2405, 0.0916 -0.353 0.2405, 0.0916 -0.3565 0.2121, 0.097 -0.3565 0.2121, 0.1021 -0.3564 0.2127, 0.1052 -0.3563 0.2139, 0.1096 -0.3558 0.2179, 0.111 -0.3555 0.2206, 0.1117 -0.3551 0.2238, 0.1119 -0.3547 0.2267, 0.1114 -0.3541 0.2313, 0.1103 -0.3538 0.234, 0.1089 -0.3536 0.236, 0.1079 -0.3534 0.237, 0.1019 -0.3531 0.24, 0.1052 -0.3532 0.2388
            ]
        }
        coordIndex [
            0,1,2,-1,3,4,2,-1,2,4,5,-1,5,6,2,-1,2,6,7,-1,2,7,0,-1,1,8,2,-1,2,8,9,-1,2,9,10,-1,10,11,2,-1,2,11,12,-1,2,12,13,-1,13,14,2,-1,2,14,15,-1,2,15,16,-1,16,15,17,-1,
        ]
    }
}
Shape{
    appearance Appearance {
        material  Material 	{
            diffuseColor 1.0 1.0 1.0
            specularColor 0.5019607843137255 0.5019607843137255 0.5019607843137255
            ambientIntensity 1.0
            transparency 0.0
            shininess 0.5
        }
    }
    geometry IndexedFaceSet {
        ccw TRUE
        solid FALSE
        coord DEF co Coordinate {
            point [
                0.1294 -0.3592 0.2226, 0.1279 -0.3597 0.2185, 0.1418 -0.3592 0.2226, 0.1433 -0.3597 0.2185, 0.1349 -0.3573 0.2379, 0.1331 -0.3564 0.2452, 0.119 -0.3609 0.2084, 0.1243 -0.3609 0.2084, 0.1353 -0.3572 0.239, 0.1355 -0.357 0.2405, 0.1383 -0.3564 0.2452, 0.1356 -0.357 0.2405, 0.1359 -0.3572 0.2389, 0.1362 -0.3573 0.2379, 0.1524 -0.3609 0.2084, 0.1471 -0.3609 0.2084, 0.1383 -0.3525 0.2447, 0.1524 -0.357 0.2079, 0.1331 -0.3525 0.2447, 0.119 -0.357 0.2079, 0.1297 -0.3536 0.2358, 0.1243 -0.357 0.2079, 0.1279 -0.3558 0.218, 0.1433 -0.3558 0.218, 0.1297 -0.3558 0.218, 0.1471 -0.357 0.2079, 0.1294 -0.3553 0.2221, 0.1418 -0.3553 0.2221, 0.1362 -0.3534 0.2374, 0.1356 -0.3531 0.24, 0.1359 -0.3533 0.2385, 0.1355 -0.3531 0.24, 0.1349 -0.3534 0.2374, 0.1353 -0.3533 0.2385
            ]
        }
        coordIndex [
            0,1,2,-1,2,1,3,-1,4,5,0,-1,0,5,6,-1,0,6,1,-1,1,6,7,-1,4,8,5,-1,5,8,9,-1,5,9,10,-1,10,9,11,-1,10,11,12,-1,12,13,10,-1,10,13,2,-1,10,2,14,-1,14,2,3,-1,14,3,15,-1,10,14,16,-1,16,14,17,-1,5,10,18,-1,18,10,16,-1,19,6,20,-1,20,6,5,-1,20,5,18,-1,7,6,21,-1,21,6,19,-1,1,7,22,-1,22,7,21,-1,23,3,24,-1,24,3,1,-1,24,1,22,-1,15,3,25,-1,25,3,23,-1,14,15,17,-1,17,15,25,-1,0,2,26,-1,26,2,27,-1,2,13,27,-1,27,13,28,-1,11,29,30,-1,11,30,12,-1,12,30,28,-1,12,28,13,-1,11,9,29,-1,29,9,31,-1,4,32,33,-1,4,33,8,-1,8,33,31,-1,8,31,9,-1,4,0,32,-1,32,0,26,-1,
        ]
    }
}
Shape{
    appearance Appearance {
        material  Material 	{
            diffuseColor 0.25098039215686274 0.25098039215686274 0.25098039215686274
            specularColor 0.12549019607843137 0.12549019607843137 0.12549019607843137
            ambientIntensity 0.251
            transparency 0.0
            shininess 0.5
        }
    }
    geometry IndexedFaceSet {
        ccw TRUE
        solid FALSE
        coord DEF co Coordinate {
            point [
                0.1356 -0.3531 0.24, 0.1355 -0.3531 0.24, 0.1359 -0.3533 0.2385, 0.1353 -0.3533 0.2385, 0.1362 -0.3534 0.2374, 0.1349 -0.3534 0.2374, 0.1418 -0.3553 0.2221, 0.1294 -0.3553 0.2221
            ]
        }
        coordIndex [
            0,1,2,-1,2,1,3,-1,2,3,4,-1,4,3,5,-1,4,5,6,-1,6,5,7,-1,
        ]
    }
}
Shape{
    appearance Appearance {
        material  Material 	{
            diffuseColor 1.0 1.0 1.0
            specularColor 0.5019607843137255 0.5019607843137255 0.5019607843137255
            ambientIntensity 1.0
            transparency 0.0
            shininess 0.5
        }
    }
    geometry IndexedFaceSet {
        ccw TRUE
        solid FALSE
        coord DEF co Coordinate {
            point [
                0.0235 -0.3676 0.1542, 0.0235 -0.3681 0.15, 0.0235 -0.3637 0.1537, 0.0235 -0.3642 0.1496, 0.0084 -0.3676 0.1542, 0.0084 -0.3637 0.1537, 0.0084 -0.366 0.1666, 0.0084 -0.3621 0.1661, 0.0216 -0.366 0.1666, 0.0216 -0.3621 0.1661, 0.0216 -0.3655 0.1708, 0.0216 -0.3616 0.1703, 0.0084 -0.3655 0.1708, 0.0084 -0.3616 0.1703, 0.0084 -0.3641 0.1826, 0.0084 -0.3602 0.1821, 0.0227 -0.3641 0.1826, 0.0227 -0.3602 0.1821, 0.0227 -0.3636 0.1868, 0.0227 -0.3597 0.1863, 0.0036 -0.3636 0.1868, 0.0036 -0.3597 0.1863, 0.0036 -0.3681 0.15, 0.0036 -0.3642 0.1496, 0.0445 -0.3676 0.1541, 0.0446 -0.3676 0.1541, 0.0443 -0.3671 0.1583, 0.0344 -0.3667 0.1612, 0.0355 -0.3667 0.1617, 0.0329 -0.3663 0.1647, 0.0446 -0.3668 0.1604, 0.0493 -0.366 0.1669, 0.0446 -0.3668 0.1607, 0.0446 -0.3665 0.1632, 0.0446 -0.3681 0.15, 0.0493 -0.3681 0.15, 0.0429 -0.3648 0.1766, 0.0419 -0.3653 0.1726, 0.0448 -0.3649 0.1759, 0.0427 -0.3654 0.1721, 0.0436 -0.3673 0.1567, 0.0426 -0.3674 0.1553, 0.0437 -0.3677 0.1529, 0.042 -0.3675 0.1548, 0.0422 -0.3679 0.1514, 0.0407 -0.3676 0.1539, 0.0407 -0.368 0.1504, 0.0393 -0.3677 0.1534, 0.0388 -0.3681 0.1497, 0.0376 -0.3677 0.1532, 0.0364 -0.3682 0.1494, 0.036 -0.3677 0.1534, 0.0336 -0.3681 0.1497, 0.035 -0.3676 0.1538, 0.0318 -0.368 0.1504, 0.034 -0.3675 0.1544, 0.0303 -0.3679 0.1515, 0.0336 -0.3675 0.1548, 0.0368 -0.3662 0.1656, 0.0384 -0.3666 0.1624, 0.0446 -0.366 0.1667, 0.0306 -0.3651 0.1745, 0.0306 -0.3656 0.17, 0.0315 -0.365 0.175, 0.0338 -0.3654 0.172, 0.035 -0.3649 0.1763, 0.0367 -0.3653 0.1729, 0.0397 -0.3648 0.1769, 0.0393 -0.3652 0.1732, 0.0408 -0.3653 0.173, 0.0445 -0.3658 0.1688, 0.0488 -0.3655 0.1708, 0.044 -0.3656 0.1704, 0.048 -0.3653 0.1728, 0.0434 -0.3655 0.1714, 0.0471 -0.3651 0.1742, 0.0462 -0.365 0.175, 0.0339 -0.3668 0.1608, 0.0311 -0.3664 0.1636, 0.0334 -0.3668 0.1601, 0.0297 -0.3666 0.1624, 0.033 -0.367 0.1592, 0.0288 -0.3668 0.1609, 0.0327 -0.3671 0.1582, 0.0282 -0.367 0.1592, 0.0327 -0.3672 0.1574, 0.028 -0.3672 0.1571, 0.0328 -0.3673 0.1564, 0.0283 -0.3675 0.1548, 0.0331 -0.3674 0.1555, 0.0289 -0.3677 0.1533, 0.0298 -0.3679 0.1519, 0.0397 -0.3609 0.1764, 0.035 -0.3609 0.1759, 0.0315 -0.3611 0.1745, 0.0306 -0.3612 0.174, 0.0306 -0.3617 0.1695, 0.0338 -0.3615 0.1715, 0.0367 -0.3614 0.1724, 0.0393 -0.3613 0.1727, 0.0408 -0.3614 0.1725, 0.0419 -0.3614 0.1721, 0.0427 -0.3615 0.1716, 0.0434 -0.3616 0.1709, 0.044 -0.3617 0.1699, 0.0445 -0.3619 0.1683, 0.0446 -0.3621 0.1663, 0.0368 -0.3623 0.1652, 0.0329 -0.3624 0.1642, 0.0311 -0.3625 0.1632, 0.0297 -0.3627 0.1619, 0.0288 -0.3628 0.1604, 0.0282 -0.3631 0.1587, 0.028 -0.3633 0.1566, 0.0283 -0.3636 0.1543, 0.0289 -0.3638 0.1528, 0.0298 -0.3639 0.1514, 0.0303 -0.364 0.151, 0.0364 -0.3643 0.1489, 0.0337 -0.3642 0.1492, 0.0336 -0.3642 0.1493, 0.0318 -0.3641 0.1499, 0.0388 -0.3642 0.1492, 0.0389 -0.3642 0.1492, 0.0407 -0.3641 0.1499, 0.0422 -0.364 0.1509, 0.0437 -0.3638 0.1524, 0.0445 -0.3637 0.1536, 0.0446 -0.3637 0.1536, 0.0446 -0.3642 0.1496, 0.0493 -0.3642 0.1496, 0.0493 -0.3621 0.1665, 0.0488 -0.3616 0.1703, 0.048 -0.3614 0.1723, 0.0471 -0.3612 0.1737, 0.0462 -0.3611 0.1745, 0.0448 -0.361 0.1754, 0.0429 -0.3609 0.1761, 0.0339 -0.3629 0.1603, 0.0344 -0.3628 0.1607, 0.0355 -0.3627 0.1612, 0.0384 -0.3627 0.1619, 0.0327 -0.3633 0.157, 0.0327 -0.3632 0.1577, 0.033 -0.363 0.1588, 0.0334 -0.3629 0.1596, 0.034 -0.3636 0.1539, 0.0336 -0.3636 0.1543, 0.0331 -0.3635 0.1551, 0.0328 -0.3634 0.1559, 0.0376 -0.3638 0.1527, 0.036 -0.3638 0.1529, 0.035 -0.3637 0.1533, 0.0426 -0.3635 0.1549, 0.042 -0.3636 0.1543, 0.0407 -0.3637 0.1534, 0.0393 -0.3638 0.1529, 0.0446 -0.3629 0.1602, 0.0446 -0.3629 0.1599, 0.0443 -0.3632 0.1579, 0.0436 -0.3634 0.1562, 0.0446 -0.3626 0.1627
            ]
        }
        coordIndex [
            0,1,2,-1,2,1,3,-1,4,0,5,-1,5,0,2,-1,6,4,7,-1,7,4,5,-1,8,6,9,-1,9,6,7,-1,10,8,11,-1,11,8,9,-1,12,10,13,-1,13,10,11,-1,14,12,15,-1,15,12,13,-1,16,14,17,-1,17,14,15,-1,18,16,19,-1,19,16,17,-1,20,18,21,-1,21,18,19,-1,22,20,23,-1,23,20,21,-1,1,22,3,-1,3,22,23,-1,22,1,0,-1,0,4,22,-1,22,4,6,-1,22,6,20,-1,16,18,14,-1,14,18,20,-1,14,20,12,-1,12,20,6,-1,12,6,10,-1,10,6,8,-1,24,25,26,-1,27,28,29,-1,30,31,32,-1,32,31,33,-1,34,35,25,-1,25,35,31,-1,25,31,26,-1,26,31,30,-1,36,37,38,-1,38,37,39,-1,26,40,24,-1,24,40,41,-1,24,41,42,-1,42,41,43,-1,42,43,44,-1,44,43,45,-1,44,45,46,-1,46,45,47,-1,46,47,48,-1,48,47,49,-1,48,49,50,-1,50,49,51,-1,50,51,52,-1,52,51,53,-1,52,53,54,-1,54,53,55,-1,54,55,56,-1,56,55,57,-1,29,28,58,-1,58,28,59,-1,58,59,60,-1,61,62,63,-1,63,62,64,-1,63,64,65,-1,65,64,66,-1,65,66,67,-1,67,66,68,-1,67,68,36,-1,36,68,69,-1,36,69,37,-1,59,33,60,-1,60,33,31,-1,60,31,70,-1,70,31,71,-1,70,71,72,-1,72,71,73,-1,72,73,74,-1,74,73,75,-1,74,75,39,-1,39,75,76,-1,39,76,38,-1,27,29,77,-1,77,29,78,-1,77,78,79,-1,79,78,80,-1,79,80,81,-1,81,80,82,-1,81,82,83,-1,83,82,84,-1,83,84,85,-1,85,84,86,-1,85,86,87,-1,87,86,88,-1,87,88,89,-1,89,88,90,-1,89,90,57,-1,57,90,91,-1,57,91,56,-1,67,92,93,-1,67,93,65,-1,65,93,94,-1,65,94,63,-1,63,94,95,-1,63,95,61,-1,62,61,96,-1,96,61,95,-1,62,96,97,-1,62,97,64,-1,64,97,98,-1,64,98,66,-1,66,98,99,-1,66,99,68,-1,68,99,100,-1,68,100,69,-1,69,100,101,-1,69,101,37,-1,37,101,102,-1,37,102,39,-1,39,102,103,-1,39,103,74,-1,74,103,104,-1,74,104,72,-1,72,104,105,-1,72,105,70,-1,70,105,106,-1,70,106,60,-1,58,60,107,-1,107,60,106,-1,58,107,108,-1,58,108,29,-1,29,108,109,-1,29,109,78,-1,78,109,110,-1,78,110,80,-1,80,110,111,-1,80,111,82,-1,82,111,112,-1,82,112,84,-1,84,112,113,-1,84,113,86,-1,86,113,114,-1,86,114,88,-1,88,114,115,-1,88,115,90,-1,90,115,116,-1,90,116,91,-1,91,116,117,-1,91,117,56,-1,118,50,119,-1,119,50,52,-1,119,52,120,-1,120,52,54,-1,120,54,121,-1,121,54,56,-1,121,56,117,-1,50,118,122,-1,50,122,48,-1,48,122,123,-1,48,123,46,-1,123,124,46,-1,46,124,125,-1,46,125,44,-1,44,125,126,-1,44,126,42,-1,42,126,127,-1,42,127,24,-1,25,24,128,-1,128,24,127,-1,34,25,129,-1,129,25,128,-1,35,34,130,-1,130,34,129,-1,31,35,131,-1,131,35,130,-1,31,131,132,-1,31,132,71,-1,71,132,133,-1,71,133,73,-1,73,133,134,-1,73,134,75,-1,75,134,135,-1,75,135,76,-1,76,135,136,-1,76,136,38,-1,38,136,137,-1,38,137,36,-1,36,137,92,-1,36,92,67,-1,77,138,139,-1,77,139,27,-1,27,139,140,-1,27,140,28,-1,28,140,141,-1,28,141,59,-1,85,142,143,-1,85,143,83,-1,83,143,144,-1,83,144,81,-1,81,144,145,-1,81,145,79,-1,79,145,138,-1,79,138,77,-1,55,146,147,-1,55,147,57,-1,57,147,148,-1,57,148,89,-1,89,148,149,-1,89,149,87,-1,87,149,142,-1,87,142,85,-1,49,150,151,-1,49,151,51,-1,51,151,152,-1,51,152,53,-1,53,152,146,-1,53,146,55,-1,41,153,154,-1,41,154,43,-1,43,154,155,-1,43,155,45,-1,45,155,156,-1,45,156,47,-1,47,156,150,-1,47,150,49,-1,32,157,158,-1,32,158,30,-1,30,158,159,-1,30,159,26,-1,26,159,160,-1,26,160,40,-1,40,160,153,-1,40,153,41,-1,32,33,157,-1,157,33,161,-1,33,59,161,-1,161,59,141,-1,
        ]
    }
}
Shape{
    appearance Appearance {
        material  Material 	{
            diffuseColor 0.25098039215686274 0.25098039215686274 0.25098039215686274
            specularColor 0.12549019607843137 0.12549019607843137 0.12549019607843137
            ambientIntensity 0.251
            transparency 0.0
            shininess 0.5
        }
    }
    geometry IndexedFaceSet {
        ccw TRUE
        solid FALSE
        coord DEF co Coordinate {
            point [
                0.0446 -0.3629 0.1599, 0.0446 -0.3629 0.1602, 0.0339 -0.3629 0.1603, 0.0446 -0.3626 0.1627, 0.0384 -0.3627 0.1619, 0.0355 -0.3627 0.1612, 0.0344 -0.3628 0.1607, 0.0443 -0.3632 0.1579, 0.0334 -0.3629 0.1596, 0.0436 -0.3634 0.1562, 0.0336 -0.3636 0.1543, 0.034 -0.3636 0.1539, 0.042 -0.3636 0.1543, 0.0331 -0.3635 0.1551, 0.0407 -0.3637 0.1534, 0.0393 -0.3638 0.1529, 0.0376 -0.3638 0.1527, 0.033 -0.363 0.1588, 0.0327 -0.3632 0.1577, 0.0426 -0.3635 0.1549, 0.0327 -0.3633 0.157, 0.0328 -0.3634 0.1559, 0.035 -0.3637 0.1533, 0.036 -0.3638 0.1529
            ]
        }
        coordIndex [
            0,1,2,-1,1,3,4,-1,4,5,1,-1,1,5,6,-1,1,6,2,-1,0,2,7,-1,7,2,8,-1,7,8,9,-1,10,11,12,-1,10,12,13,-1,14,12,15,-1,15,12,16,-1,8,17,9,-1,9,17,18,-1,9,18,19,-1,19,18,20,-1,19,20,12,-1,12,20,21,-1,12,21,13,-1,11,22,12,-1,12,22,23,-1,12,23,16,-1,
        ]
    }
}
Shape{
    appearance Appearance {
        material  Material 	{
            diffuseColor 1.0 1.0 1.0
            specularColor 0.5019607843137255 0.5019607843137255 0.5019607843137255
            ambientIntensity 1.0
            transparency 0.0
            shininess 0.5
        }
    }
    geometry IndexedFaceSet {
        ccw TRUE
        solid FALSE
        coord DEF co Coordinate {
            point [
                0.0556 -0.3635 0.1552, 0.0556 -0.3674 0.1557, 0.0576 -0.3675 0.1545, 0.0632 -0.3677 0.1532, 0.0632 -0.3638 0.1527, 0.0606 -0.3638 0.153, 0.0606 -0.3677 0.1534, 0.0577 -0.3636 0.154, 0.0576 -0.3636 0.154, 0.0556 -0.368 0.151, 0.0556 -0.3641 0.1505, 0.0577 -0.3642 0.1497, 0.0588 -0.3681 0.1498, 0.0627 -0.3643 0.1489, 0.0627 -0.3682 0.1494, 0.0597 -0.3642 0.1492, 0.0588 -0.3642 0.1493, 0.0654 -0.3642 0.1492, 0.0669 -0.3681 0.1499, 0.0669 -0.3642 0.1494, 0.0694 -0.3641 0.1504, 0.0694 -0.368 0.1508, 0.0704 -0.364 0.151, 0.0704 -0.3679 0.1515, 0.0718 -0.3639 0.1522, 0.0718 -0.3678 0.1527, 0.0726 -0.3637 0.1534, 0.0726 -0.3676 0.1539, 0.0732 -0.3635 0.1549, 0.0732 -0.3674 0.1553, 0.0734 -0.3633 0.1567, 0.0734 -0.3672 0.1572, 0.0732 -0.3631 0.1584, 0.0732 -0.367 0.1589, 0.0727 -0.3629 0.1598, 0.0727 -0.3668 0.1603, 0.0719 -0.3628 0.161, 0.0719 -0.3667 0.1615, 0.0708 -0.3626 0.162, 0.0708 -0.3666 0.1625, 0.0677 -0.3624 0.1637, 0.0677 -0.3663 0.1642, 0.0659 -0.3623 0.1645, 0.0659 -0.3663 0.1649, 0.063 -0.3622 0.1657, 0.063 -0.3661 0.1662, 0.0614 -0.3621 0.1667, 0.0614 -0.366 0.1672, 0.0609 -0.362 0.1672, 0.0609 -0.3659 0.1677, 0.0606 -0.3619 0.1678, 0.0606 -0.3658 0.1683, 0.0604 -0.3618 0.1685, 0.0604 -0.3658 0.169, 0.0604 -0.3618 0.1692, 0.0604 -0.3657 0.1696, 0.0604 -0.3617 0.1699, 0.0604 -0.3656 0.1704, 0.0607 -0.3616 0.1705, 0.0607 -0.3655 0.171, 0.0611 -0.3615 0.1711, 0.0611 -0.3654 0.1716, 0.0618 -0.3615 0.1717, 0.0618 -0.3654 0.1722, 0.0628 -0.3614 0.1723, 0.0628 -0.3653 0.1727, 0.0641 -0.3613 0.1726, 0.0641 -0.3653 0.1731, 0.0654 -0.3613 0.1727, 0.0654 -0.3652 0.1732, 0.0687 -0.3614 0.1723, 0.0687 -0.3653 0.1728, 0.0713 -0.3615 0.1713, 0.0713 -0.3654 0.1718, 0.0722 -0.3616 0.1708, 0.0722 -0.3655 0.1713, 0.0722 -0.3649 0.1757, 0.0722 -0.361 0.1753, 0.0691 -0.3609 0.1761, 0.0691 -0.3648 0.1766, 0.0659 -0.3609 0.1764, 0.0659 -0.3648 0.1769, 0.0622 -0.3609 0.176, 0.0622 -0.3648 0.1765, 0.0597 -0.361 0.175, 0.0597 -0.365 0.1755, 0.0586 -0.3611 0.1743, 0.0586 -0.365 0.1748, 0.0577 -0.3612 0.1736, 0.0572 -0.3652 0.1736, 0.0572 -0.3613 0.1731, 0.0563 -0.3614 0.1719, 0.0563 -0.3653 0.1723, 0.0558 -0.3616 0.1704, 0.0558 -0.3655 0.1709, 0.0556 -0.3618 0.1687, 0.0556 -0.3657 0.1692, 0.0558 -0.362 0.1669, 0.0558 -0.3659 0.1674, 0.0563 -0.3622 0.1655, 0.0563 -0.3661 0.166, 0.0569 -0.3623 0.1646, 0.0569 -0.3662 0.1651, 0.0626 -0.3628 0.1611, 0.0626 -0.3667 0.1616, 0.0598 -0.3665 0.1628, 0.0577 -0.3624 0.1638, 0.0577 -0.3663 0.1643, 0.0577 -0.3624 0.1638, 0.0598 -0.3626 0.1624, 0.0657 -0.3629 0.1598, 0.0657 -0.3668 0.1603, 0.0675 -0.363 0.1588, 0.0675 -0.367 0.1592, 0.0681 -0.3631 0.1582, 0.0681 -0.367 0.1586, 0.0684 -0.3632 0.1575, 0.0684 -0.3671 0.158, 0.0686 -0.3633 0.1568, 0.0686 -0.3672 0.1573, 0.0687 -0.3634 0.1562, 0.0687 -0.3673 0.1567, 0.0686 -0.3635 0.1554, 0.0686 -0.3674 0.1559, 0.0683 -0.3635 0.1547, 0.0683 -0.3674 0.1552, 0.0679 -0.3636 0.1541, 0.0679 -0.3675 0.1546, 0.0674 -0.3637 0.1537, 0.0674 -0.3676 0.1541, 0.067 -0.3637 0.1534, 0.067 -0.3676 0.1539, 0.0658 -0.3638 0.153, 0.0658 -0.3677 0.1534, 0.0634 -0.3638 0.1527, 0.0634 -0.3677 0.1532, 0.0964 -0.3649 0.1763, 0.1013 -0.3649 0.1763, 0.0964 -0.3609 0.1758, 0.1013 -0.3609 0.1758, 0.0892 -0.3673 0.1565, 0.0892 -0.3634 0.156, 0.0889 -0.3635 0.1548, 0.0889 -0.3674 0.1553, 0.0887 -0.3636 0.1539, 0.0887 -0.3675 0.1544, 0.0885 -0.3675 0.1544, 0.0885 -0.3636 0.1539, 0.088 -0.3673 0.1566, 0.088 -0.3634 0.1561, 0.081 -0.3649 0.1763, 0.0833 -0.3617 0.1694, 0.081 -0.3609 0.1758, 0.0758 -0.3649 0.1763, 0.0758 -0.3609 0.1758, 0.0862 -0.3681 0.1501, 0.0833 -0.3633 0.1571, 0.0862 -0.3642 0.1496, 0.0842 -0.3648 0.1448, 0.0842 -0.3687 0.1453, 0.0861 -0.3642 0.1492, 0.0833 -0.365 0.1432, 0.0833 -0.3689 0.1436, 0.0833 -0.365 0.1431, 0.0824 -0.3651 0.1422, 0.0824 -0.369 0.1427, 0.0817 -0.3651 0.1417, 0.0817 -0.369 0.1422, 0.0807 -0.3652 0.1413, 0.0807 -0.3691 0.1418, 0.0794 -0.3652 0.1411, 0.0794 -0.3691 0.1416, 0.0778 -0.3652 0.1413, 0.0778 -0.3691 0.1418, 0.0768 -0.3651 0.1417, 0.0768 -0.3691 0.1421, 0.0768 -0.3696 0.138, 0.0768 -0.3656 0.1376, 0.0788 -0.3657 0.1372, 0.0788 -0.3696 0.1377, 0.0798 -0.3657 0.1372, 0.0798 -0.3696 0.1377, 0.0817 -0.3657 0.1374, 0.0817 -0.3696 0.1379, 0.0833 -0.3656 0.138, 0.0835 -0.3695 0.1386, 0.0835 -0.3656 0.1381, 0.0851 -0.3654 0.1392, 0.0851 -0.3694 0.1397, 0.0854 -0.3654 0.1395, 0.0854 -0.3693 0.14, 0.0871 -0.3652 0.1415, 0.0871 -0.3691 0.142, 0.0892 -0.3647 0.1456, 0.0892 -0.3686 0.1461, 0.0907 -0.3642 0.1492, 0.1262 -0.3676 0.1542, 0.1262 -0.3681 0.15, 0.1262 -0.3637 0.1537, 0.1262 -0.3642 0.1496, 0.1111 -0.3676 0.1542, 0.118 -0.3637 0.1537, 0.1111 -0.3637 0.1537, 0.1111 -0.366 0.1666, 0.1111 -0.3621 0.1661, 0.1243 -0.366 0.1666, 0.118 -0.3621 0.1661, 0.1243 -0.3621 0.1661, 0.1243 -0.3655 0.1708, 0.1243 -0.3616 0.1703, 0.1111 -0.3616 0.1703, 0.1111 -0.3655 0.1708, 0.118 -0.3616 0.1703, 0.1111 -0.3641 0.1826, 0.1111 -0.3602 0.1821, 0.1254 -0.3602 0.1821, 0.1254 -0.3641 0.1826, 0.118 -0.3602 0.1821, 0.1254 -0.3636 0.1868, 0.1254 -0.3597 0.1863, 0.1063 -0.3597 0.1863, 0.1063 -0.3636 0.1868, 0.118 -0.3597 0.1863, 0.1063 -0.3681 0.15, 0.1063 -0.3642 0.1496, 0.118 -0.3642 0.1496, 0.156 -0.3669 0.16, 0.1544 -0.3671 0.1581, 0.1578 -0.3675 0.1552, 0.154 -0.3671 0.1577, 0.1539 -0.3678 0.1524, 0.1516 -0.3673 0.156, 0.1497 -0.368 0.1508, 0.1485 -0.3675 0.1548, 0.1434 -0.3681 0.15, 0.1434 -0.3676 0.1542, 0.1332 -0.3681 0.15, 0.138 -0.3676 0.1542, 0.1332 -0.3636 0.1868, 0.138 -0.3641 0.1826, 0.1438 -0.3636 0.1868, 0.1436 -0.3641 0.1826, 0.1494 -0.3636 0.1862, 0.1484 -0.3641 0.1821, 0.1539 -0.3638 0.1846, 0.1516 -0.3643 0.1809, 0.1578 -0.3642 0.182, 0.1543 -0.3645 0.1791, 0.1591 -0.3643 0.1807, 0.1553 -0.3646 0.1781, 0.1614 -0.3647 0.1775, 0.1567 -0.3649 0.1761, 0.1628 -0.3651 0.174, 0.1578 -0.3652 0.1734, 0.1634 -0.3658 0.1689, 0.1584 -0.3658 0.1688, 0.1633 -0.3661 0.1666, 0.1582 -0.3661 0.1659, 0.1624 -0.3666 0.1623, 0.1574 -0.3665 0.1627, 0.1606 -0.367 0.1584, 0.1434 -0.3642 0.1496, 0.1332 -0.3642 0.1496, 0.1497 -0.3641 0.1503, 0.1539 -0.3639 0.152, 0.1578 -0.3635 0.1547, 0.1606 -0.3631 0.158, 0.1624 -0.3627 0.1618, 0.1633 -0.3621 0.1661, 0.1634 -0.3619 0.1684, 0.1628 -0.3612 0.1735, 0.1614 -0.3608 0.177, 0.1591 -0.3604 0.1802, 0.1578 -0.3603 0.1815, 0.1539 -0.3599 0.1841, 0.1494 -0.3597 0.1857, 0.1438 -0.3597 0.1863, 0.1332 -0.3597 0.1863, 0.1436 -0.3602 0.1821, 0.138 -0.3602 0.1821, 0.138 -0.3637 0.1537, 0.1434 -0.3637 0.1537, 0.1544 -0.3632 0.1576, 0.154 -0.3632 0.1572, 0.1516 -0.3634 0.1556, 0.1485 -0.3636 0.1544, 0.1584 -0.3619 0.1683, 0.1582 -0.3622 0.1655, 0.1574 -0.3626 0.1622, 0.156 -0.3629 0.1595, 0.1543 -0.3606 0.1787, 0.1553 -0.3607 0.1777, 0.1567 -0.361 0.1756, 0.1578 -0.3613 0.1729, 0.1484 -0.3602 0.1816, 0.1516 -0.3604 0.1804
            ]
        }
        coordIndex [
            0,1,2,-1,3,4,5,-1,3,5,6,-1,6,5,7,-1,6,7,2,-1,2,7,8,-1,2,8,0,-1,9,1,10,-1,10,1,0,-1,10,11,9,-1,9,11,12,-1,13,14,15,-1,15,14,12,-1,15,12,16,-1,16,12,11,-1,13,17,14,-1,14,17,18,-1,17,19,18,-1,18,19,20,-1,18,20,21,-1,21,20,22,-1,21,22,23,-1,23,22,24,-1,23,24,25,-1,25,24,26,-1,25,26,27,-1,27,26,28,-1,27,28,29,-1,29,28,30,-1,29,30,31,-1,31,30,32,-1,31,32,33,-1,33,32,34,-1,33,34,35,-1,35,34,36,-1,35,36,37,-1,37,36,38,-1,37,38,39,-1,39,38,40,-1,39,40,41,-1,41,40,42,-1,41,42,43,-1,43,42,44,-1,43,44,45,-1,45,44,46,-1,45,46,47,-1,47,46,48,-1,47,48,49,-1,49,48,50,-1,49,50,51,-1,51,50,52,-1,51,52,53,-1,53,52,54,-1,53,54,55,-1,55,54,56,-1,55,56,57,-1,57,56,58,-1,57,58,59,-1,59,58,60,-1,59,60,61,-1,61,60,62,-1,61,62,63,-1,63,62,64,-1,63,64,65,-1,65,64,66,-1,65,66,67,-1,67,66,68,-1,67,68,69,-1,69,68,70,-1,69,70,71,-1,71,70,72,-1,71,72,73,-1,73,72,74,-1,73,74,75,-1,76,75,77,-1,77,75,74,-1,76,77,78,-1,76,78,79,-1,79,78,80,-1,79,80,81,-1,81,80,82,-1,81,82,83,-1,83,82,84,-1,83,84,85,-1,85,84,86,-1,85,86,87,-1,86,88,87,-1,87,88,89,-1,88,90,89,-1,89,90,91,-1,89,91,92,-1,92,91,93,-1,92,93,94,-1,94,93,95,-1,94,95,96,-1,96,95,97,-1,96,97,98,-1,98,97,99,-1,98,99,100,-1,100,99,101,-1,100,101,102,-1,103,104,105,-1,102,101,106,-1,102,106,107,-1,107,106,108,-1,107,108,105,-1,105,108,109,-1,105,109,103,-1,104,103,110,-1,104,110,111,-1,111,110,112,-1,111,112,113,-1,113,112,114,-1,113,114,115,-1,115,114,116,-1,115,116,117,-1,117,116,118,-1,117,118,119,-1,119,118,120,-1,119,120,121,-1,121,120,122,-1,121,122,123,-1,123,122,124,-1,123,124,125,-1,125,124,126,-1,125,126,127,-1,127,126,128,-1,127,128,129,-1,129,128,130,-1,129,130,131,-1,131,130,132,-1,131,132,133,-1,133,132,134,-1,133,134,135,-1,135,134,4,-1,135,4,3,-1,61,63,85,-1,85,63,83,-1,111,43,104,-1,104,43,45,-1,21,23,127,-1,127,23,25,-1,127,25,125,-1,125,25,27,-1,125,27,123,-1,123,27,29,-1,123,29,121,-1,121,29,31,-1,121,31,119,-1,119,31,33,-1,119,33,117,-1,117,33,35,-1,117,35,115,-1,115,35,37,-1,115,37,113,-1,113,37,39,-1,113,39,111,-1,111,39,41,-1,111,41,43,-1,14,3,12,-1,12,3,6,-1,12,6,9,-1,9,6,2,-1,9,2,1,-1,63,65,83,-1,83,65,67,-1,83,67,81,-1,81,67,69,-1,81,69,79,-1,79,69,71,-1,79,71,76,-1,76,71,73,-1,76,73,75,-1,127,129,21,-1,21,129,131,-1,21,131,18,-1,18,131,133,-1,18,133,14,-1,14,133,135,-1,14,135,3,-1,85,87,61,-1,61,87,89,-1,61,89,59,-1,59,89,92,-1,59,92,57,-1,57,92,94,-1,57,94,55,-1,55,94,96,-1,55,96,53,-1,53,96,98,-1,53,98,51,-1,51,98,100,-1,51,100,49,-1,49,100,102,-1,49,102,47,-1,47,102,107,-1,47,107,45,-1,45,107,105,-1,45,105,104,-1,136,137,138,-1,138,137,139,-1,140,136,141,-1,141,136,138,-1,140,141,142,-1,140,142,143,-1,143,142,144,-1,143,144,145,-1,146,145,147,-1,147,145,144,-1,148,146,149,-1,149,146,147,-1,148,149,150,-1,150,149,151,-1,150,151,152,-1,153,150,154,-1,154,150,152,-1,153,154,155,-1,155,154,156,-1,155,156,157,-1,158,159,160,-1,160,159,155,-1,160,155,157,-1,158,161,159,-1,159,161,162,-1,161,163,162,-1,162,163,164,-1,162,164,165,-1,165,164,166,-1,165,166,167,-1,167,166,168,-1,167,168,169,-1,169,168,170,-1,169,170,171,-1,171,170,172,-1,171,172,173,-1,173,172,174,-1,173,174,175,-1,176,175,177,-1,177,175,174,-1,176,177,178,-1,176,178,179,-1,179,178,180,-1,179,180,181,-1,181,180,182,-1,181,182,183,-1,183,182,184,-1,183,184,185,-1,184,186,185,-1,185,186,187,-1,185,187,188,-1,188,187,189,-1,188,189,190,-1,190,189,191,-1,190,191,192,-1,192,191,193,-1,192,193,194,-1,139,137,195,-1,195,137,194,-1,195,194,193,-1,143,145,194,-1,137,136,194,-1,194,136,140,-1,194,140,143,-1,150,153,148,-1,148,153,155,-1,148,155,146,-1,175,176,173,-1,173,176,179,-1,173,179,171,-1,171,179,181,-1,171,181,169,-1,169,181,183,-1,169,183,167,-1,167,183,185,-1,167,185,165,-1,145,146,194,-1,194,146,155,-1,194,155,192,-1,155,159,192,-1,192,159,162,-1,192,162,190,-1,190,162,165,-1,190,165,188,-1,188,165,185,-1,196,197,198,-1,198,197,199,-1,196,198,200,-1,200,198,201,-1,200,201,202,-1,203,200,204,-1,204,200,202,-1,203,204,205,-1,205,204,206,-1,205,206,207,-1,208,205,209,-1,209,205,207,-1,210,211,212,-1,212,211,208,-1,212,208,209,-1,213,211,214,-1,214,211,210,-1,215,216,217,-1,217,216,213,-1,217,213,214,-1,218,216,219,-1,219,216,215,-1,220,221,222,-1,222,221,218,-1,222,218,219,-1,223,221,224,-1,224,221,220,-1,223,224,197,-1,197,224,225,-1,197,225,199,-1,223,197,196,-1,196,200,223,-1,223,200,203,-1,223,203,221,-1,216,218,213,-1,213,218,221,-1,213,221,211,-1,211,221,203,-1,211,203,208,-1,208,203,205,-1,226,227,228,-1,228,227,229,-1,228,229,230,-1,230,229,231,-1,230,231,232,-1,232,231,233,-1,232,233,234,-1,234,233,235,-1,234,235,236,-1,236,235,237,-1,236,237,238,-1,238,237,239,-1,238,239,240,-1,240,239,241,-1,240,241,242,-1,242,241,243,-1,242,243,244,-1,244,243,245,-1,244,245,246,-1,246,245,247,-1,246,247,248,-1,248,247,249,-1,248,249,250,-1,250,249,251,-1,250,251,252,-1,252,251,253,-1,252,253,254,-1,254,253,255,-1,254,255,256,-1,256,255,257,-1,256,257,258,-1,258,257,259,-1,258,259,260,-1,260,259,226,-1,260,226,228,-1,234,236,261,-1,261,236,262,-1,234,261,263,-1,234,263,232,-1,232,263,264,-1,232,264,230,-1,230,264,265,-1,230,265,228,-1,228,265,266,-1,228,266,260,-1,260,266,267,-1,260,267,258,-1,258,267,268,-1,258,268,256,-1,256,268,269,-1,256,269,254,-1,254,269,270,-1,254,270,252,-1,252,270,271,-1,252,271,250,-1,250,271,272,-1,250,272,248,-1,248,272,273,-1,248,273,246,-1,246,273,274,-1,246,274,244,-1,244,274,275,-1,244,275,242,-1,242,275,276,-1,242,276,240,-1,238,240,277,-1,277,240,276,-1,236,238,262,-1,262,238,277,-1,241,239,278,-1,278,239,279,-1,239,237,279,-1,279,237,280,-1,237,235,280,-1,280,235,281,-1,227,282,283,-1,227,283,229,-1,229,283,284,-1,229,284,231,-1,231,284,285,-1,231,285,233,-1,233,285,281,-1,233,281,235,-1,255,286,287,-1,255,287,257,-1,257,287,288,-1,257,288,259,-1,259,288,289,-1,259,289,226,-1,226,289,282,-1,226,282,227,-1,247,290,291,-1,247,291,249,-1,249,291,292,-1,249,292,251,-1,251,292,293,-1,251,293,253,-1,253,293,286,-1,253,286,255,-1,241,278,294,-1,241,294,243,-1,243,294,295,-1,243,295,245,-1,245,295,290,-1,245,290,247,-1,
        ]
    }
}
Shape{
    appearance Appearance {
        material  Material 	{
            diffuseColor 0.25098039215686274 0.25098039215686274 0.25098039215686274
            specularColor 0.12549019607843137 0.12549019607843137 0.12549019607843137
            ambientIntensity 0.251
            transparency 0.0
            shininess 0.5
        }
    }
    geometry IndexedFaceSet {
        ccw TRUE
        solid FALSE
        coord DEF co Coordinate {
            point [
                0.154 -0.3632 0.1572, 0.1544 -0.3632 0.1576, 0.1436 -0.3602 0.1821, 0.138 -0.3602 0.1821, 0.138 -0.3637 0.1537, 0.1434 -0.3637 0.1537, 0.1485 -0.3636 0.1544, 0.1516 -0.3634 0.1556, 0.156 -0.3629 0.1595, 0.1574 -0.3626 0.1622, 0.1582 -0.3622 0.1655, 0.1584 -0.3619 0.1683, 0.1578 -0.3613 0.1729, 0.1567 -0.361 0.1756, 0.1553 -0.3607 0.1777, 0.1543 -0.3606 0.1787, 0.1484 -0.3602 0.1816, 0.1516 -0.3604 0.1804
            ]
        }
        coordIndex [
            0,1,2,-1,3,4,2,-1,2,4,5,-1,5,6,2,-1,2,6,7,-1,2,7,0,-1,1,8,2,-1,2,8,9,-1,2,9,10,-1,10,11,2,-1,2,11,12,-1,2,12,13,-1,13,14,2,-1,2,14,15,-1,2,15,16,-1,16,15,17,-1,
        ]
    }
}
Shape{
    appearance Appearance {
        material  Material 	{
            diffuseColor 1.0 1.0 1.0
            specularColor 0.5019607843137255 0.5019607843137255 0.5019607843137255
            ambientIntensity 1.0
            transparency 0.0
            shininess 0.5
        }
    }
    geometry IndexedFaceSet {
        ccw TRUE
        solid FALSE
        coord DEF co Coordinate {
            point [
                0.1758 -0.3663 0.1643, 0.1743 -0.3668 0.1601, 0.1882 -0.3663 0.1643, 0.1897 -0.3668 0.1601, 0.1814 -0.3645 0.1795, 0.1796 -0.3636 0.1868, 0.1654 -0.3681 0.15, 0.1707 -0.3681 0.15, 0.1817 -0.3643 0.1806, 0.182 -0.3641 0.1821, 0.1847 -0.3636 0.1868, 0.1821 -0.3641 0.1821, 0.1824 -0.3643 0.1806, 0.1826 -0.3645 0.1795, 0.1988 -0.3681 0.15, 0.1935 -0.3681 0.15, 0.1847 -0.3597 0.1863, 0.1988 -0.3642 0.1496, 0.1796 -0.3597 0.1863, 0.1654 -0.3642 0.1496, 0.1707 -0.3642 0.1496, 0.1743 -0.3629 0.1596, 0.1897 -0.3629 0.1596, 0.1935 -0.3642 0.1496, 0.1758 -0.3624 0.1638, 0.1882 -0.3624 0.1638, 0.1826 -0.3606 0.1791, 0.1821 -0.3602 0.1816, 0.1824 -0.3604 0.1801, 0.182 -0.3602 0.1816, 0.1814 -0.3606 0.1791, 0.1817 -0.3604 0.1802
            ]
        }
        coordIndex [
            0,1,2,-1,2,1,3,-1,4,5,0,-1,0,5,6,-1,0,6,1,-1,1,6,7,-1,4,8,5,-1,5,8,9,-1,5,9,10,-1,10,9,11,-1,10,11,12,-1,12,13,10,-1,10,13,2,-1,10,2,14,-1,14,2,3,-1,14,3,15,-1,10,14,16,-1,16,14,17,-1,5,10,18,-1,18,10,16,-1,6,5,19,-1,19,5,18,-1,7,6,20,-1,20,6,19,-1,1,7,21,-1,21,7,20,-1,3,1,22,-1,22,1,21,-1,15,3,23,-1,23,3,22,-1,14,15,17,-1,17,15,23,-1,0,2,24,-1,24,2,25,-1,2,13,25,-1,25,13,26,-1,11,27,28,-1,11,28,12,-1,12,28,26,-1,12,26,13,-1,11,9,27,-1,27,9,29,-1,4,30,31,-1,4,31,8,-1,8,31,29,-1,8,29,9,-1,4,0,30,-1,30,0,24,-1,
        ]
    }
}
Shape{
    appearance Appearance {
        material  Material 	{
            diffuseColor 0.25098039215686274 0.25098039215686274 0.25098039215686274
            specularColor 0.12549019607843137 0.12549019607843137 0.12549019607843137
            ambientIntensity 0.251
            transparency 0.0
            shininess 0.5
        }
    }
    geometry IndexedFaceSet {
        ccw TRUE
        solid FALSE
        coord DEF co Coordinate {
            point [
                0.1821 -0.3602 0.1816, 0.182 -0.3602 0.1816, 0.1824 -0.3604 0.1801, 0.1817 -0.3604 0.1802, 0.1826 -0.3606 0.1791, 0.1814 -0.3606 0.1791, 0.1882 -0.3624 0.1638, 0.1758 -0.3624 0.1638
            ]
        }
        coordIndex [
            0,1,2,-1,2,1,3,-1,2,3,4,-1,4,3,5,-1,4,5,6,-1,6,5,7,-1,
        ]
    }
}
Shape{
    appearance Appearance {
        material  Material 	{
            diffuseColor 1.0 1.0 1.0
            specularColor 0.5019607843137255 0.5019607843137255 0.5019607843137255
            ambientIntensity 1.0
            transparency 0.0
            shininess 0.5
        }
    }
    geometry IndexedFaceSet {
        ccw TRUE
        solid FALSE
        coord DEF co Coordinate {
            point [
                -0.1601 -0.3687 0.1448, -0.1562 -0.3693 0.14, -0.1625 -0.3659 0.168, -0.0673 -0.3602 0.2138, -0.0658 -0.3611 0.2067, -0.0528 -0.3594 0.2208, -0.167 -0.3603 0.2134, -0.1612 -0.3599 0.2165, -0.1619 -0.3579 0.2328, -0.1161 -0.3688 0.1438, -0.113 -0.3681 0.1496, -0.1115 -0.3673 0.1561, -0.1522 -0.3578 0.2339, -0.0745 -0.3643 0.1808, -0.0826 -0.3626 0.1946, -0.1114 -0.3667 0.1614, -0.1179 -0.3649 0.1763, -0.1114 -0.367 0.1588, -0.1255 -0.3698 0.1357, -0.1202 -0.3694 0.1393, -0.1445 -0.368 0.1507, -0.1424 -0.3682 0.1493, -0.151 -0.3698 0.1362, -0.1399 -0.3683 0.1485, -0.1682 -0.3655 0.1715, -0.1669 -0.3679 0.1517, -0.1627 -0.368 0.1504, -0.0637 -0.3611 0.2067, -0.0586 -0.3612 0.2061, -0.0515 -0.3594 0.2204, -0.054 -0.3614 0.2043, -0.0437 -0.3599 0.2165, -0.0365 -0.3607 0.2105, -0.1209 -0.3577 0.2347, -0.1345 -0.3564 0.2449, -0.1281 -0.3583 0.2295, -0.1407 -0.3571 0.2396, -0.134 -0.3592 0.2224, -0.1461 -0.3579 0.2334, -0.138 -0.3602 0.2143, -0.1547 -0.3597 0.218, -0.1519 -0.3597 0.2182, -0.1492 -0.3578 0.2337, -0.1458 -0.3598 0.2174, -0.1399 -0.3601 0.2153, -0.1481 -0.3672 0.157, -0.1475 -0.3675 0.1546, -0.1463 -0.3678 0.1525, -0.145 -0.3701 0.1336, -0.1387 -0.3702 0.1327, -0.138 -0.3683 0.1483, -0.1377 -0.3702 0.1326, -0.1357 -0.3683 0.1486, -0.1313 -0.3701 0.1334, -0.1333 -0.3682 0.1494, -0.1313 -0.368 0.1508, -0.1296 -0.3678 0.1527, -0.0365 -0.3667 0.1617, -0.0488 -0.3654 0.172, -0.0437 -0.3674 0.1556, -0.0527 -0.3658 0.1689, -0.0517 -0.3679 0.1517, -0.0574 -0.366 0.1668, -0.0605 -0.3681 0.1499, -0.0621 -0.3661 0.1659, -0.076 -0.3681 0.1499, -0.0739 -0.3661 0.1659, -0.0775 -0.3681 0.1501, -0.1775 -0.3622 0.1983, -0.1948 -0.3626 0.1947, -0.1783 -0.3629 0.192, -0.1949 -0.363 0.1915, -0.178 -0.3634 0.188, -0.1938 -0.3642 0.1819, -0.1761 -0.3642 0.1816, -0.1902 -0.3654 0.1721, -0.1729 -0.3649 0.1763, -0.1838 -0.3665 0.163, -0.1763 -0.3673 0.1565, -0.1283 -0.3666 0.1621, -0.1278 -0.3669 0.1597, -0.1278 -0.3672 0.1574, -0.1284 -0.3675 0.1549, -0.05 -0.3618 0.2015, -0.0469 -0.3622 0.1981, -0.0312 -0.3616 0.203, -0.0445 -0.3627 0.1936, -0.028 -0.3626 0.1951, -0.0432 -0.3634 0.1885, -0.0268 -0.3636 0.1865, -0.0431 -0.3636 0.1863, -0.028 -0.3647 0.1772, -0.0437 -0.3643 0.1812, -0.0313 -0.3658 0.1689, -0.0455 -0.3648 0.1765, -0.0484 -0.3653 0.1724, -0.1717 -0.3584 0.2292, -0.1805 -0.3591 0.2232, -0.1716 -0.3608 0.2094, -0.1825 -0.3593 0.2213, -0.1753 -0.3614 0.2042, -0.1885 -0.3603 0.2138, -0.1929 -0.3614 0.2045, -0.0714 -0.3592 0.2223, -0.0574 -0.3583 0.23, -0.0773 -0.3583 0.2294, -0.0657 -0.357 0.2402, -0.0781 -0.3583 0.2301, -0.0671 -0.3569 0.2415, -0.0855 -0.3576 0.2352, -0.0788 -0.3559 0.2493, -0.0938 -0.3572 0.2383, -0.0921 -0.3553 0.2539, -0.1027 -0.3571 0.2394, -0.1029 -0.3552 0.2551, -0.1122 -0.3573 0.2382, -0.116 -0.3554 0.2535, -0.1282 -0.356 0.2488, -0.1482 -0.3669 0.1596, -0.1476 -0.3666 0.1621, -0.1596 -0.3652 0.1736, -0.1464 -0.3663 0.1644, -0.1552 -0.3646 0.1785, -0.1447 -0.3661 0.1663, -0.1498 -0.3641 0.1822, -0.1426 -0.3659 0.1676, -0.144 -0.3639 0.1845, -0.1403 -0.3658 0.1685, -0.1377 -0.3638 0.1852, -0.138 -0.3658 0.1687, -0.1345 -0.3638 0.185, -0.1357 -0.3658 0.1685, -0.1281 -0.364 0.1835, -0.1333 -0.3659 0.1676, -0.1225 -0.3643 0.1805, -0.1312 -0.3661 0.1662, -0.1295 -0.3663 0.1643, -0.0753 -0.3661 0.1661, -0.0816 -0.3678 0.1526, -0.081 -0.3678 0.152, -0.0745 -0.3661 0.1659, -0.0793 -0.368 0.1508, -0.0837 -0.3671 0.158, -0.0834 -0.3673 0.1561, -0.0827 -0.3676 0.1543, -0.0775 -0.3661 0.1659, -0.0793 -0.3662 0.1652, -0.0836 -0.367 0.159, -0.081 -0.3664 0.164, -0.0821 -0.3665 0.1628, -0.0831 -0.3667 0.161, -0.0755 -0.3661 0.1661, -0.0268 -0.3597 0.186, -0.028 -0.3586 0.1946, -0.0289 -0.3584 0.1968, -0.0312 -0.3577 0.2026, -0.0365 -0.3568 0.21, -0.0437 -0.356 0.216, -0.0515 -0.3555 0.2199, -0.0528 -0.3555 0.2203, -0.0574 -0.3544 0.2295, -0.0657 -0.3531 0.2397, -0.0671 -0.3529 0.241, -0.0731 -0.3525 0.245, -0.0788 -0.352 0.2488, -0.0921 -0.3514 0.2535, -0.1029 -0.3513 0.2546, -0.1345 -0.3525 0.2444, -0.1335 -0.3525 0.245, -0.1282 -0.352 0.2483, -0.116 -0.3515 0.253, -0.1407 -0.3532 0.2391, -0.1461 -0.3539 0.2329, -0.1492 -0.3539 0.2332, -0.1522 -0.3539 0.2334, -0.1619 -0.354 0.2323, -0.1717 -0.3545 0.2287, -0.1805 -0.3552 0.2227, -0.1825 -0.3554 0.2208, -0.1929 -0.3575 0.204, -0.1885 -0.3563 0.2133, -0.1943 -0.3584 0.1968, -0.1948 -0.3587 0.1942, -0.1949 -0.3591 0.191, -0.1938 -0.3603 0.1814, -0.1902 -0.3615 0.1717, -0.1838 -0.3626 0.1625, -0.1763 -0.3634 0.156, -0.1669 -0.364 0.1512, -0.1627 -0.3641 0.1499, -0.1624 -0.3642 0.1492, -0.1601 -0.3648 0.1443, -0.1562 -0.3654 0.1395, -0.151 -0.3659 0.1357, -0.1486 -0.366 0.1347, -0.145 -0.3662 0.1331, -0.1387 -0.3663 0.1322, -0.1377 -0.3663 0.1322, -0.1114 -0.3631 0.1583, -0.1313 -0.3662 0.1329, -0.1268 -0.366 0.1347, -0.1255 -0.3659 0.1352, -0.1202 -0.3655 0.1388, -0.1161 -0.3649 0.1433, -0.113 -0.3642 0.1492, -0.113 -0.3642 0.1492, -0.1115 -0.3634 0.1556, -0.1114 -0.3628 0.1609, -0.0745 -0.3604 0.1803, -0.0826 -0.3587 0.1942, -0.1179 -0.3609 0.1758, -0.1225 -0.3604 0.18, -0.1281 -0.3601 0.183, -0.1345 -0.3599 0.1846, -0.1377 -0.3599 0.1847, -0.144 -0.3599 0.184, -0.1498 -0.3602 0.1818, -0.1552 -0.3607 0.1781, -0.1596 -0.3613 0.1731, -0.1625 -0.362 0.1675, -0.1682 -0.3615 0.171, -0.1729 -0.361 0.1758, -0.1761 -0.3603 0.1811, -0.178 -0.3595 0.1875, -0.1783 -0.359 0.1915, -0.1776 -0.3584 0.1968, -0.1775 -0.3582 0.1979, -0.1753 -0.3575 0.2037, -0.1716 -0.3569 0.2089, -0.167 -0.3564 0.213, -0.1612 -0.356 0.216, -0.1547 -0.3558 0.2176, -0.1519 -0.3558 0.2177, -0.1458 -0.3559 0.217, -0.1399 -0.3562 0.2148, -0.138 -0.3563 0.2138, -0.134 -0.3553 0.222, -0.1281 -0.3544 0.229, -0.1209 -0.3538 0.2342, -0.1122 -0.3534 0.2377, -0.1027 -0.3532 0.2389, -0.0938 -0.3533 0.2378, -0.0855 -0.3537 0.2347, -0.0781 -0.3543 0.2296, -0.0773 -0.3544 0.2289, -0.0714 -0.3553 0.2218, -0.0673 -0.3563 0.2134, -0.0658 -0.3572 0.2062, -0.0637 -0.3572 0.2062, -0.0586 -0.3573 0.2056, -0.054 -0.3575 0.2038, -0.05 -0.3579 0.201, -0.0469 -0.3583 0.1976, -0.0465 -0.3584 0.1968, -0.0445 -0.3588 0.1931, -0.0432 -0.3594 0.1881, -0.0431 -0.3597 0.1858, -0.0437 -0.3604 0.1807, -0.0455 -0.3609 0.176, -0.0484 -0.3614 0.172, -0.0488 -0.3615 0.1716, -0.0527 -0.3619 0.1684, -0.0574 -0.3621 0.1663, -0.0621 -0.3622 0.1654, -0.0739 -0.3622 0.1654, -0.0745 -0.3622 0.1655, -0.0753 -0.3622 0.1656, -0.0755 -0.3622 0.1656, -0.0775 -0.3622 0.1654, -0.0793 -0.3623 0.1647, -0.081 -0.3625 0.1636, -0.0821 -0.3626 0.1623, -0.0831 -0.3628 0.1605, -0.0836 -0.3631 0.1585, -0.0837 -0.3632 0.1575, -0.0834 -0.3634 0.1556, -0.0827 -0.3637 0.1538, -0.0816 -0.3639 0.1522, -0.081 -0.3639 0.1516, -0.0793 -0.3641 0.1503, -0.0775 -0.3642 0.1497, -0.076 -0.3642 0.1494, -0.0605 -0.3642 0.1494, -0.0517 -0.364 0.1513, -0.0437 -0.3635 0.1552, -0.0365 -0.3627 0.1612, -0.0313 -0.3619 0.1684, -0.028 -0.3608 0.1767, -0.138 -0.3619 0.1683, -0.1357 -0.3619 0.168, -0.1333 -0.362 0.1671, -0.1312 -0.3622 0.1657, -0.1295 -0.3624 0.1638, -0.1283 -0.3627 0.1616, -0.1278 -0.363 0.1592, -0.1278 -0.3633 0.157, -0.1284 -0.3636 0.1544, -0.1296 -0.3639 0.1522, -0.1313 -0.3641 0.1503, -0.1333 -0.3642 0.1489, -0.1357 -0.3644 0.1481, -0.138 -0.3644 0.1479, -0.1399 -0.3644 0.148, -0.1424 -0.3643 0.1488, -0.1445 -0.3641 0.1502, -0.1463 -0.3639 0.152, -0.1475 -0.3636 0.1542, -0.1481 -0.3633 0.1565, -0.1482 -0.363 0.1591, -0.1476 -0.3627 0.1616, -0.1464 -0.3624 0.1639, -0.1447 -0.3622 0.1658, -0.1426 -0.362 0.1672, -0.1403 -0.3619 0.168
            ]
        }
        coordIndex [
            0,1,2,-1,3,4,5,-1,6,7,8,-1,9,10,11,-1,8,7,12,-1,13,14,15,-1,15,14,16,-1,15,16,17,-1,17,16,18,-1,17,18,11,-1,11,18,19,-1,11,19,9,-1,20,1,21,-1,21,1,22,-1,21,22,23,-1,24,25,2,-1,2,25,26,-1,2,26,0,-1,4,27,5,-1,5,27,28,-1,5,28,29,-1,29,28,30,-1,29,30,31,-1,31,30,32,-1,33,34,35,-1,35,34,36,-1,35,36,37,-1,37,36,38,-1,37,38,39,-1,7,40,12,-1,12,40,41,-1,12,41,42,-1,42,41,43,-1,42,43,38,-1,38,43,44,-1,38,44,39,-1,45,2,46,-1,46,2,1,-1,46,1,47,-1,47,1,20,-1,22,48,23,-1,23,48,49,-1,23,49,50,-1,50,49,51,-1,50,51,52,-1,52,51,53,-1,52,53,54,-1,54,53,18,-1,54,18,55,-1,55,18,56,-1,57,58,59,-1,59,58,60,-1,59,60,61,-1,61,60,62,-1,61,62,63,-1,63,62,64,-1,63,64,65,-1,65,64,66,-1,65,66,67,-1,68,69,70,-1,70,69,71,-1,70,71,72,-1,72,71,73,-1,72,73,74,-1,74,73,75,-1,74,75,76,-1,76,75,77,-1,76,77,24,-1,24,77,78,-1,24,78,25,-1,79,80,16,-1,16,80,81,-1,16,81,18,-1,18,81,82,-1,18,82,56,-1,30,83,32,-1,32,83,84,-1,32,84,85,-1,85,84,86,-1,85,86,87,-1,87,86,88,-1,87,88,89,-1,89,88,90,-1,89,90,91,-1,91,90,92,-1,91,92,93,-1,93,92,94,-1,93,94,57,-1,57,94,95,-1,57,95,58,-1,8,96,6,-1,6,96,97,-1,6,97,98,-1,98,97,99,-1,98,99,100,-1,100,99,101,-1,100,101,68,-1,68,101,102,-1,68,102,69,-1,3,5,103,-1,103,5,104,-1,103,104,105,-1,105,104,106,-1,105,106,107,-1,107,106,108,-1,107,108,109,-1,109,108,110,-1,109,110,111,-1,111,110,112,-1,111,112,113,-1,113,112,114,-1,113,114,115,-1,115,114,116,-1,115,116,33,-1,33,116,117,-1,33,117,34,-1,45,118,2,-1,2,118,119,-1,2,119,120,-1,120,119,121,-1,120,121,122,-1,122,121,123,-1,122,123,124,-1,124,123,125,-1,124,125,126,-1,126,125,127,-1,126,127,128,-1,128,127,129,-1,128,129,130,-1,130,129,131,-1,130,131,132,-1,132,131,133,-1,132,133,134,-1,134,133,135,-1,134,135,16,-1,16,135,136,-1,16,136,79,-1,137,138,139,-1,66,140,67,-1,67,140,137,-1,67,137,141,-1,141,137,139,-1,142,143,137,-1,137,143,144,-1,137,144,138,-1,145,146,147,-1,146,148,147,-1,147,148,149,-1,147,149,150,-1,142,137,147,-1,147,137,151,-1,147,151,145,-1,89,152,153,-1,89,153,87,-1,87,153,154,-1,87,154,85,-1,154,155,85,-1,85,155,156,-1,85,156,32,-1,32,156,157,-1,32,157,31,-1,31,157,158,-1,31,158,29,-1,29,158,159,-1,29,159,5,-1,5,159,160,-1,5,160,104,-1,104,160,161,-1,104,161,106,-1,106,161,162,-1,106,162,108,-1,108,162,110,-1,110,162,163,-1,163,164,110,-1,110,164,165,-1,110,165,112,-1,112,165,166,-1,112,166,114,-1,167,34,168,-1,168,34,117,-1,168,117,169,-1,169,117,116,-1,169,116,170,-1,170,116,114,-1,170,114,166,-1,34,167,171,-1,34,171,36,-1,36,171,172,-1,36,172,38,-1,38,172,173,-1,38,173,42,-1,42,173,174,-1,42,174,12,-1,12,174,175,-1,12,175,8,-1,8,175,176,-1,8,176,96,-1,96,176,177,-1,96,177,97,-1,97,177,178,-1,97,178,99,-1,179,101,180,-1,180,101,99,-1,180,99,178,-1,181,69,179,-1,179,69,102,-1,179,102,101,-1,181,182,69,-1,69,182,183,-1,69,183,71,-1,71,183,184,-1,71,184,73,-1,73,184,185,-1,73,185,75,-1,75,185,186,-1,75,186,77,-1,77,186,187,-1,77,187,78,-1,78,187,188,-1,78,188,25,-1,25,188,189,-1,25,189,26,-1,26,189,190,-1,26,190,0,-1,190,191,0,-1,0,191,192,-1,0,192,1,-1,1,192,193,-1,1,193,22,-1,22,193,194,-1,22,194,48,-1,194,195,48,-1,48,195,196,-1,48,196,49,-1,49,196,197,-1,49,197,51,-1,198,17,11,-1,51,197,199,-1,51,199,53,-1,53,199,200,-1,53,200,18,-1,200,201,18,-1,18,201,202,-1,18,202,19,-1,19,202,203,-1,19,203,9,-1,9,203,204,-1,9,204,10,-1,10,204,205,-1,10,205,11,-1,11,205,206,-1,11,206,198,-1,15,17,207,-1,207,17,198,-1,13,15,208,-1,208,15,207,-1,14,13,209,-1,209,13,208,-1,16,14,210,-1,210,14,209,-1,16,210,211,-1,16,211,134,-1,134,211,212,-1,134,212,132,-1,132,212,213,-1,132,213,130,-1,130,213,214,-1,130,214,128,-1,128,214,215,-1,128,215,126,-1,126,215,216,-1,126,216,124,-1,124,216,217,-1,124,217,122,-1,122,217,218,-1,122,218,120,-1,120,218,219,-1,120,219,2,-1,2,219,220,-1,2,220,24,-1,24,220,221,-1,24,221,76,-1,76,221,222,-1,76,222,74,-1,74,222,223,-1,74,223,72,-1,72,223,224,-1,72,224,70,-1,224,225,70,-1,70,225,68,-1,225,226,68,-1,68,226,227,-1,68,227,100,-1,100,227,228,-1,100,228,98,-1,98,228,229,-1,98,229,6,-1,6,229,230,-1,6,230,7,-1,7,230,231,-1,7,231,40,-1,40,231,232,-1,40,232,41,-1,41,232,233,-1,41,233,43,-1,43,233,234,-1,43,234,44,-1,44,234,235,-1,44,235,39,-1,39,235,236,-1,39,236,37,-1,37,236,237,-1,37,237,35,-1,35,237,238,-1,35,238,33,-1,33,238,239,-1,33,239,115,-1,115,239,240,-1,115,240,113,-1,113,240,241,-1,113,241,111,-1,111,241,242,-1,111,242,109,-1,109,242,243,-1,109,243,107,-1,107,243,244,-1,107,244,105,-1,105,244,245,-1,105,245,103,-1,103,245,246,-1,103,246,3,-1,3,246,247,-1,3,247,4,-1,27,4,248,-1,248,4,247,-1,27,248,249,-1,27,249,28,-1,28,249,250,-1,28,250,30,-1,30,250,251,-1,30,251,83,-1,83,251,252,-1,83,252,84,-1,84,252,253,-1,84,253,86,-1,253,254,86,-1,86,254,255,-1,86,255,88,-1,88,255,256,-1,88,256,90,-1,90,256,257,-1,90,257,92,-1,92,257,258,-1,92,258,94,-1,94,258,259,-1,94,259,95,-1,95,259,260,-1,95,260,58,-1,58,260,261,-1,58,261,60,-1,60,261,262,-1,60,262,62,-1,62,262,263,-1,62,263,64,-1,66,64,264,-1,264,64,263,-1,66,264,265,-1,66,265,140,-1,140,265,266,-1,140,266,137,-1,137,266,267,-1,137,267,151,-1,151,267,268,-1,151,268,145,-1,145,268,269,-1,145,269,146,-1,146,269,270,-1,146,270,148,-1,148,270,271,-1,148,271,149,-1,149,271,272,-1,149,272,150,-1,150,272,273,-1,150,273,147,-1,147,273,274,-1,147,274,142,-1,142,274,275,-1,142,275,143,-1,143,275,276,-1,143,276,144,-1,144,276,277,-1,144,277,138,-1,138,277,278,-1,138,278,139,-1,139,278,279,-1,139,279,141,-1,141,279,280,-1,141,280,67,-1,67,280,281,-1,67,281,65,-1,63,65,282,-1,282,65,281,-1,63,282,283,-1,63,283,61,-1,61,283,284,-1,61,284,59,-1,59,284,285,-1,59,285,57,-1,57,285,286,-1,57,286,93,-1,93,286,287,-1,93,287,91,-1,91,287,152,-1,91,152,89,-1,129,288,289,-1,129,289,131,-1,131,289,290,-1,131,290,133,-1,133,290,291,-1,133,291,135,-1,135,291,292,-1,135,292,136,-1,136,292,293,-1,136,293,79,-1,79,293,294,-1,79,294,80,-1,80,294,295,-1,80,295,81,-1,81,295,296,-1,81,296,82,-1,82,296,297,-1,82,297,56,-1,56,297,298,-1,56,298,55,-1,55,298,299,-1,55,299,54,-1,54,299,300,-1,54,300,52,-1,52,300,301,-1,52,301,50,-1,50,301,302,-1,50,302,23,-1,23,302,303,-1,23,303,21,-1,21,303,304,-1,21,304,20,-1,20,304,305,-1,20,305,47,-1,47,305,306,-1,47,306,46,-1,46,306,307,-1,46,307,45,-1,45,307,308,-1,45,308,118,-1,118,308,309,-1,118,309,119,-1,119,309,310,-1,119,310,121,-1,121,310,311,-1,121,311,123,-1,123,311,312,-1,123,312,125,-1,125,312,313,-1,125,313,127,-1,127,313,288,-1,127,288,129,-1,
        ]
    }
}
Shape{
    appearance Appearance {
        material  Material 	{
            diffuseColor 0.25098039215686274 0.25098039215686274 0.25098039215686274
            specularColor 0.12549019607843137 0.12549019607843137 0.12549019607843137
            ambientIntensity 0.251
            transparency 0.0
            shininess 0.5
        }
    }
    geometry IndexedFaceSet {
        ccw TRUE
        solid FALSE
        coord DEF co Coordinate {
            point [
                -0.1399 -0.3644 0.148, -0.138 -0.3644 0.1479, -0.138 -0.3619 0.1683, -0.1333 -0.3642 0.1489, -0.1278 -0.3633 0.157, -0.1357 -0.3644 0.1481, -0.1278 -0.363 0.1592, -0.1283 -0.3627 0.1616, -0.1295 -0.3624 0.1638, -0.1312 -0.3622 0.1657, -0.1426 -0.362 0.1672, -0.1463 -0.3639 0.152, -0.1445 -0.3641 0.1502, -0.1333 -0.362 0.1671, -0.1357 -0.3619 0.168, -0.1475 -0.3636 0.1542, -0.1447 -0.3622 0.1658, -0.1481 -0.3633 0.1565, -0.1403 -0.3619 0.168, -0.1424 -0.3643 0.1488, -0.1313 -0.3641 0.1503, -0.1296 -0.3639 0.1522, -0.1284 -0.3636 0.1544, -0.1482 -0.363 0.1591, -0.1464 -0.3624 0.1639, -0.1476 -0.3627 0.1616
            ]
        }
        coordIndex [
            0,1,2,-1,3,4,5,-1,5,4,6,-1,5,6,1,-1,6,7,1,-1,1,7,8,-1,1,8,9,-1,10,11,12,-1,9,13,1,-1,1,13,14,-1,1,14,2,-1,11,10,15,-1,15,10,16,-1,15,16,17,-1,2,18,0,-1,0,18,10,-1,0,10,19,-1,19,10,12,-1,3,20,4,-1,4,20,21,-1,4,21,22,-1,17,16,23,-1,23,16,24,-1,23,24,25,-1,
        ]
    }
}