#VRML V2.0 utf8
# 3D model generated by easyeda2kicad.py (https://github.com/uPesy/easyeda2kicad.py)

Shape{
    appearance Appearance {
        material  Material 	{
            diffuseColor 0.7529411764705882 0.7529411764705882 0.7529411764705882
            specularColor 0.7529411764705882 0.7529411764705882 0.7529411764705882
            ambientIntensity 0.7529
            transparency 0.0
            shininess 0.5
        }
    }
    geometry IndexedFaceSet {
        ccw TRUE
        solid FALSE
        coord DEF co Coordinate {
            point [
                -0.5118 0.7874 0.0787, -0.5118 0.7874 0.0, -0.5118 0.6496 0.0787, -0.5118 0.6496 0.0, -0.4331 0.7874 0.0787, -0.4331 0.7874 0.0, -0.4331 0.6496 0.0787, -0.4331 0.6496 0.0, -0.7874 0.5118 0.0787, -0.7874 0.5118 0.0, -0.7874 0.4331 0.0787, -0.7874 0.4331 0.0, -0.6496 0.5118 0.0787, -0.6496 0.5118 0.0, -0.6496 0.4331 0.0787, -0.6496 0.4331 0.0, -0.5118 -0.7874 0.0787, -0.5118 -0.7874 0.0, -0.4331 -0.7874 0.0787, -0.4331 -0.7874 0.0, -0.5118 -0.6496 0.0787, -0.5118 -0.6496 0.0, -0.4331 -0.6496 0.0787, -0.4331 -0.6496 0.0, 0.7874 0.5118 0.0787, 0.7874 0.5118 0.0, 0.6496 0.5118 0.0787, 0.6496 0.5118 0.0, 0.7874 0.4331 0.0787, 0.7874 0.4331 0.0, 0.6496 0.4331 0.0787, 0.6496 0.4331 0.0, 0.5315 -0.5315 0.0787, 0.5315 -0.5315 0.0, 0.5315 0.5315 0.0787, 0.5315 0.5315 0.0, -0.5315 -0.5315 0.0787, -0.5315 -0.5315 0.0, -0.5315 0.4134 0.0787, -0.5315 0.4134 0.0, -0.4134 0.5315 0.0787, -0.4134 0.5315 0.0, -0.2756 0.7874 0.0787, -0.2756 0.7874 0.0, -0.3543 0.7874 0.0787, -0.3543 0.7874 0.0, -0.2756 0.6496 0.0787, -0.2756 0.6496 0.0, -0.3543 0.6496 0.0787, -0.3543 0.6496 0.0, -0.3543 -0.7874 0.0787, -0.3543 -0.7874 0.0, -0.2756 -0.7874 0.0787, -0.2756 -0.7874 0.0, -0.3543 -0.6496 0.0787, -0.3543 -0.6496 0.0, -0.2756 -0.6496 0.0787, -0.2756 -0.6496 0.0, -0.1181 0.7874 0.0787, -0.1181 0.7874 0.0, -0.1969 0.7874 0.0787, -0.1969 0.7874 0.0, -0.1181 0.6496 0.0787, -0.1181 0.6496 0.0, -0.1969 0.6496 0.0787, -0.1969 0.6496 0.0, -0.1969 -0.7874 0.0787, -0.1969 -0.7874 0.0, -0.1181 -0.7874 0.0787, -0.1181 -0.7874 0.0, -0.1969 -0.6496 0.0787, -0.1969 -0.6496 0.0, -0.1181 -0.6496 0.0787, -0.1181 -0.6496 0.0, 0.0394 0.7874 0.0787, 0.0394 0.7874 0.0, -0.0394 0.7874 0.0787, -0.0394 0.7874 0.0, 0.0394 0.6496 0.0787, 0.0394 0.6496 0.0, -0.0394 0.6496 0.0787, -0.0394 0.6496 0.0, -0.0394 -0.7874 0.0787, -0.0394 -0.7874 0.0, 0.0394 -0.7874 0.0787, 0.0394 -0.7874 0.0, -0.0394 -0.6496 0.0787, -0.0394 -0.6496 0.0, 0.0394 -0.6496 0.0787, 0.0394 -0.6496 0.0, 0.1969 0.7874 0.0787, 0.1969 0.7874 0.0, 0.1181 0.7874 0.0787, 0.1181 0.7874 0.0, 0.1969 0.6496 0.0787, 0.1969 0.6496 0.0, 0.1181 0.6496 0.0787, 0.1181 0.6496 0.0, 0.1181 -0.7874 0.0787, 0.1181 -0.7874 0.0, 0.1969 -0.7874 0.0787, 0.1969 -0.7874 0.0, 0.1181 -0.6496 0.0787, 0.1181 -0.6496 0.0, 0.1969 -0.6496 0.0787, 0.1969 -0.6496 0.0, 0.3543 0.7874 0.0787, 0.3543 0.7874 0.0, 0.2756 0.7874 0.0787, 0.2756 0.7874 0.0, 0.3543 0.6496 0.0787, 0.3543 0.6496 0.0, 0.2756 0.6496 0.0787, 0.2756 0.6496 0.0, 0.2756 -0.7874 0.0787, 0.2756 -0.7874 0.0, 0.3543 -0.7874 0.0787, 0.3543 -0.7874 0.0, 0.2756 -0.6496 0.0787, 0.2756 -0.6496 0.0, 0.3543 -0.6496 0.0787, 0.3543 -0.6496 0.0, 0.5118 0.7874 0.0787, 0.5118 0.7874 0.0, 0.4331 0.7874 0.0787, 0.4331 0.7874 0.0, 0.5118 0.6496 0.0787, 0.5118 0.6496 0.0, 0.4331 0.6496 0.0787, 0.4331 0.6496 0.0, 0.4331 -0.7874 0.0787, 0.4331 -0.7874 0.0, 0.5118 -0.7874 0.0787, 0.5118 -0.7874 0.0, 0.4331 -0.6496 0.0787, 0.4331 -0.6496 0.0, 0.5118 -0.6496 0.0787, 0.5118 -0.6496 0.0, -0.7874 0.3543 0.0787, -0.7874 0.3543 0.0, -0.7874 0.2756 0.0787, -0.7874 0.2756 0.0, -0.6496 0.3543 0.0787, -0.6496 0.3543 0.0, -0.6496 0.2756 0.0787, -0.6496 0.2756 0.0, 0.6496 0.3543 0.0787, 0.6496 0.3543 0.0, 0.6496 0.2756 0.0787, 0.6496 0.2756 0.0, 0.7874 0.3543 0.0787, 0.7874 0.3543 0.0, 0.7874 0.2756 0.0787, 0.7874 0.2756 0.0, -0.7874 0.1969 0.0787, -0.7874 0.1969 0.0, -0.7874 0.1181 0.0787, -0.7874 0.1181 0.0, -0.6496 0.1969 0.0787, -0.6496 0.1969 0.0, -0.6496 0.1181 0.0787, -0.6496 0.1181 0.0, 0.6496 0.1969 0.0787, 0.6496 0.1969 0.0, 0.6496 0.1181 0.0787, 0.6496 0.1181 0.0, 0.7874 0.1969 0.0787, 0.7874 0.1969 0.0, 0.7874 0.1181 0.0787, 0.7874 0.1181 0.0, -0.7874 0.0394 0.0787, -0.7874 0.0394 0.0, -0.7874 -0.0394 0.0787, -0.7874 -0.0394 0.0, -0.6496 0.0394 0.0787, -0.6496 0.0394 0.0, -0.6496 -0.0394 0.0787, -0.6496 -0.0394 0.0, 0.6496 0.0394 0.0787, 0.6496 0.0394 0.0, 0.6496 -0.0394 0.0787, 0.6496 -0.0394 0.0, 0.7874 0.0394 0.0787, 0.7874 0.0394 0.0, 0.7874 -0.0394 0.0787, 0.7874 -0.0394 0.0, -0.7874 -0.1181 0.0787, -0.7874 -0.1181 0.0, -0.7874 -0.1969 0.0787, -0.7874 -0.1969 0.0, -0.6496 -0.1181 0.0787, -0.6496 -0.1181 0.0, -0.6496 -0.1969 0.0787, -0.6496 -0.1969 0.0, 0.6496 -0.1181 0.0787, 0.6496 -0.1181 0.0, 0.6496 -0.1969 0.0787, 0.6496 -0.1969 0.0, 0.7874 -0.1181 0.0787, 0.7874 -0.1181 0.0, 0.7874 -0.1969 0.0787, 0.7874 -0.1969 0.0, -0.7874 -0.2756 0.0787, -0.7874 -0.2756 0.0, -0.7874 -0.3543 0.0787, -0.7874 -0.3543 0.0, -0.6496 -0.2756 0.0787, -0.6496 -0.2756 0.0, -0.6496 -0.3543 0.0787, -0.6496 -0.3543 0.0, 0.6496 -0.2756 0.0787, 0.6496 -0.2756 0.0, 0.6496 -0.3543 0.0787, 0.6496 -0.3543 0.0, 0.7874 -0.2756 0.0787, 0.7874 -0.2756 0.0, 0.7874 -0.3543 0.0787, 0.7874 -0.3543 0.0, -0.7874 -0.4331 0.0787, -0.7874 -0.4331 0.0, -0.7874 -0.5118 0.0787, -0.7874 -0.5118 0.0, -0.6496 -0.4331 0.0787, -0.6496 -0.4331 0.0, -0.6496 -0.5118 0.0787, -0.6496 -0.5118 0.0, 0.6496 -0.4331 0.0787, 0.6496 -0.4331 0.0, 0.6496 -0.5118 0.0787, 0.6496 -0.5118 0.0, 0.7874 -0.4331 0.0787, 0.7874 -0.4331 0.0, 0.7874 -0.5118 0.0787, 0.7874 -0.5118 0.0
            ]
        }
        coordIndex [
            0,1,2,-1,2,1,3,-1,4,5,0,-1,0,5,1,-1,6,7,4,-1,4,7,5,-1,2,3,6,-1,6,3,7,-1,5,7,1,-1,1,7,3,-1,6,4,2,-1,2,4,0,-1,8,9,10,-1,10,9,11,-1,12,13,8,-1,8,13,9,-1,14,15,12,-1,12,15,13,-1,10,11,14,-1,14,11,15,-1,13,15,9,-1,9,15,11,-1,14,12,10,-1,10,12,8,-1,16,17,18,-1,18,17,19,-1,20,21,16,-1,16,21,17,-1,22,23,20,-1,20,23,21,-1,18,19,22,-1,22,19,23,-1,21,23,17,-1,17,23,19,-1,22,20,18,-1,18,20,16,-1,24,25,26,-1,26,25,27,-1,28,29,24,-1,24,29,25,-1,30,31,28,-1,28,31,29,-1,26,27,30,-1,30,27,31,-1,29,31,25,-1,25,31,27,-1,30,28,26,-1,26,28,24,-1,32,33,34,-1,34,33,35,-1,36,37,32,-1,32,37,33,-1,38,39,36,-1,36,39,37,-1,40,41,38,-1,38,41,39,-1,34,35,40,-1,40,35,41,-1,41,35,39,-1,39,35,33,-1,39,33,37,-1,38,36,40,-1,40,36,32,-1,40,32,34,-1,42,43,44,-1,44,43,45,-1,46,47,42,-1,42,47,43,-1,48,49,46,-1,46,49,47,-1,44,45,48,-1,48,45,49,-1,47,49,43,-1,43,49,45,-1,48,46,44,-1,44,46,42,-1,50,51,52,-1,52,51,53,-1,54,55,50,-1,50,55,51,-1,56,57,54,-1,54,57,55,-1,52,53,56,-1,56,53,57,-1,55,57,51,-1,51,57,53,-1,56,54,52,-1,52,54,50,-1,58,59,60,-1,60,59,61,-1,62,63,58,-1,58,63,59,-1,64,65,62,-1,62,65,63,-1,60,61,64,-1,64,61,65,-1,63,65,59,-1,59,65,61,-1,64,62,60,-1,60,62,58,-1,66,67,68,-1,68,67,69,-1,70,71,66,-1,66,71,67,-1,72,73,70,-1,70,73,71,-1,68,69,72,-1,72,69,73,-1,71,73,67,-1,67,73,69,-1,72,70,68,-1,68,70,66,-1,74,75,76,-1,76,75,77,-1,78,79,74,-1,74,79,75,-1,80,81,78,-1,78,81,79,-1,76,77,80,-1,80,77,81,-1,79,81,75,-1,75,81,77,-1,80,78,76,-1,76,78,74,-1,82,83,84,-1,84,83,85,-1,86,87,82,-1,82,87,83,-1,88,89,86,-1,86,89,87,-1,84,85,88,-1,88,85,89,-1,87,89,83,-1,83,89,85,-1,88,86,84,-1,84,86,82,-1,90,91,92,-1,92,91,93,-1,94,95,90,-1,90,95,91,-1,96,97,94,-1,94,97,95,-1,92,93,96,-1,96,93,97,-1,95,97,91,-1,91,97,93,-1,96,94,92,-1,92,94,90,-1,98,99,100,-1,100,99,101,-1,102,103,98,-1,98,103,99,-1,104,105,102,-1,102,105,103,-1,100,101,104,-1,104,101,105,-1,103,105,99,-1,99,105,101,-1,104,102,100,-1,100,102,98,-1,106,107,108,-1,108,107,109,-1,110,111,106,-1,106,111,107,-1,112,113,110,-1,110,113,111,-1,108,109,112,-1,112,109,113,-1,111,113,107,-1,107,113,109,-1,112,110,108,-1,108,110,106,-1,114,115,116,-1,116,115,117,-1,118,119,114,-1,114,119,115,-1,120,121,118,-1,118,121,119,-1,116,117,120,-1,120,117,121,-1,119,121,115,-1,115,121,117,-1,120,118,116,-1,116,118,114,-1,122,123,124,-1,124,123,125,-1,126,127,122,-1,122,127,123,-1,128,129,126,-1,126,129,127,-1,124,125,128,-1,128,125,129,-1,127,129,123,-1,123,129,125,-1,128,126,124,-1,124,126,122,-1,130,131,132,-1,132,131,133,-1,134,135,130,-1,130,135,131,-1,136,137,134,-1,134,137,135,-1,132,133,136,-1,136,133,137,-1,135,137,131,-1,131,137,133,-1,136,134,132,-1,132,134,130,-1,138,139,140,-1,140,139,141,-1,142,143,138,-1,138,143,139,-1,144,145,142,-1,142,145,143,-1,140,141,144,-1,144,141,145,-1,143,145,139,-1,139,145,141,-1,144,142,140,-1,140,142,138,-1,146,147,148,-1,148,147,149,-1,150,151,146,-1,146,151,147,-1,152,153,150,-1,150,153,151,-1,148,149,152,-1,152,149,153,-1,151,153,147,-1,147,153,149,-1,152,150,148,-1,148,150,146,-1,154,155,156,-1,156,155,157,-1,158,159,154,-1,154,159,155,-1,160,161,158,-1,158,161,159,-1,156,157,160,-1,160,157,161,-1,159,161,155,-1,155,161,157,-1,160,158,156,-1,156,158,154,-1,162,163,164,-1,164,163,165,-1,166,167,162,-1,162,167,163,-1,168,169,166,-1,166,169,167,-1,164,165,168,-1,168,165,169,-1,167,169,163,-1,163,169,165,-1,168,166,164,-1,164,166,162,-1,170,171,172,-1,172,171,173,-1,174,175,170,-1,170,175,171,-1,176,177,174,-1,174,177,175,-1,172,173,176,-1,176,173,177,-1,175,177,171,-1,171,177,173,-1,176,174,172,-1,172,174,170,-1,178,179,180,-1,180,179,181,-1,182,183,178,-1,178,183,179,-1,184,185,182,-1,182,185,183,-1,180,181,184,-1,184,181,185,-1,183,185,179,-1,179,185,181,-1,184,182,180,-1,180,182,178,-1,186,187,188,-1,188,187,189,-1,190,191,186,-1,186,191,187,-1,192,193,190,-1,190,193,191,-1,188,189,192,-1,192,189,193,-1,191,193,187,-1,187,193,189,-1,192,190,188,-1,188,190,186,-1,194,195,196,-1,196,195,197,-1,198,199,194,-1,194,199,195,-1,200,201,198,-1,198,201,199,-1,196,197,200,-1,200,197,201,-1,199,201,195,-1,195,201,197,-1,200,198,196,-1,196,198,194,-1,202,203,204,-1,204,203,205,-1,206,207,202,-1,202,207,203,-1,208,209,206,-1,206,209,207,-1,204,205,208,-1,208,205,209,-1,207,209,203,-1,203,209,205,-1,208,206,204,-1,204,206,202,-1,210,211,212,-1,212,211,213,-1,214,215,210,-1,210,215,211,-1,216,217,214,-1,214,217,215,-1,212,213,216,-1,216,213,217,-1,215,217,211,-1,211,217,213,-1,216,214,212,-1,212,214,210,-1,218,219,220,-1,220,219,221,-1,222,223,218,-1,218,223,219,-1,224,225,222,-1,222,225,223,-1,220,221,224,-1,224,221,225,-1,223,225,219,-1,219,225,221,-1,224,222,220,-1,220,222,218,-1,226,227,228,-1,228,227,229,-1,230,231,226,-1,226,231,227,-1,232,233,230,-1,230,233,231,-1,228,229,232,-1,232,229,233,-1,231,233,227,-1,227,233,229,-1,232,230,228,-1,228,230,226,-1,
        ]
    }
}
Shape{
    appearance Appearance {
        material  Material 	{
            diffuseColor 0.25098039215686274 0.25098039215686274 0.25098039215686274
            specularColor 0.25098039215686274 0.25098039215686274 0.25098039215686274
            ambientIntensity 0.251
            transparency 0.0
            shininess 0.5
        }
    }
    geometry IndexedFaceSet {
        ccw TRUE
        solid FALSE
        coord DEF co Coordinate {
            point [
                0.7283 -0.7874 0.3425, 0.7874 -0.7874 0.3425, 0.7874 -0.6461 0.3425, 0.6349 -0.7874 0.3425, 0.7283 -0.6461 0.3425, 0.6002 -0.7874 0.3425, 0.6349 -0.6461 0.3425, -0.7874 -0.7874 0.3425, -0.1441 -0.7874 0.3425, -0.1441 -0.6461 0.3425, 0.5374 -0.6312 0.3425, 0.5359 -0.6314 0.3425, 0.5451 -0.6314 0.3425, 0.4268 -0.5641 0.3425, 0.4339 -0.5702 0.3425, 0.4589 -0.5349 0.3425, 0.4589 -0.5726 0.3425, 0.3931 -0.5318 0.3425, 0.3975 -0.5349 0.3425, 0.4034 -0.539 0.3425, 0.4125 -0.5496 0.3425, 0.4176 -0.5598 0.3425, 0.4189 -0.5602 0.3425, 0.38 -0.5268 0.3425, 0.4589 0.0219 0.3425, 0.3676 -0.5253 0.3425, 0.3556 -0.5266 0.3425, 0.3434 -0.531 0.3425, -0.1441 0.0219 0.3425, 0.337 -0.5349 0.3425, -0.1441 -0.5349 0.3425, 0.3359 -0.5356 0.3425, 0.3079 -0.5479 0.3425, 0.3183 -0.5466 0.3425, 0.3297 -0.5409 0.3425, 0.3213 -0.5468 0.3425, 0.3243 -0.5472 0.3425, 0.288 -0.5593 0.3425, 0.2897 -0.5576 0.3425, 0.2981 -0.5517 0.3425, -0.1441 -0.5726 0.3425, -0.1441 -0.5835 0.3425, 0.2762 -0.5835 0.3425, 0.2774 -0.5769 0.3425, 0.2793 -0.5726 0.3425, 0.2816 -0.5674 0.3425, 0.3044 -0.6297 0.3425, 0.2949 -0.6251 0.3425, -0.1441 -0.6314 0.3425, 0.2866 -0.618 0.3425, 0.2806 -0.6094 0.3425, 0.2769 -0.5996 0.3425, 0.2756 -0.5893 0.3425, 0.2757 -0.5868 0.3425, 0.3077 -0.6307 0.3425, 0.3081 -0.6314 0.3425, 0.3104 -0.6364 0.3425, 0.3143 -0.6412 0.3425, 0.3437 -0.6461 0.3425, 0.3391 -0.6478 0.3425, 0.4589 -0.7874 0.3425, 0.3328 -0.6486 0.3425, 0.3318 -0.6486 0.3425, 0.3255 -0.6476 0.3425, 0.3219 -0.6461 0.3425, 0.3195 -0.6451 0.3425, 0.3575 -0.6314 0.3425, 0.3574 -0.6315 0.3425, 0.4589 -0.6461 0.3425, 0.3543 -0.6374 0.3425, 0.3503 -0.6419 0.3425, 0.345 -0.6456 0.3425, 0.4425 -0.5857 0.3425, 0.4437 -0.5943 0.3425, 0.4589 -0.5835 0.3425, 0.3911 -0.6159 0.3425, 0.3929 -0.6151 0.3425, 0.396 -0.6001 0.3425, 0.3525 -0.6046 0.3425, 0.3879 -0.5862 0.3425, 0.3479 -0.6004 0.3425, 0.3423 -0.5974 0.3425, 0.3895 -0.617 0.3425, 0.4273 -0.5923 0.3425, 0.426 -0.5872 0.3425, 0.424 -0.5835 0.3425, 0.2928 -0.5835 0.3425, 0.4425 -0.6037 0.3425, 0.4589 -0.6314 0.3425, 0.4392 -0.6121 0.3425, 0.434 -0.6194 0.3425, 0.395 -0.6149 0.3425, 0.3952 -0.6149 0.3425, 0.396 -0.6151 0.3425, 0.2944 -0.5993 0.3425, 0.2975 -0.6046 0.3425, 0.3109 -0.6074 0.3425, 0.3023 -0.6095 0.3425, 0.308 -0.613 0.3425, 0.3207 -0.5986 0.3425, 0.3153 -0.6024 0.3425, 0.2922 -0.5888 0.3425, 0.2925 -0.5929 0.3425, 0.3265 -0.5964 0.3425, 0.3328 -0.5956 0.3425, 0.336 -0.5958 0.3425, 0.4268 -0.6254 0.3425, 0.4188 -0.6294 0.3425, 0.41 -0.6312 0.3425, 0.3868 -0.6231 0.3425, 0.3869 -0.622 0.3425, 0.3591 -0.6196 0.3425, 0.3874 -0.62 0.3425, 0.3884 -0.6182 0.3425, 0.422 -0.6085 0.3425, 0.4249 -0.6044 0.3425, 0.4268 -0.5997 0.3425, 0.4274 -0.5946 0.3425, 0.3944 -0.6312 0.3425, 0.393 -0.631 0.3425, 0.3912 -0.6303 0.3425, 0.3895 -0.6291 0.3425, 0.3889 -0.6285 0.3425, 0.3877 -0.6268 0.3425, 0.387 -0.625 0.3425, 0.359 -0.625 0.3425, 0.3591 -0.6223 0.3425, 0.3966 -0.6151 0.3425, 0.4084 -0.6151 0.3425, 0.4131 -0.6142 0.3425, 0.4178 -0.6121 0.3425, 0.4217 -0.6089 0.3425, 0.4047 -0.574 0.3425, 0.2952 -0.5765 0.3425, 0.293 -0.5824 0.3425, 0.4068 -0.574 0.3425, 0.4236 -0.5827 0.3425, 0.4205 -0.5793 0.3425, 0.4164 -0.5764 0.3425, 0.4118 -0.5747 0.3425, 0.399 -0.5582 0.3425, 0.3931 -0.5511 0.3425, 0.3325 -0.5664 0.3425, 0.3924 -0.5505 0.3425, 0.385 -0.5454 0.3425, 0.3365 -0.5581 0.3425, 0.298 -0.5726 0.3425, 0.3306 -0.5654 0.3425, 0.4044 -0.5726 0.3425, 0.4031 -0.5667 0.3425, 0.3247 -0.5632 0.3425, 0.3185 -0.5624 0.3425, 0.3158 -0.5626 0.3425, 0.3424 -0.551 0.3425, 0.3768 -0.5422 0.3425, 0.3495 -0.5458 0.3425, 0.3678 -0.5411 0.3425, 0.3581 -0.5423 0.3425, 0.3093 -0.5641 0.3425, 0.3034 -0.5672 0.3425, 0.2989 -0.5713 0.3425, 0.4357 -0.5726 0.3425, 0.4393 -0.5777 0.3425, 0.4416 -0.5835 0.3425, 0.5967 -0.6269 0.3425, 0.5967 -0.6311 0.3425, 0.6002 -0.6314 0.3425, 0.5885 -0.6314 0.3425, 0.5815 -0.6144 0.3425, 0.5815 -0.6269 0.3425, 0.5885 -0.6144 0.3425, 0.5885 -0.6269 0.3425, 0.5948 -0.6144 0.3425, 0.5948 -0.6102 0.3425, 0.5815 -0.5983 0.3425, 0.5815 -0.6102 0.3425, 0.5885 -0.5983 0.3425, 0.5885 -0.6102 0.3425, 0.5958 -0.5983 0.3425, 0.5885 -0.6311 0.3425, 0.5767 -0.6311 0.3425, 0.5742 -0.6314 0.3425, 0.5767 -0.594 0.3425, 0.5279 -0.6265 0.3425, 0.5282 -0.6266 0.3425, 0.5282 -0.6168 0.3425, 0.5274 -0.616 0.3425, 0.5268 -0.615 0.3425, 0.526 -0.6254 0.3425, 0.5263 -0.6136 0.3425, 0.5261 -0.6118 0.3425, 0.5245 -0.5835 0.3425, 0.5262 -0.6101 0.3425, 0.5281 -0.6167 0.3425, 0.526 -0.6302 0.3425, 0.5245 -0.6314 0.3425, 0.5282 -0.631 0.3425, 0.5282 -0.6314 0.3425, 0.5289 -0.6312 0.3425, 0.5305 -0.6314 0.3425, 0.5332 -0.6317 0.3425, 0.5282 -0.6461 0.3425, 0.5451 -0.6461 0.3425, 0.5426 -0.6052 0.3425, 0.5426 -0.6097 0.3425, 0.529 -0.6061 0.3425, 0.5305 -0.6052 0.3425, 0.5282 -0.5835 0.3425, 0.5268 -0.6086 0.3425, 0.5277 -0.6074 0.3425, 0.5282 -0.6069 0.3425, 0.5437 -0.6258 0.3425, 0.5431 -0.6272 0.3425, 0.5423 -0.6285 0.3425, 0.5331 -0.6043 0.3425, 0.5364 -0.604 0.3425, 0.5451 -0.5835 0.3425, 0.5396 -0.6043 0.3425, 0.5424 -0.6195 0.3425, 0.5432 -0.6208 0.3425, 0.5437 -0.6222 0.3425, 0.5439 -0.6239 0.3425, 0.5409 -0.6296 0.3425, 0.5398 -0.6303 0.3425, 0.5359 -0.6078 0.3425, 0.5345 -0.6079 0.3425, 0.5308 -0.6113 0.3425, 0.5333 -0.6082 0.3425, 0.5323 -0.6088 0.3425, 0.5309 -0.612 0.3425, 0.5311 -0.6127 0.3425, 0.5314 -0.6133 0.3425, 0.5319 -0.6138 0.3425, 0.5335 -0.6148 0.3425, 0.5389 -0.6081 0.3425, 0.5364 -0.6161 0.3425, 0.5415 -0.6091 0.3425, 0.5382 -0.6168 0.3425, 0.5413 -0.6185 0.3425, 0.5316 -0.6094 0.3425, 0.5312 -0.61 0.3425, 0.5309 -0.6106 0.3425, 0.5308 -0.6276 0.3425, 0.5331 -0.6195 0.3425, 0.5303 -0.6182 0.3425, 0.5337 -0.6279 0.3425, 0.5339 -0.6279 0.3425, 0.5361 -0.6207 0.3425, 0.5363 -0.6277 0.3425, 0.5391 -0.6244 0.3425, 0.5391 -0.6238 0.3425, 0.5375 -0.6272 0.3425, 0.5379 -0.627 0.3425, 0.5384 -0.6265 0.3425, 0.5388 -0.6259 0.3425, 0.5391 -0.6252 0.3425, 0.5389 -0.623 0.3425, 0.5385 -0.6224 0.3425, 0.538 -0.6218 0.3425, 0.6349 -0.5726 0.3425, 0.6229 -0.5723 0.3425, 0.6176 -0.5723 0.3425, 0.6138 -0.5622 0.3425, 0.6002 -0.5622 0.3425, 0.6002 -0.5726 0.3425, 0.6087 -0.5352 0.3425, 0.6349 -0.5349 0.3425, 0.6002 -0.5349 0.3425, 0.5984 -0.5622 0.3425, 0.5948 -0.5723 0.3425, 0.5885 -0.5726 0.3425, 0.5895 -0.5723 0.3425, 0.5885 -0.5349 0.3425, 0.6002 -0.5442 0.3425, 0.6036 -0.5352 0.3425, 0.5573 -0.5723 0.3425, 0.5573 -0.5352 0.3425, 0.5494 -0.5395 0.3425, 0.5494 -0.5352 0.3425, 0.5678 -0.5352 0.3425, 0.5742 -0.5349 0.3425, 0.5451 -0.5349 0.3425, 0.5451 -0.5352 0.3425, 0.5503 -0.5681 0.3425, 0.5503 -0.5723 0.3425, 0.5737 -0.5715 0.3425, 0.5675 -0.5723 0.3425, 0.5742 -0.5726 0.3425, 0.5451 -0.5726 0.3425, 0.5864 -0.56 0.3425, 0.5846 -0.5638 0.3425, 0.5832 -0.5414 0.3425, 0.5855 -0.5446 0.3425, 0.5819 -0.5671 0.3425, 0.578 -0.5699 0.3425, 0.5742 -0.5713 0.3425, 0.5819 -0.5401 0.3425, 0.5735 -0.5358 0.3425, 0.5742 -0.5361 0.3425, 0.578 -0.5375 0.3425, 0.5868 -0.5482 0.3425, 0.5874 -0.5533 0.3425, 0.5873 -0.5556 0.3425, 0.5351 -0.5556 0.3425, 0.5351 -0.5681 0.3425, 0.5451 -0.5556 0.3425, 0.5451 -0.5681 0.3425, 0.5484 -0.5556 0.3425, 0.5484 -0.5513 0.3425, 0.5451 -0.5513 0.3425, 0.5451 -0.5395 0.3425, 0.5351 -0.5513 0.3425, 0.5351 -0.5395 0.3425, 0.5303 -0.5352 0.3425, 0.5282 -0.5349 0.3425, 0.5303 -0.5723 0.3425, 0.5142 -0.5389 0.3425, 0.5124 -0.539 0.3425, 0.5213 -0.5669 0.3425, 0.5187 -0.5395 0.3425, 0.5245 -0.5726 0.3425, 0.5229 -0.5411 0.3425, 0.5229 -0.5662 0.3425, 0.5225 -0.5409 0.3425, 0.5213 -0.5404 0.3425, 0.5092 -0.5397 0.3425, 0.5064 -0.5411 0.3425, 0.5041 -0.543 0.3425, 0.5038 -0.5433 0.3425, 0.502 -0.5459 0.3425, 0.5008 -0.5491 0.3425, 0.5002 -0.5542 0.3425, 0.5002 -0.5558 0.3425, 0.5193 -0.5678 0.3425, 0.5151 -0.5686 0.3425, 0.5133 -0.5687 0.3425, 0.5009 -0.5595 0.3425, 0.5021 -0.5624 0.3425, 0.5038 -0.5647 0.3425, 0.5049 -0.5657 0.3425, 0.5101 -0.5683 0.3425, 0.5074 -0.5674 0.3425, 0.5229 -0.5361 0.3425, 0.5245 -0.5349 0.3425, 0.5213 -0.5357 0.3425, 0.5213 -0.5349 0.3425, 0.519 -0.535 0.3425, 0.5181 -0.5349 0.3425, 0.5094 -0.5726 0.3425, 0.5064 -0.572 0.3425, 0.4946 -0.5726 0.3425, 0.5029 -0.5703 0.3425, 0.4999 -0.5679 0.3425, 0.4996 -0.5675 0.3425, 0.4974 -0.5644 0.3425, 0.4959 -0.5605 0.3425, 0.4952 -0.5545 0.3425, 0.4952 -0.5525 0.3425, 0.4946 -0.5349 0.3425, 0.4961 -0.5477 0.3425, 0.4978 -0.5436 0.3425, 0.5005 -0.5401 0.3425, 0.5014 -0.5392 0.3425, 0.5049 -0.5367 0.3425, 0.5088 -0.5352 0.3425, 0.5104 -0.5728 0.3425, 0.4946 -0.5835 0.3425, 0.5126 -0.5729 0.3425, 0.5213 -0.5835 0.3425, 0.5159 -0.5726 0.3425, 0.5229 -0.5708 0.3425, 0.5223 -0.5711 0.3425, 0.5213 -0.5726 0.3425, 0.5213 -0.5714 0.3425, 0.5183 -0.5724 0.3425, 0.494 -0.6269 0.3425, 0.494 -0.6311 0.3425, 0.4946 -0.6314 0.3425, 0.4741 -0.6311 0.3425, 0.4938 -0.6314 0.3425, 0.4938 -0.6311 0.3425, 0.4741 -0.594 0.3425, 0.4932 -0.594 0.3425, 0.4932 -0.5983 0.3425, 0.4938 -0.5835 0.3425, 0.4938 -0.6269 0.3425, 0.4789 -0.6144 0.3425, 0.4789 -0.6269 0.3425, 0.4921 -0.6144 0.3425, 0.4921 -0.6102 0.3425, 0.4789 -0.6102 0.3425, 0.4789 -0.5983 0.3425, 0.5042 -0.6314 0.3425, 0.5041 -0.6314 0.3425, 0.5011 -0.6065 0.3425, 0.5011 -0.611 0.3425, 0.5197 -0.6141 0.3425, 0.5197 -0.6311 0.3425, 0.5213 -0.6314 0.3425, 0.5151 -0.6311 0.3425, 0.5023 -0.6307 0.3425, 0.5007 -0.6296 0.3425, 0.5002 -0.6291 0.3425, 0.515 -0.6049 0.3425, 0.5165 -0.6058 0.3425, 0.5151 -0.627 0.3425, 0.515 -0.627 0.3425, 0.513 -0.6043 0.3425, 0.4993 -0.6277 0.3425, 0.4987 -0.6261 0.3425, 0.4985 -0.624 0.3425, 0.5138 -0.6287 0.3425, 0.5122 -0.6301 0.3425, 0.5113 -0.6307 0.3425, 0.4985 -0.6233 0.3425, 0.4988 -0.6213 0.3425, 0.4995 -0.6197 0.3425, 0.5004 -0.6184 0.3425, 0.5019 -0.6172 0.3425, 0.5039 -0.6162 0.3425, 0.5038 -0.6092 0.3425, 0.5073 -0.6154 0.3425, 0.5113 -0.608 0.3425, 0.5097 -0.6078 0.3425, 0.5067 -0.6081 0.3425, 0.502 -0.6059 0.3425, 0.5055 -0.6046 0.3425, 0.5102 -0.604 0.3425, 0.5177 -0.607 0.3425, 0.5187 -0.6085 0.3425, 0.5194 -0.6106 0.3425, 0.5151 -0.6143 0.3425, 0.5149 -0.6122 0.3425, 0.5145 -0.6106 0.3425, 0.5139 -0.6096 0.3425, 0.5132 -0.6089 0.3425, 0.5124 -0.6083 0.3425, 0.5069 -0.6317 0.3425, 0.4946 -0.6461 0.3425, 0.5094 -0.6314 0.3425, 0.5213 -0.6461 0.3425, 0.5669 -0.6046 0.3425, 0.5717 -0.6046 0.3425, 0.5742 -0.5835 0.3425, 0.5885 -0.5835 0.3425, 0.5885 -0.594 0.3425, 0.6002 -0.5835 0.3425, 0.5958 -0.594 0.3425, 0.5566 -0.6314 0.3425, 0.5567 -0.631 0.3425, 0.5463 -0.6046 0.3425, 0.5515 -0.6046 0.3425, 0.5584 -0.6245 0.3425, 0.5597 -0.6246 0.3425, 0.559 -0.6267 0.3425, 0.5591 -0.6267 0.3425, 0.5593 -0.6258 0.3425, 0.5742 -0.6461 0.3425, 0.5522 -0.6434 0.3425, 0.5503 -0.6436 0.3425, 0.5493 -0.6435 0.3425, 0.5529 -0.6385 0.3425, 0.5538 -0.6375 0.3425, 0.5547 -0.6359 0.3425, 0.5473 -0.6432 0.3425, 0.5473 -0.6391 0.3425, 0.5482 -0.6394 0.3425, 0.5499 -0.6396 0.3425, 0.5612 -0.6314 0.3425, 0.5597 -0.6351 0.3425, 0.5576 -0.6392 0.3425, 0.5559 -0.6412 0.3425, 0.5556 -0.6415 0.3425, 0.554 -0.6427 0.3425, 0.5511 -0.6394 0.3425, 0.5521 -0.6391 0.3425, 0.6002 -0.6461 0.3425, 0.5885 -0.7874 0.3425, 0.5885 -0.6461 0.3425, 0.5742 -0.7874 0.3425, 0.5451 -0.7874 0.3425, 0.5282 -0.7874 0.3425, 0.5245 -0.7874 0.3425, 0.5245 -0.6461 0.3425, 0.5213 -0.7874 0.3425, 0.4946 -0.7874 0.3425, 0.4938 -0.7874 0.3425, 0.4938 -0.6461 0.3425, 0.5095 -0.6314 0.3425, 0.7283 -0.6314 0.3425, 0.6349 -0.6314 0.3425, 0.6037 -0.6311 0.3425, 0.6329 -0.6188 0.3425, 0.631 -0.6226 0.3425, 0.6283 -0.6259 0.3425, 0.6319 -0.6035 0.3425, 0.6333 -0.607 0.3425, 0.6349 -0.5835 0.3425, 0.6339 -0.6121 0.3425, 0.6338 -0.6145 0.3425, 0.6244 -0.6287 0.3425, 0.6202 -0.6303 0.3425, 0.6139 -0.6311 0.3425, 0.6037 -0.594 0.3425, 0.6143 -0.594 0.3425, 0.6199 -0.5947 0.3425, 0.6244 -0.5963 0.3425, 0.6283 -0.5989 0.3425, 0.6296 -0.6002 0.3425, 0.6412 -0.6311 0.3425, 0.6359 -0.6311 0.3425, 0.664 -0.6311 0.3425, 0.6602 -0.621 0.3425, 0.6448 -0.621 0.3425, 0.65 -0.594 0.3425, 0.6552 -0.594 0.3425, 0.4938 -0.5726 0.3425, 0.5282 -0.5726 0.3425, 0.4936 -0.5681 0.3425, 0.4936 -0.5723 0.3425, 0.4741 -0.5723 0.3425, 0.4789 -0.5352 0.3425, 0.4938 -0.5349 0.3425, 0.4741 -0.5352 0.3425, 0.4789 -0.5681 0.3425, 0.5451 -0.5723 0.3425, 0.6693 -0.6311 0.3425, 0.7283 -0.5835 0.3425, 0.7283 -0.5726 0.3425, 0.7283 -0.5349 0.3425, 0.7874 -0.6314 0.3425, 0.7874 -0.5835 0.3425, 0.7874 -0.5726 0.3425, 0.7874 -0.5349 0.3425, 0.5115 -0.5349 0.3425, 0.4946 0.0219 0.3425, 0.4938 0.0219 0.3425, 0.7874 0.0219 0.3425, 0.7283 0.0219 0.3425, 0.6349 0.0219 0.3425, 0.6002 0.0219 0.3425, 0.5885 0.0219 0.3425, 0.5742 0.0219 0.3425, 0.5451 0.0219 0.3425, 0.5282 0.0219 0.3425, 0.5245 0.0219 0.3425, 0.5213 0.0219 0.3425, 0.5141 -0.5346 0.3425, -0.5664 0.6261 0.3425, -0.5741 0.6075 0.3425, -0.5863 0.5916 0.3425, -0.6023 0.5794 0.3425, -0.6208 0.5717 0.3425, -0.7874 -0.6461 0.3425, -0.7874 -0.6314 0.3425, -0.7874 -0.5835 0.3425, -0.7874 -0.5726 0.3425, -0.7874 -0.5349 0.3425, -0.7874 0.0219 0.3425, -0.6407 0.5691 0.3425, -0.6607 0.5717 0.3425, -0.6792 0.5794 0.3425, -0.6952 0.5916 0.3425, -0.7874 0.7874 0.3425, -0.7151 0.666 0.3425, -0.7074 0.6845 0.3425, -0.6952 0.7005 0.3425, -0.6792 0.7127 0.3425, -0.6607 0.7204 0.3425, -0.5863 0.7005 0.3425, -0.5741 0.6845 0.3425, -0.1441 0.7874 0.3425, -0.5664 0.666 0.3425, -0.5638 0.646 0.3425, -0.7074 0.6075 0.3425, -0.7151 0.6261 0.3425, -0.7177 0.646 0.3425, -0.6407 0.723 0.3425, -0.6208 0.7204 0.3425, -0.6023 0.7127 0.3425, 0.7874 0.7874 0.3425, 0.7283 0.7874 0.3425, 0.6349 0.7874 0.3425, 0.6002 0.7874 0.3425, 0.5885 0.7874 0.3425, 0.5742 0.7874 0.3425, 0.5451 0.7874 0.3425, 0.5282 0.7874 0.3425, 0.5245 0.7874 0.3425, 0.5213 0.7874 0.3425, 0.4946 0.7874 0.3425, 0.4938 0.7874 0.3425, 0.4589 0.7874 0.3425, 0.7874 -0.7874 0.0079, 0.7874 -0.5118 0.0079, 0.7874 -0.4331 0.0079, 0.7874 -0.3543 0.0079, 0.7874 -0.4331 0.0787, 0.7874 -0.3543 0.0787, 0.7874 -0.5118 0.0787, 0.7874 -0.2756 0.0787, 0.7874 -0.1181 0.0787, 0.7874 -0.1181 0.0079, 0.7874 -0.0394 0.0079, 0.7874 -0.0394 0.0787, 0.7874 0.0394 0.0787, 0.7874 -0.1969 0.0787, 0.7874 -0.1969 0.0079, 0.7874 -0.2756 0.0079, 0.7874 0.1969 0.0787, 0.7874 0.1969 0.0079, 0.7874 0.2756 0.0079, 0.7874 0.2756 0.0787, 0.7874 0.3543 0.0787, 0.7874 0.1181 0.0787, 0.7874 0.1181 0.0079, 0.7874 0.0394 0.0079, 0.7874 0.5118 0.0079, 0.7874 0.7874 0.0079, 0.7874 0.5118 0.0787, 0.7874 0.4331 0.0787, 0.7874 0.4331 0.0079, 0.7874 0.3543 0.0079, -0.7874 -0.7874 0.0079, -0.5118 -0.7874 0.0079, -0.4331 -0.7874 0.0079, -0.3543 -0.7874 0.0079, -0.4331 -0.7874 0.0787, -0.3543 -0.7874 0.0787, -0.5118 -0.7874 0.0787, -0.2756 -0.7874 0.0787, -0.1181 -0.7874 0.0787, -0.1181 -0.7874 0.0079, -0.0394 -0.7874 0.0079, -0.0394 -0.7874 0.0787, 0.0394 -0.7874 0.0787, -0.1969 -0.7874 0.0787, -0.1969 -0.7874 0.0079, -0.2756 -0.7874 0.0079, 0.1969 -0.7874 0.0787, 0.1969 -0.7874 0.0079, 0.2756 -0.7874 0.0079, 0.2756 -0.7874 0.0787, 0.3543 -0.7874 0.0787, 0.1181 -0.7874 0.0787, 0.1181 -0.7874 0.0079, 0.0394 -0.7874 0.0079, 0.5118 -0.7874 0.0079, 0.5118 -0.7874 0.0787, 0.4331 -0.7874 0.0787, 0.4331 -0.7874 0.0079, 0.3543 -0.7874 0.0079, -0.7874 -0.3543 0.0079, -0.7874 -0.4331 0.0079, -0.7874 -0.3543 0.0787, -0.7874 -0.4331 0.0787, -0.7874 -0.5118 0.0079, -0.7874 -0.5118 0.0787, -0.7874 -0.2756 0.0787, -0.7874 -0.1969 0.0787, -0.7874 -0.1969 0.0079, -0.7874 -0.2756 0.0079, -0.7874 0.7874 0.0079, -0.7874 0.5118 0.0079, -0.7874 0.5118 0.0787, -0.7874 0.4331 0.0787, -0.7874 0.4331 0.0079, -0.7874 0.3543 0.0079, -0.7874 0.3543 0.0787, -0.7874 0.2756 0.0787, -0.7874 0.2756 0.0079, -0.7874 0.1969 0.0079, -0.7874 0.1969 0.0787, -0.7874 0.1181 0.0787, -0.7874 0.1181 0.0079, -0.7874 0.0394 0.0079, -0.7874 0.0394 0.0787, -0.7874 -0.0394 0.0787, -0.7874 -0.0394 0.0079, -0.7874 -0.1181 0.0079, -0.7874 -0.1181 0.0787, 0.5118 0.7874 0.0079, 0.5118 0.7874 0.0787, 0.4331 0.7874 0.0787, 0.4331 0.7874 0.0079, 0.3543 0.7874 0.0079, 0.3543 0.7874 0.0787, 0.2756 0.7874 0.0787, 0.1181 0.7874 0.0787, 0.1181 0.7874 0.0079, 0.0394 0.7874 0.0079, 0.0394 0.7874 0.0787, -0.0394 0.7874 0.0787, 0.1969 0.7874 0.0787, 0.1969 0.7874 0.0079, 0.2756 0.7874 0.0079, -0.1969 0.7874 0.0787, -0.1969 0.7874 0.0079, -0.2756 0.7874 0.0079, -0.2756 0.7874 0.0787, -0.3543 0.7874 0.0787, -0.1181 0.7874 0.0787, -0.1181 0.7874 0.0079, -0.0394 0.7874 0.0079, -0.5118 0.7874 0.0079, -0.5118 0.7874 0.0787, -0.4331 0.7874 0.0787, -0.4331 0.7874 0.0079, -0.3543 0.7874 0.0079, 0.6496 0.2756 0.0079, -0.5118 0.6496 0.0079, 0.6496 0.5118 0.0079, -0.4331 0.6496 0.0079, -0.4134 0.5315 0.0079, -0.5315 0.4134 0.0079, 0.6496 -0.0394 0.0079, 0.3543 0.6496 0.0079, 0.4331 0.6496 0.0079, 0.6496 0.1969 0.0079, 0.6496 0.1181 0.0079, 0.5315 -0.5315 0.0079, 0.5315 0.5315 0.0079, 0.6496 0.4331 0.0079, 0.6496 -0.3543 0.0079, -0.2756 0.6496 0.0079, -0.1969 0.6496 0.0079, 0.5118 0.6496 0.0079, 0.2756 0.6496 0.0079, 0.6496 -0.1181 0.0079, 0.6496 -0.1969 0.0079, -0.3543 0.6496 0.0079, -0.1181 0.6496 0.0079, 0.6496 0.3543 0.0079, 0.1969 0.6496 0.0079, 0.6496 -0.5118 0.0079, 0.5118 -0.6496 0.0079, -0.0394 0.6496 0.0079, 0.0394 0.6496 0.0079, 0.6496 0.0394 0.0079, 0.4331 -0.6496 0.0079, 0.3543 -0.6496 0.0079, 0.2756 -0.6496 0.0079, -0.5315 -0.5315 0.0079, 0.1181 0.6496 0.0079, 0.6496 -0.4331 0.0079, 0.6496 -0.2756 0.0079, -0.0394 -0.6496 0.0079, 0.1969 -0.6496 0.0079, 0.1181 -0.6496 0.0079, -0.1181 -0.6496 0.0079, -0.1969 -0.6496 0.0079, 0.0394 -0.6496 0.0079, -0.3543 -0.6496 0.0079, -0.4331 -0.6496 0.0079, -0.5118 -0.6496 0.0079, -0.6496 -0.5118 0.0079, -0.2756 -0.6496 0.0079, -0.6496 -0.0394 0.0079, -0.6496 0.0394 0.0079, -0.6496 -0.4331 0.0079, -0.6496 -0.3543 0.0079, -0.6496 -0.2756 0.0079, -0.6496 -0.1181 0.0079, -0.6496 0.1969 0.0079, -0.6496 -0.1969 0.0079, -0.6496 0.2756 0.0079, -0.6496 0.3543 0.0079, -0.6496 0.1181 0.0079, -0.6496 0.4331 0.0079, -0.6496 0.5118 0.0079
            ]
        }
        coordIndex [
            0,1,2,-1,3,0,4,-1,5,3,6,-1,7,8,9,-1,10,11,12,-1,13,14,15,-1,15,14,16,-1,17,18,15,-1,15,18,19,-1,15,19,20,-1,20,21,15,-1,15,21,22,-1,15,22,13,-1,23,24,25,-1,25,24,26,-1,26,24,27,-1,27,24,28,-1,27,28,29,-1,29,28,30,-1,29,30,31,-1,30,32,31,-1,31,32,33,-1,31,33,34,-1,34,33,35,-1,34,35,36,-1,37,38,30,-1,30,38,39,-1,30,39,32,-1,40,41,42,-1,42,43,40,-1,40,43,44,-1,40,44,30,-1,30,44,45,-1,30,45,37,-1,46,47,48,-1,48,47,49,-1,48,49,50,-1,50,51,48,-1,48,51,52,-1,48,52,41,-1,41,52,53,-1,41,53,42,-1,54,46,55,-1,55,46,48,-1,55,48,56,-1,56,48,57,-1,58,59,60,-1,59,61,60,-1,60,61,62,-1,60,62,8,-1,8,62,63,-1,8,63,9,-1,9,63,64,-1,9,64,48,-1,48,64,65,-1,48,65,57,-1,66,67,68,-1,67,69,68,-1,68,69,70,-1,68,70,71,-1,72,73,74,-1,75,76,77,-1,78,79,80,-1,80,79,81,-1,75,77,82,-1,83,84,79,-1,79,84,85,-1,79,85,86,-1,73,87,88,-1,88,87,89,-1,88,89,90,-1,76,91,77,-1,77,91,92,-1,77,92,93,-1,94,95,96,-1,96,95,97,-1,96,97,98,-1,99,86,100,-1,100,86,101,-1,100,101,96,-1,96,101,102,-1,96,102,94,-1,99,103,86,-1,86,103,104,-1,86,104,79,-1,79,104,105,-1,79,105,81,-1,90,106,88,-1,88,106,107,-1,88,107,108,-1,109,110,111,-1,111,110,112,-1,111,112,77,-1,77,112,113,-1,77,113,82,-1,114,115,77,-1,77,115,116,-1,77,116,79,-1,79,116,117,-1,79,117,83,-1,118,119,66,-1,119,120,66,-1,66,120,121,-1,66,121,122,-1,122,123,66,-1,66,123,124,-1,66,124,125,-1,125,124,109,-1,125,109,126,-1,126,109,111,-1,93,127,77,-1,77,127,128,-1,77,128,129,-1,129,130,77,-1,77,130,131,-1,77,131,114,-1,132,133,134,-1,134,86,132,-1,132,86,85,-1,132,85,135,-1,135,85,136,-1,136,137,135,-1,135,137,138,-1,135,138,139,-1,140,141,142,-1,141,143,142,-1,142,143,144,-1,142,144,145,-1,146,142,147,-1,133,132,146,-1,146,132,148,-1,146,148,142,-1,142,148,149,-1,142,149,140,-1,147,150,146,-1,146,150,151,-1,146,151,152,-1,145,144,153,-1,153,144,154,-1,153,154,155,-1,155,154,156,-1,155,156,157,-1,158,159,152,-1,152,159,160,-1,152,160,146,-1,14,161,16,-1,16,161,162,-1,16,162,74,-1,74,162,163,-1,74,163,72,-1,164,165,166,-1,166,165,167,-1,168,169,170,-1,170,169,171,-1,170,171,172,-1,172,171,164,-1,172,164,173,-1,174,175,176,-1,176,175,177,-1,176,177,178,-1,165,179,167,-1,167,179,180,-1,167,180,181,-1,181,180,182,-1,183,184,185,-1,186,187,188,-1,187,189,188,-1,188,189,190,-1,188,190,191,-1,191,190,192,-1,183,185,188,-1,188,185,193,-1,188,193,186,-1,194,195,196,-1,196,195,197,-1,196,197,198,-1,198,197,199,-1,200,201,11,-1,11,201,202,-1,11,202,12,-1,203,204,12,-1,205,206,207,-1,192,208,191,-1,191,208,209,-1,191,209,207,-1,207,209,210,-1,207,210,205,-1,211,212,12,-1,12,212,213,-1,206,214,207,-1,207,214,215,-1,207,215,216,-1,216,215,217,-1,216,217,203,-1,218,219,204,-1,204,219,220,-1,204,220,12,-1,12,220,221,-1,12,221,211,-1,213,222,12,-1,12,222,223,-1,12,223,10,-1,224,225,226,-1,226,225,227,-1,226,227,228,-1,226,229,224,-1,224,229,230,-1,224,230,231,-1,231,232,224,-1,224,232,233,-1,224,233,234,-1,234,233,235,-1,234,235,236,-1,236,235,237,-1,236,237,204,-1,204,237,238,-1,204,238,218,-1,239,240,228,-1,228,240,241,-1,228,241,226,-1,242,243,184,-1,184,243,244,-1,184,244,185,-1,242,245,243,-1,243,245,246,-1,243,246,247,-1,247,246,248,-1,247,249,250,-1,248,251,247,-1,247,251,252,-1,247,252,253,-1,253,254,247,-1,247,254,255,-1,247,255,249,-1,250,256,247,-1,247,256,257,-1,247,257,258,-1,259,260,261,-1,262,263,261,-1,261,263,264,-1,261,264,259,-1,260,259,265,-1,265,259,266,-1,265,266,267,-1,263,268,264,-1,264,268,269,-1,264,269,270,-1,270,269,271,-1,270,271,272,-1,272,271,273,-1,272,273,267,-1,267,273,274,-1,267,274,265,-1,275,276,277,-1,277,276,278,-1,279,280,276,-1,276,280,281,-1,276,281,278,-1,278,281,282,-1,283,284,275,-1,285,286,287,-1,287,286,275,-1,287,275,288,-1,288,275,284,-1,289,290,270,-1,291,292,272,-1,290,293,270,-1,270,293,294,-1,270,294,287,-1,287,294,295,-1,287,295,285,-1,291,272,296,-1,279,297,280,-1,280,297,298,-1,280,298,272,-1,272,298,299,-1,272,299,296,-1,292,300,272,-1,272,300,301,-1,272,301,270,-1,270,301,302,-1,270,302,289,-1,303,304,305,-1,305,304,306,-1,305,306,307,-1,306,283,307,-1,307,283,275,-1,307,275,308,-1,308,275,277,-1,308,277,309,-1,309,277,310,-1,309,310,311,-1,311,310,312,-1,282,281,313,-1,313,281,314,-1,313,314,315,-1,316,317,318,-1,316,318,319,-1,320,321,322,-1,322,321,323,-1,322,323,318,-1,318,323,324,-1,318,324,319,-1,317,325,318,-1,318,325,326,-1,318,326,327,-1,327,328,318,-1,318,328,329,-1,318,329,330,-1,330,331,318,-1,318,331,332,-1,318,332,333,-1,333,332,334,-1,334,332,335,-1,335,332,336,-1,335,336,337,-1,337,338,335,-1,335,338,339,-1,335,339,340,-1,340,339,341,-1,342,343,344,-1,344,343,345,-1,344,345,346,-1,346,345,347,-1,348,349,350,-1,350,349,351,-1,350,351,352,-1,352,353,350,-1,350,353,354,-1,350,354,355,-1,356,357,358,-1,357,359,358,-1,358,359,360,-1,358,360,361,-1,361,362,358,-1,358,362,363,-1,358,363,364,-1,365,366,367,-1,367,366,368,-1,367,368,369,-1,322,370,320,-1,320,370,371,-1,320,371,372,-1,372,371,373,-1,372,373,374,-1,375,376,377,-1,378,88,379,-1,377,376,379,-1,379,376,380,-1,379,380,378,-1,73,88,74,-1,74,88,378,-1,74,378,381,-1,382,383,384,-1,384,383,385,-1,384,385,366,-1,386,387,388,-1,388,387,385,-1,388,385,389,-1,389,385,383,-1,389,383,390,-1,390,383,391,-1,377,392,393,-1,385,375,366,-1,366,375,377,-1,366,377,394,-1,394,377,395,-1,396,397,398,-1,398,397,399,-1,393,400,377,-1,377,400,401,-1,377,401,402,-1,403,404,368,-1,399,405,406,-1,403,368,407,-1,402,408,377,-1,377,408,409,-1,377,409,410,-1,406,411,399,-1,399,411,412,-1,399,412,413,-1,410,414,377,-1,377,414,415,-1,377,415,395,-1,395,415,416,-1,395,416,417,-1,417,418,395,-1,395,418,419,-1,395,419,420,-1,420,419,421,-1,422,423,421,-1,421,423,424,-1,421,424,420,-1,394,425,366,-1,366,425,426,-1,366,426,368,-1,368,426,427,-1,368,427,407,-1,404,428,368,-1,368,428,429,-1,368,429,430,-1,431,432,421,-1,421,432,433,-1,421,433,434,-1,434,435,421,-1,421,435,436,-1,421,436,422,-1,437,438,439,-1,439,438,440,-1,441,442,443,-1,442,181,443,-1,443,181,182,-1,443,182,444,-1,444,182,445,-1,444,445,446,-1,446,445,447,-1,446,447,178,-1,448,449,12,-1,12,449,450,-1,203,12,216,-1,216,12,450,-1,216,450,443,-1,443,450,451,-1,443,451,441,-1,441,451,452,-1,441,452,453,-1,454,455,452,-1,452,455,456,-1,452,456,453,-1,457,458,202,-1,202,458,459,-1,202,459,460,-1,461,462,12,-1,12,462,463,-1,12,463,448,-1,460,464,202,-1,202,464,465,-1,202,465,12,-1,12,465,466,-1,12,466,467,-1,468,469,457,-1,457,469,470,-1,457,470,471,-1,471,472,457,-1,457,472,473,-1,457,473,458,-1,467,474,12,-1,12,474,475,-1,12,475,461,-1,5,476,477,-1,477,476,478,-1,477,478,479,-1,479,478,457,-1,479,457,480,-1,480,457,202,-1,480,202,481,-1,481,202,201,-1,481,201,482,-1,482,201,483,-1,482,483,484,-1,484,483,440,-1,484,440,485,-1,485,440,438,-1,485,438,486,-1,486,438,487,-1,486,487,60,-1,60,487,68,-1,60,68,58,-1,58,68,71,-1,437,392,438,-1,438,392,377,-1,438,377,487,-1,487,377,379,-1,487,379,68,-1,68,379,88,-1,68,88,66,-1,66,88,108,-1,66,108,118,-1,200,199,201,-1,201,199,197,-1,201,197,483,-1,483,197,195,-1,483,195,440,-1,440,195,398,-1,440,398,439,-1,439,398,399,-1,439,399,488,-1,488,399,413,-1,476,166,478,-1,478,166,167,-1,478,167,457,-1,457,167,181,-1,457,181,468,-1,468,181,442,-1,3,4,6,-1,6,4,489,-1,6,489,490,-1,194,188,195,-1,195,188,191,-1,195,191,398,-1,398,191,368,-1,398,368,396,-1,396,368,430,-1,177,173,178,-1,178,173,164,-1,178,164,446,-1,446,164,166,-1,446,166,491,-1,492,493,490,-1,490,493,494,-1,495,496,497,-1,497,496,498,-1,497,498,490,-1,490,498,499,-1,490,499,492,-1,494,500,490,-1,490,500,501,-1,490,501,502,-1,5,6,476,-1,476,6,490,-1,476,490,166,-1,166,490,502,-1,166,502,491,-1,491,503,446,-1,446,503,504,-1,446,504,497,-1,497,504,505,-1,497,505,506,-1,506,507,497,-1,497,507,508,-1,497,508,495,-1,509,510,490,-1,511,512,513,-1,490,510,497,-1,497,510,514,-1,497,514,515,-1,365,348,366,-1,366,348,350,-1,366,350,384,-1,384,350,516,-1,497,259,446,-1,446,259,264,-1,446,264,444,-1,444,264,270,-1,444,270,443,-1,443,270,287,-1,443,287,216,-1,216,287,288,-1,216,288,207,-1,207,288,517,-1,207,517,191,-1,191,517,320,-1,191,320,368,-1,368,320,372,-1,368,372,369,-1,369,372,374,-1,518,519,516,-1,516,519,520,-1,521,522,523,-1,523,522,15,-1,523,15,520,-1,520,15,16,-1,520,16,516,-1,516,16,74,-1,516,74,384,-1,384,74,381,-1,384,381,382,-1,355,356,350,-1,350,356,358,-1,350,358,516,-1,516,358,522,-1,516,522,518,-1,518,522,521,-1,518,521,524,-1,284,525,288,-1,288,525,315,-1,288,315,517,-1,517,315,314,-1,517,314,320,-1,320,314,343,-1,320,343,321,-1,321,343,342,-1,513,509,511,-1,511,509,490,-1,511,490,526,-1,526,490,489,-1,526,489,515,-1,515,489,527,-1,515,527,497,-1,497,527,528,-1,497,528,259,-1,259,528,529,-1,259,529,266,-1,0,2,4,-1,4,2,530,-1,4,530,489,-1,489,530,531,-1,489,531,527,-1,527,531,532,-1,527,532,528,-1,528,532,533,-1,528,533,529,-1,364,534,358,-1,358,534,535,-1,358,535,522,-1,522,535,536,-1,522,536,15,-1,15,536,24,-1,15,24,17,-1,17,24,23,-1,533,537,529,-1,529,537,538,-1,529,538,266,-1,266,538,539,-1,266,539,267,-1,267,539,540,-1,267,540,272,-1,272,540,541,-1,272,541,280,-1,280,541,542,-1,280,542,281,-1,281,542,543,-1,281,543,314,-1,314,543,544,-1,314,544,343,-1,343,544,545,-1,343,545,345,-1,345,545,546,-1,345,546,347,-1,347,546,535,-1,347,535,547,-1,547,535,534,-1,548,549,28,-1,549,550,28,-1,28,550,551,-1,28,551,552,-1,7,9,553,-1,553,9,48,-1,553,48,554,-1,554,48,41,-1,554,41,555,-1,555,41,40,-1,555,40,556,-1,556,40,30,-1,556,30,557,-1,557,30,28,-1,557,28,558,-1,558,28,552,-1,558,552,559,-1,559,560,558,-1,558,560,561,-1,558,561,562,-1,563,564,565,-1,565,566,563,-1,563,566,567,-1,563,567,568,-1,569,570,571,-1,571,570,572,-1,571,572,573,-1,562,574,558,-1,558,574,575,-1,558,575,563,-1,563,575,576,-1,563,576,564,-1,568,577,563,-1,563,577,578,-1,563,578,571,-1,571,578,579,-1,571,579,569,-1,537,580,538,-1,538,580,581,-1,538,581,539,-1,539,581,582,-1,539,582,540,-1,540,582,583,-1,540,583,541,-1,541,583,584,-1,541,584,542,-1,542,584,585,-1,542,585,543,-1,543,585,586,-1,543,586,544,-1,544,586,587,-1,544,587,545,-1,545,587,588,-1,545,588,546,-1,546,588,589,-1,546,589,535,-1,535,589,590,-1,535,590,536,-1,536,590,591,-1,536,591,24,-1,24,591,592,-1,24,592,28,-1,28,592,571,-1,28,571,548,-1,548,571,573,-1,1,593,594,-1,595,596,597,-1,597,596,598,-1,594,599,1,-1,1,599,597,-1,1,597,580,-1,580,597,598,-1,580,598,600,-1,601,602,603,-1,604,605,580,-1,603,604,601,-1,601,604,580,-1,601,580,606,-1,606,580,600,-1,606,600,607,-1,607,600,608,-1,609,610,611,-1,612,613,580,-1,611,612,609,-1,609,612,580,-1,609,580,614,-1,614,580,605,-1,614,605,615,-1,615,605,616,-1,617,618,619,-1,619,618,580,-1,619,580,620,-1,620,580,613,-1,620,613,621,-1,621,613,622,-1,7,623,624,-1,625,626,627,-1,627,626,628,-1,624,629,7,-1,7,629,627,-1,7,627,1,-1,1,627,628,-1,1,628,630,-1,631,632,633,-1,634,635,1,-1,633,634,631,-1,631,634,1,-1,631,1,636,-1,636,1,630,-1,636,630,637,-1,637,630,638,-1,639,640,641,-1,642,643,1,-1,641,642,639,-1,639,642,1,-1,639,1,644,-1,644,1,635,-1,644,635,645,-1,645,635,646,-1,647,593,648,-1,648,593,1,-1,648,1,649,-1,649,1,643,-1,649,643,650,-1,650,643,651,-1,652,653,654,-1,654,653,655,-1,656,623,657,-1,657,623,7,-1,657,7,655,-1,655,7,563,-1,655,563,654,-1,654,563,658,-1,659,660,661,-1,662,663,563,-1,563,663,664,-1,563,664,665,-1,666,667,665,-1,665,667,668,-1,665,668,563,-1,563,668,669,-1,670,671,669,-1,669,671,672,-1,669,672,563,-1,563,672,673,-1,674,675,673,-1,673,675,676,-1,673,676,563,-1,563,676,677,-1,678,679,677,-1,677,679,680,-1,677,680,563,-1,563,680,659,-1,563,659,658,-1,658,659,661,-1,618,681,580,-1,580,681,682,-1,580,682,683,-1,684,685,683,-1,683,685,686,-1,683,686,580,-1,580,686,687,-1,580,687,563,-1,688,689,690,-1,691,692,563,-1,690,691,688,-1,688,691,563,-1,688,563,693,-1,693,563,687,-1,693,687,694,-1,694,687,695,-1,696,697,698,-1,699,700,563,-1,698,699,696,-1,696,699,563,-1,696,563,701,-1,701,563,692,-1,701,692,702,-1,702,692,703,-1,704,662,705,-1,705,662,563,-1,705,563,706,-1,706,563,700,-1,706,700,707,-1,707,700,708,-1,709,611,610,-1,662,704,710,-1,618,617,711,-1,712,713,710,-1,710,713,714,-1,710,714,662,-1,715,603,602,-1,685,684,716,-1,716,684,717,-1,718,719,720,-1,720,721,722,-1,722,721,711,-1,723,596,595,-1,698,697,724,-1,724,697,725,-1,681,618,726,-1,726,618,711,-1,726,711,717,-1,717,711,721,-1,717,721,716,-1,716,721,727,-1,728,729,720,-1,707,708,712,-1,712,708,730,-1,712,730,713,-1,713,730,724,-1,713,724,721,-1,721,724,725,-1,721,725,731,-1,621,622,722,-1,722,622,732,-1,722,732,720,-1,720,732,709,-1,720,709,718,-1,718,709,610,-1,733,694,695,-1,734,594,735,-1,735,594,593,-1,735,593,647,-1,702,703,731,-1,731,703,736,-1,731,736,721,-1,721,736,737,-1,615,616,719,-1,719,616,738,-1,719,738,720,-1,720,738,715,-1,720,715,728,-1,728,715,602,-1,650,651,739,-1,739,651,740,-1,740,741,742,-1,695,727,733,-1,733,727,721,-1,733,721,743,-1,743,721,737,-1,743,737,689,-1,689,737,690,-1,595,744,723,-1,723,744,720,-1,723,720,745,-1,745,720,729,-1,745,729,608,-1,608,729,607,-1,746,633,632,-1,740,742,739,-1,739,742,720,-1,739,720,735,-1,735,720,744,-1,735,744,734,-1,641,640,741,-1,741,640,747,-1,741,747,742,-1,742,747,748,-1,749,750,742,-1,632,749,746,-1,746,749,742,-1,746,742,751,-1,751,742,748,-1,751,748,646,-1,646,748,645,-1,752,626,625,-1,753,754,755,-1,656,755,623,-1,623,755,754,-1,623,754,624,-1,625,753,752,-1,752,753,742,-1,752,742,756,-1,756,742,750,-1,756,750,638,-1,638,750,637,-1,757,758,714,-1,653,652,759,-1,759,652,760,-1,753,755,742,-1,742,755,759,-1,742,759,714,-1,714,759,760,-1,714,760,761,-1,762,679,678,-1,763,671,670,-1,678,757,762,-1,762,757,714,-1,762,714,764,-1,764,714,761,-1,764,761,660,-1,660,761,661,-1,765,766,714,-1,670,765,763,-1,763,765,714,-1,763,714,767,-1,767,714,758,-1,767,758,674,-1,674,758,675,-1,667,666,768,-1,663,662,769,-1,769,662,714,-1,769,714,768,-1,768,714,766,-1,768,766,667,-1,
        ]
    }
}
Shape{
    appearance Appearance {
        material  Material 	{
            diffuseColor 0.7529411764705882 0.7529411764705882 0.7529411764705882
            specularColor 0.7529411764705882 0.7529411764705882 0.7529411764705882
            ambientIntensity 0.7529
            transparency 0.0
            shininess 0.5
        }
    }
    geometry IndexedFaceSet {
        ccw TRUE
        solid FALSE
        coord DEF co Coordinate {
            point [
                -0.5118 0.7874 0.0787, -0.5118 0.6496 0.0787, -0.5118 0.7874 0.0079, -0.5118 0.6496 0.0079
            ]
        }
        coordIndex [
            0,1,2,-1,2,1,3,-1,
        ]
    }
}
Shape{
    appearance Appearance {
        material  Material 	{
            diffuseColor 1.0 1.0 1.0
            specularColor 0.8784313725490196 0.8784313725490196 0.8784313725490196
            ambientIntensity 1.0
            transparency 0.0
            shininess 0.5
        }
    }
    geometry IndexedFaceSet {
        ccw TRUE
        solid FALSE
        coord DEF co Coordinate {
            point [
                -0.5118 0.6496 0.0787, -0.4331 0.6496 0.0787, -0.5118 0.6496 0.0079, -0.4331 0.6496 0.0079, -0.4331 0.7874 0.0787, -0.4331 0.7874 0.0079, -0.5118 0.7874 0.0787, -0.7874 0.4331 0.0787, -0.6496 0.4331 0.0787, -0.7874 0.4331 0.0079, -0.6496 0.4331 0.0079, -0.6496 0.5118 0.0787, -0.6496 0.5118 0.0079, -0.7874 0.5118 0.0787, -0.7874 0.5118 0.0079, -0.4331 -0.7874 0.0787, -0.4331 -0.6496 0.0787, -0.4331 -0.7874 0.0079, -0.4331 -0.6496 0.0079, -0.5118 -0.6496 0.0787, -0.5118 -0.6496 0.0079, -0.5118 -0.7874 0.0787, -0.5118 -0.7874 0.0079, 0.7874 0.5118 0.0787, 0.6496 0.5118 0.0787, 0.7874 0.5118 0.0079, 0.6496 0.5118 0.0079, 0.6496 0.4331 0.0787, 0.6496 0.4331 0.0079, 0.7874 0.4331 0.0787, 0.7874 0.4331 0.0079, 0.5315 -0.5315 0.0787, 0.5315 0.5315 0.0787, 0.5315 -0.5315 0.0079, 0.5315 0.5315 0.0079, -0.4134 0.5315 0.0787, -0.4134 0.5315 0.0079, -0.5315 0.4134 0.0787, -0.5315 0.4134 0.0079, -0.5315 -0.5315 0.0787, -0.5315 -0.5315 0.0079, -0.3543 0.7874 0.0787, -0.3543 0.6496 0.0787, -0.3543 0.7874 0.0079, -0.3543 0.6496 0.0079, -0.2756 0.6496 0.0787, -0.2756 0.6496 0.0079, -0.2756 0.7874 0.0787, -0.2756 0.7874 0.0079, -0.2756 -0.7874 0.0787, -0.2756 -0.6496 0.0787, -0.2756 -0.7874 0.0079, -0.2756 -0.6496 0.0079, -0.3543 -0.6496 0.0787, -0.3543 -0.6496 0.0079, -0.3543 -0.7874 0.0787, -0.3543 -0.7874 0.0079, -0.1969 0.7874 0.0787, -0.1969 0.6496 0.0787, -0.1969 0.7874 0.0079, -0.1969 0.6496 0.0079, -0.1181 0.6496 0.0787, -0.1181 0.6496 0.0079, -0.1181 0.7874 0.0787, -0.1181 0.7874 0.0079, -0.1181 -0.7874 0.0787, -0.1181 -0.6496 0.0787, -0.1181 -0.7874 0.0079, -0.1181 -0.6496 0.0079, -0.1969 -0.6496 0.0787, -0.1969 -0.6496 0.0079, -0.1969 -0.7874 0.0787, -0.1969 -0.7874 0.0079, -0.0394 0.7874 0.0787, -0.0394 0.6496 0.0787, -0.0394 0.7874 0.0079, -0.0394 0.6496 0.0079, 0.0394 0.6496 0.0787, 0.0394 0.6496 0.0079, 0.0394 0.7874 0.0787, 0.0394 0.7874 0.0079, 0.0394 -0.7874 0.0787, 0.0394 -0.6496 0.0787, 0.0394 -0.7874 0.0079, 0.0394 -0.6496 0.0079, -0.0394 -0.6496 0.0787, -0.0394 -0.6496 0.0079, -0.0394 -0.7874 0.0787, -0.0394 -0.7874 0.0079, 0.1181 0.7874 0.0787, 0.1181 0.6496 0.0787, 0.1181 0.7874 0.0079, 0.1181 0.6496 0.0079, 0.1969 0.6496 0.0787, 0.1969 0.6496 0.0079, 0.1969 0.7874 0.0787, 0.1969 0.7874 0.0079, 0.1969 -0.7874 0.0787, 0.1969 -0.6496 0.0787, 0.1969 -0.7874 0.0079, 0.1969 -0.6496 0.0079, 0.1181 -0.6496 0.0787, 0.1181 -0.6496 0.0079, 0.1181 -0.7874 0.0787, 0.1181 -0.7874 0.0079, 0.2756 0.7874 0.0787, 0.2756 0.6496 0.0787, 0.2756 0.7874 0.0079, 0.2756 0.6496 0.0079, 0.3543 0.6496 0.0787, 0.3543 0.6496 0.0079, 0.3543 0.7874 0.0787, 0.3543 0.7874 0.0079, 0.3543 -0.7874 0.0787, 0.3543 -0.6496 0.0787, 0.3543 -0.7874 0.0079, 0.3543 -0.6496 0.0079, 0.2756 -0.6496 0.0787, 0.2756 -0.6496 0.0079, 0.2756 -0.7874 0.0787, 0.2756 -0.7874 0.0079, 0.4331 0.7874 0.0787, 0.4331 0.6496 0.0787, 0.4331 0.7874 0.0079, 0.4331 0.6496 0.0079, 0.5118 0.6496 0.0787, 0.5118 0.6496 0.0079, 0.5118 0.7874 0.0787, 0.5118 0.7874 0.0079, 0.5118 -0.7874 0.0787, 0.5118 -0.6496 0.0787, 0.5118 -0.7874 0.0079, 0.5118 -0.6496 0.0079, 0.4331 -0.6496 0.0787, 0.4331 -0.6496 0.0079, 0.4331 -0.7874 0.0787, 0.4331 -0.7874 0.0079, -0.7874 0.2756 0.0787, -0.6496 0.2756 0.0787, -0.7874 0.2756 0.0079, -0.6496 0.2756 0.0079, -0.6496 0.3543 0.0787, -0.6496 0.3543 0.0079, -0.7874 0.3543 0.0787, -0.7874 0.3543 0.0079, 0.6496 0.3543 0.0787, 0.6496 0.2756 0.0787, 0.6496 0.3543 0.0079, 0.6496 0.2756 0.0079, 0.7874 0.2756 0.0787, 0.7874 0.2756 0.0079, 0.7874 0.3543 0.0787, 0.7874 0.3543 0.0079, -0.7874 0.1181 0.0787, -0.6496 0.1181 0.0787, -0.7874 0.1181 0.0079, -0.6496 0.1181 0.0079, -0.6496 0.1969 0.0787, -0.6496 0.1969 0.0079, -0.7874 0.1969 0.0787, -0.7874 0.1969 0.0079, 0.6496 0.1969 0.0787, 0.6496 0.1181 0.0787, 0.6496 0.1969 0.0079, 0.6496 0.1181 0.0079, 0.7874 0.1181 0.0787, 0.7874 0.1181 0.0079, 0.7874 0.1969 0.0787, 0.7874 0.1969 0.0079, -0.7874 -0.0394 0.0787, -0.6496 -0.0394 0.0787, -0.7874 -0.0394 0.0079, -0.6496 -0.0394 0.0079, -0.6496 0.0394 0.0787, -0.6496 0.0394 0.0079, -0.7874 0.0394 0.0787, -0.7874 0.0394 0.0079, 0.6496 0.0394 0.0787, 0.6496 -0.0394 0.0787, 0.6496 0.0394 0.0079, 0.6496 -0.0394 0.0079, 0.7874 -0.0394 0.0787, 0.7874 -0.0394 0.0079, 0.7874 0.0394 0.0787, 0.7874 0.0394 0.0079, -0.7874 -0.1969 0.0787, -0.6496 -0.1969 0.0787, -0.7874 -0.1969 0.0079, -0.6496 -0.1969 0.0079, -0.6496 -0.1181 0.0787, -0.6496 -0.1181 0.0079, -0.7874 -0.1181 0.0787, -0.7874 -0.1181 0.0079, 0.6496 -0.1181 0.0787, 0.6496 -0.1969 0.0787, 0.6496 -0.1181 0.0079, 0.6496 -0.1969 0.0079, 0.7874 -0.1969 0.0787, 0.7874 -0.1969 0.0079, 0.7874 -0.1181 0.0787, 0.7874 -0.1181 0.0079, -0.7874 -0.3543 0.0787, -0.6496 -0.3543 0.0787, -0.7874 -0.3543 0.0079, -0.6496 -0.3543 0.0079, -0.6496 -0.2756 0.0787, -0.6496 -0.2756 0.0079, -0.7874 -0.2756 0.0787, -0.7874 -0.2756 0.0079, 0.6496 -0.2756 0.0787, 0.6496 -0.3543 0.0787, 0.6496 -0.2756 0.0079, 0.6496 -0.3543 0.0079, 0.7874 -0.3543 0.0787, 0.7874 -0.3543 0.0079, 0.7874 -0.2756 0.0787, 0.7874 -0.2756 0.0079, -0.7874 -0.5118 0.0787, -0.6496 -0.5118 0.0787, -0.7874 -0.5118 0.0079, -0.6496 -0.5118 0.0079, -0.6496 -0.4331 0.0787, -0.6496 -0.4331 0.0079, -0.7874 -0.4331 0.0787, -0.7874 -0.4331 0.0079, 0.6496 -0.4331 0.0787, 0.6496 -0.5118 0.0787, 0.6496 -0.4331 0.0079, 0.6496 -0.5118 0.0079, 0.7874 -0.5118 0.0787, 0.7874 -0.5118 0.0079, 0.7874 -0.4331 0.0787, 0.7874 -0.4331 0.0079
            ]
        }
        coordIndex [
            0,1,2,-1,2,1,3,-1,1,4,3,-1,3,4,5,-1,4,1,6,-1,6,1,0,-1,7,8,9,-1,9,8,10,-1,8,11,10,-1,10,11,12,-1,11,13,12,-1,12,13,14,-1,11,8,13,-1,13,8,7,-1,15,16,17,-1,17,16,18,-1,16,19,18,-1,18,19,20,-1,19,21,20,-1,20,21,22,-1,19,16,21,-1,21,16,15,-1,23,24,25,-1,25,24,26,-1,24,27,26,-1,26,27,28,-1,27,29,28,-1,28,29,30,-1,29,27,23,-1,23,27,24,-1,31,32,33,-1,33,32,34,-1,32,35,34,-1,34,35,36,-1,35,37,36,-1,36,37,38,-1,37,39,38,-1,38,39,40,-1,39,31,40,-1,40,31,33,-1,35,32,37,-1,37,32,31,-1,37,31,39,-1,41,42,43,-1,43,42,44,-1,42,45,44,-1,44,45,46,-1,45,47,46,-1,46,47,48,-1,45,42,47,-1,47,42,41,-1,49,50,51,-1,51,50,52,-1,50,53,52,-1,52,53,54,-1,53,55,54,-1,54,55,56,-1,53,50,55,-1,55,50,49,-1,57,58,59,-1,59,58,60,-1,58,61,60,-1,60,61,62,-1,61,63,62,-1,62,63,64,-1,61,58,63,-1,63,58,57,-1,65,66,67,-1,67,66,68,-1,66,69,68,-1,68,69,70,-1,69,71,70,-1,70,71,72,-1,69,66,71,-1,71,66,65,-1,73,74,75,-1,75,74,76,-1,74,77,76,-1,76,77,78,-1,77,79,78,-1,78,79,80,-1,77,74,79,-1,79,74,73,-1,81,82,83,-1,83,82,84,-1,82,85,84,-1,84,85,86,-1,85,87,86,-1,86,87,88,-1,85,82,87,-1,87,82,81,-1,89,90,91,-1,91,90,92,-1,90,93,92,-1,92,93,94,-1,93,95,94,-1,94,95,96,-1,93,90,95,-1,95,90,89,-1,97,98,99,-1,99,98,100,-1,98,101,100,-1,100,101,102,-1,101,103,102,-1,102,103,104,-1,101,98,103,-1,103,98,97,-1,105,106,107,-1,107,106,108,-1,106,109,108,-1,108,109,110,-1,109,111,110,-1,110,111,112,-1,109,106,111,-1,111,106,105,-1,113,114,115,-1,115,114,116,-1,114,117,116,-1,116,117,118,-1,117,119,118,-1,118,119,120,-1,117,114,119,-1,119,114,113,-1,121,122,123,-1,123,122,124,-1,122,125,124,-1,124,125,126,-1,125,127,126,-1,126,127,128,-1,125,122,127,-1,127,122,121,-1,129,130,131,-1,131,130,132,-1,130,133,132,-1,132,133,134,-1,133,135,134,-1,134,135,136,-1,133,130,135,-1,135,130,129,-1,137,138,139,-1,139,138,140,-1,138,141,140,-1,140,141,142,-1,141,143,142,-1,142,143,144,-1,141,138,143,-1,143,138,137,-1,145,146,147,-1,147,146,148,-1,146,149,148,-1,148,149,150,-1,151,145,152,-1,152,145,147,-1,151,149,145,-1,145,149,146,-1,153,154,155,-1,155,154,156,-1,154,157,156,-1,156,157,158,-1,157,159,158,-1,158,159,160,-1,157,154,159,-1,159,154,153,-1,161,162,163,-1,163,162,164,-1,162,165,164,-1,164,165,166,-1,167,161,168,-1,168,161,163,-1,167,165,161,-1,161,165,162,-1,169,170,171,-1,171,170,172,-1,170,173,172,-1,172,173,174,-1,173,175,174,-1,174,175,176,-1,173,170,175,-1,175,170,169,-1,177,178,179,-1,179,178,180,-1,178,181,180,-1,180,181,182,-1,183,177,184,-1,184,177,179,-1,183,181,177,-1,177,181,178,-1,185,186,187,-1,187,186,188,-1,186,189,188,-1,188,189,190,-1,189,191,190,-1,190,191,192,-1,189,186,191,-1,191,186,185,-1,193,194,195,-1,195,194,196,-1,194,197,196,-1,196,197,198,-1,199,193,200,-1,200,193,195,-1,199,197,193,-1,193,197,194,-1,201,202,203,-1,203,202,204,-1,202,205,204,-1,204,205,206,-1,205,207,206,-1,206,207,208,-1,205,202,207,-1,207,202,201,-1,209,210,211,-1,211,210,212,-1,210,213,212,-1,212,213,214,-1,215,209,216,-1,216,209,211,-1,215,213,209,-1,209,213,210,-1,217,218,219,-1,219,218,220,-1,218,221,220,-1,220,221,222,-1,221,223,222,-1,222,223,224,-1,221,218,223,-1,223,218,217,-1,225,226,227,-1,227,226,228,-1,226,229,228,-1,228,229,230,-1,231,225,232,-1,232,225,227,-1,231,229,225,-1,225,229,226,-1,
        ]
    }
}
Shape{
    appearance Appearance {
        material  Material 	{
            diffuseColor 0.7529411764705882 0.7529411764705882 0.7529411764705882
            specularColor 0.7529411764705882 0.7529411764705882 0.7529411764705882
            ambientIntensity 0.7529
            transparency 0.0
            shininess 0.5
        }
    }
    geometry IndexedFaceSet {
        ccw TRUE
        solid FALSE
        coord DEF co Coordinate {
            point [
                -0.5638 0.646 0.3421, -0.5638 0.646 0.3425, -0.5664 0.666 0.3421, -0.5664 0.666 0.3425, -0.5741 0.6845 0.3421, -0.5741 0.6845 0.3425, -0.5863 0.7005 0.3421, -0.5863 0.7005 0.3425, -0.6023 0.7127 0.3421, -0.6023 0.7127 0.3425, -0.6208 0.7204 0.3421, -0.6208 0.7204 0.3425, -0.6407 0.723 0.3421, -0.6407 0.723 0.3425, -0.6607 0.7204 0.3421, -0.6607 0.7204 0.3425, -0.6792 0.7127 0.3421, -0.6792 0.7127 0.3425, -0.6952 0.7005 0.3421, -0.6952 0.7005 0.3425, -0.7074 0.6845 0.3421, -0.7074 0.6845 0.3425, -0.7151 0.666 0.3421, -0.7151 0.666 0.3425, -0.7177 0.646 0.3421, -0.7177 0.646 0.3425, -0.7151 0.6261 0.3421, -0.7151 0.6261 0.3425, -0.7074 0.6075 0.3421, -0.7074 0.6075 0.3425, -0.6952 0.5916 0.3421, -0.6952 0.5916 0.3425, -0.6792 0.5794 0.3421, -0.6792 0.5794 0.3425, -0.6607 0.5717 0.3421, -0.6607 0.5717 0.3425, -0.6407 0.5691 0.3421, -0.6407 0.5691 0.3425, -0.6208 0.5717 0.3421, -0.6208 0.5717 0.3425, -0.6023 0.5794 0.3421, -0.6023 0.5794 0.3425, -0.5863 0.5916 0.3421, -0.5863 0.5916 0.3425, -0.5741 0.6075 0.3421, -0.5741 0.6075 0.3425, -0.5664 0.6261 0.3421, -0.5664 0.6261 0.3425, -0.6407 0.646 0.3421
            ]
        }
        coordIndex [
            0,1,2,-1,2,1,3,-1,2,3,4,-1,4,3,5,-1,4,5,6,-1,6,5,7,-1,6,7,8,-1,8,7,9,-1,8,9,10,-1,10,9,11,-1,10,11,12,-1,12,11,13,-1,12,13,14,-1,14,13,15,-1,14,15,16,-1,16,15,17,-1,16,17,18,-1,18,17,19,-1,18,19,20,-1,20,19,21,-1,20,21,22,-1,22,21,23,-1,22,23,24,-1,24,23,25,-1,24,25,26,-1,26,25,27,-1,26,27,28,-1,28,27,29,-1,28,29,30,-1,30,29,31,-1,30,31,32,-1,32,31,33,-1,32,33,34,-1,34,33,35,-1,34,35,36,-1,36,35,37,-1,36,37,38,-1,38,37,39,-1,38,39,40,-1,40,39,41,-1,40,41,42,-1,42,41,43,-1,42,43,44,-1,44,43,45,-1,44,45,46,-1,46,45,47,-1,46,47,0,-1,0,47,1,-1,44,46,48,-1,48,46,0,-1,48,0,2,-1,38,40,48,-1,48,40,42,-1,48,42,44,-1,32,34,48,-1,48,34,36,-1,48,36,38,-1,26,28,48,-1,48,28,30,-1,48,30,32,-1,20,22,48,-1,48,22,24,-1,48,24,26,-1,14,16,48,-1,48,16,18,-1,48,18,20,-1,8,10,48,-1,48,10,12,-1,48,12,14,-1,2,4,48,-1,48,4,6,-1,48,6,8,-1,
        ]
    }
}
Shape{
    appearance Appearance {
        material  Material 	{
            diffuseColor 1.0 1.0 1.0
            specularColor 0.5019607843137255 0.5019607843137255 0.5019607843137255
            ambientIntensity 1.0
            transparency 0.0
            shininess 0.5
        }
    }
    geometry IndexedFaceSet {
        ccw TRUE
        solid FALSE
        coord DEF co Coordinate {
            point [
                0.4936 -0.5681 0.3429, 0.4936 -0.5723 0.3429, 0.4936 -0.5681 0.3425, 0.4936 -0.5723 0.3425, 0.4789 -0.5681 0.3429, 0.4789 -0.5681 0.3425, 0.4789 -0.5352 0.3429, 0.4789 -0.5352 0.3425, 0.4741 -0.5352 0.3429, 0.4741 -0.5352 0.3425, 0.4741 -0.5723 0.3429, 0.4741 -0.5723 0.3425, 0.5213 -0.5714 0.3425, 0.5223 -0.5711 0.3429, 0.5183 -0.5724 0.3425, 0.5183 -0.5724 0.3429, 0.5159 -0.5726 0.3425, 0.5126 -0.5729 0.3429, 0.5126 -0.5729 0.3425, 0.5223 -0.5711 0.3425, 0.5229 -0.5708 0.3425, 0.5229 -0.5708 0.3429, 0.5229 -0.5662 0.3429, 0.5229 -0.5662 0.3425, 0.5213 -0.5669 0.3425, 0.5193 -0.5678 0.3429, 0.5193 -0.5678 0.3425, 0.5151 -0.5686 0.3425, 0.5151 -0.5686 0.3429, 0.5133 -0.5687 0.3425, 0.5133 -0.5687 0.3429, 0.5101 -0.5683 0.3425, 0.5101 -0.5683 0.3429, 0.5074 -0.5674 0.3425, 0.5074 -0.5674 0.3429, 0.5049 -0.5657 0.3425, 0.5049 -0.5657 0.3429, 0.5038 -0.5647 0.3425, 0.5038 -0.5647 0.3429, 0.5021 -0.5624 0.3425, 0.5021 -0.5624 0.3429, 0.5009 -0.5595 0.3425, 0.5009 -0.5595 0.3429, 0.5002 -0.5558 0.3425, 0.5002 -0.5558 0.3429, 0.5002 -0.5542 0.3425, 0.5002 -0.5542 0.3429, 0.5008 -0.5491 0.3425, 0.5008 -0.5491 0.3429, 0.502 -0.5459 0.3425, 0.502 -0.5459 0.3429, 0.5038 -0.5433 0.3425, 0.5038 -0.5433 0.3429, 0.5041 -0.543 0.3425, 0.5041 -0.543 0.3429, 0.5064 -0.5411 0.3425, 0.5064 -0.5411 0.3429, 0.5092 -0.5397 0.3425, 0.5092 -0.5397 0.3429, 0.5124 -0.539 0.3425, 0.5124 -0.539 0.3429, 0.5142 -0.5389 0.3425, 0.5142 -0.5389 0.3429, 0.5229 -0.5411 0.3425, 0.5229 -0.5411 0.3429, 0.5225 -0.5409 0.3429, 0.5187 -0.5395 0.3425, 0.5187 -0.5395 0.3429, 0.5213 -0.5404 0.3425, 0.5225 -0.5409 0.3425, 0.5229 -0.5361 0.3429, 0.5229 -0.5361 0.3425, 0.5213 -0.5357 0.3425, 0.519 -0.535 0.3429, 0.5141 -0.5346 0.3425, 0.5141 -0.5346 0.3429, 0.5181 -0.5349 0.3425, 0.519 -0.535 0.3425, 0.5115 -0.5349 0.3425, 0.5088 -0.5352 0.3429, 0.5088 -0.5352 0.3425, 0.5049 -0.5367 0.3425, 0.5049 -0.5367 0.3429, 0.5014 -0.5392 0.3425, 0.5014 -0.5392 0.3429, 0.5005 -0.5401 0.3425, 0.5005 -0.5401 0.3429, 0.4978 -0.5436 0.3425, 0.4978 -0.5436 0.3429, 0.4961 -0.5477 0.3425, 0.4961 -0.5477 0.3429, 0.4952 -0.5525 0.3425, 0.4952 -0.5525 0.3429, 0.4952 -0.5545 0.3425, 0.4952 -0.5545 0.3429, 0.4959 -0.5605 0.3425, 0.4959 -0.5605 0.3429, 0.4974 -0.5644 0.3425, 0.4974 -0.5644 0.3429, 0.4996 -0.5675 0.3425, 0.4996 -0.5675 0.3429, 0.4999 -0.5679 0.3425, 0.4999 -0.5679 0.3429, 0.5064 -0.572 0.3425, 0.5029 -0.5703 0.3429, 0.5029 -0.5703 0.3425, 0.5094 -0.5726 0.3425, 0.5104 -0.5728 0.3429, 0.5064 -0.572 0.3429, 0.5104 -0.5728 0.3425, 0.5503 -0.5681 0.3429, 0.5503 -0.5723 0.3429, 0.5503 -0.5681 0.3425, 0.5503 -0.5723 0.3425, 0.5351 -0.5681 0.3425, 0.5351 -0.5681 0.3429, 0.5451 -0.5681 0.3425, 0.5351 -0.5556 0.3429, 0.5351 -0.5556 0.3425, 0.5484 -0.5556 0.3425, 0.5484 -0.5556 0.3429, 0.5451 -0.5556 0.3425, 0.5484 -0.5513 0.3429, 0.5484 -0.5513 0.3425, 0.5351 -0.5513 0.3425, 0.5351 -0.5513 0.3429, 0.5451 -0.5513 0.3425, 0.5351 -0.5395 0.3429, 0.5351 -0.5395 0.3425, 0.5494 -0.5395 0.3425, 0.5494 -0.5395 0.3429, 0.5451 -0.5395 0.3425, 0.5494 -0.5352 0.3429, 0.5494 -0.5352 0.3425, 0.5303 -0.5352 0.3425, 0.5303 -0.5352 0.3429, 0.5451 -0.5352 0.3425, 0.5303 -0.5723 0.3429, 0.5303 -0.5723 0.3425, 0.5451 -0.5723 0.3425, 0.5819 -0.5671 0.3429, 0.578 -0.5646 0.3429, 0.578 -0.5699 0.3429, 0.5756 -0.5663 0.3429, 0.5737 -0.5715 0.3429, 0.5726 -0.5675 0.3429, 0.5675 -0.5723 0.3429, 0.5674 -0.5681 0.3429, 0.5573 -0.5723 0.3429, 0.562 -0.5681 0.3429, 0.5573 -0.5352 0.3429, 0.562 -0.5395 0.3429, 0.5678 -0.5352 0.3429, 0.5676 -0.5395 0.3429, 0.568 -0.5395 0.3429, 0.5735 -0.5358 0.3429, 0.5728 -0.5401 0.3429, 0.578 -0.5375 0.3429, 0.5759 -0.5413 0.3429, 0.5819 -0.5401 0.3429, 0.5783 -0.543 0.3429, 0.5832 -0.5414 0.3429, 0.5794 -0.544 0.3429, 0.5855 -0.5446 0.3429, 0.5808 -0.5461 0.3429, 0.5868 -0.5482 0.3429, 0.5819 -0.5488 0.3429, 0.5874 -0.5533 0.3429, 0.5824 -0.5534 0.3429, 0.5873 -0.5556 0.3429, 0.5823 -0.556 0.3429, 0.5864 -0.56 0.3429, 0.5815 -0.5593 0.3429, 0.5846 -0.5638 0.3429, 0.5802 -0.562 0.3429, 0.5785 -0.5642 0.3429, 0.5675 -0.5723 0.3425, 0.5573 -0.5723 0.3425, 0.5819 -0.5671 0.3425, 0.5737 -0.5715 0.3425, 0.5742 -0.5713 0.3425, 0.578 -0.5699 0.3425, 0.5846 -0.5638 0.3425, 0.5864 -0.56 0.3425, 0.5873 -0.5556 0.3425, 0.5874 -0.5533 0.3425, 0.5868 -0.5482 0.3425, 0.5855 -0.5446 0.3425, 0.5832 -0.5414 0.3425, 0.5819 -0.5401 0.3425, 0.578 -0.5375 0.3425, 0.5742 -0.5361 0.3425, 0.5735 -0.5358 0.3425, 0.5678 -0.5352 0.3425, 0.5573 -0.5352 0.3425, 0.5676 -0.5395 0.3425, 0.562 -0.5395 0.3425, 0.562 -0.5681 0.3425, 0.5674 -0.5681 0.3425, 0.5785 -0.5642 0.3425, 0.578 -0.5646 0.3425, 0.5756 -0.5663 0.3425, 0.5726 -0.5675 0.3425, 0.5824 -0.5534 0.3425, 0.5823 -0.556 0.3425, 0.5815 -0.5593 0.3425, 0.5802 -0.562 0.3425, 0.5783 -0.543 0.3425, 0.5794 -0.544 0.3425, 0.5808 -0.5461 0.3425, 0.5819 -0.5488 0.3425, 0.568 -0.5395 0.3425, 0.5728 -0.5401 0.3425, 0.5759 -0.5413 0.3425
            ]
        }
        coordIndex [
            0,1,2,-1,2,1,3,-1,4,0,5,-1,5,0,2,-1,6,4,7,-1,7,4,5,-1,8,6,9,-1,9,6,7,-1,10,8,11,-1,11,8,9,-1,1,10,3,-1,3,10,11,-1,6,8,4,-1,4,8,10,-1,4,10,0,-1,0,10,1,-1,12,13,14,-1,14,13,15,-1,14,15,16,-1,16,15,17,-1,16,17,18,-1,12,19,13,-1,13,19,20,-1,13,20,21,-1,22,21,23,-1,23,21,20,-1,22,23,24,-1,22,24,25,-1,24,26,25,-1,25,26,27,-1,25,27,28,-1,28,27,29,-1,28,29,30,-1,30,29,31,-1,30,31,32,-1,32,31,33,-1,32,33,34,-1,34,33,35,-1,34,35,36,-1,36,35,37,-1,36,37,38,-1,38,37,39,-1,38,39,40,-1,40,39,41,-1,40,41,42,-1,42,41,43,-1,42,43,44,-1,44,43,45,-1,44,45,46,-1,46,45,47,-1,46,47,48,-1,48,47,49,-1,48,49,50,-1,50,49,51,-1,50,51,52,-1,52,51,53,-1,52,53,54,-1,54,53,55,-1,54,55,56,-1,56,55,57,-1,56,57,58,-1,58,57,59,-1,58,59,60,-1,60,59,61,-1,60,61,62,-1,63,64,65,-1,62,61,66,-1,62,66,67,-1,67,66,68,-1,67,68,65,-1,65,68,69,-1,65,69,63,-1,70,64,71,-1,71,64,63,-1,70,71,72,-1,70,72,73,-1,74,75,76,-1,76,75,73,-1,76,73,77,-1,77,73,72,-1,75,74,78,-1,75,78,79,-1,78,80,79,-1,79,80,81,-1,79,81,82,-1,82,81,83,-1,82,83,84,-1,84,83,85,-1,84,85,86,-1,86,85,87,-1,86,87,88,-1,88,87,89,-1,88,89,90,-1,90,89,91,-1,90,91,92,-1,92,91,93,-1,92,93,94,-1,94,93,95,-1,94,95,96,-1,96,95,97,-1,96,97,98,-1,98,97,99,-1,98,99,100,-1,100,99,101,-1,100,101,102,-1,103,104,105,-1,105,104,102,-1,105,102,101,-1,106,107,103,-1,103,107,108,-1,103,108,104,-1,106,109,107,-1,107,109,18,-1,107,18,17,-1,56,58,79,-1,48,50,88,-1,88,50,86,-1,79,58,75,-1,94,46,92,-1,92,46,48,-1,92,48,90,-1,90,48,88,-1,58,60,75,-1,75,60,62,-1,75,62,73,-1,73,62,67,-1,73,67,70,-1,70,67,65,-1,70,65,64,-1,21,22,13,-1,13,22,25,-1,13,25,15,-1,15,25,28,-1,15,28,17,-1,17,28,30,-1,17,30,107,-1,107,30,32,-1,107,32,108,-1,108,32,34,-1,108,34,104,-1,104,34,36,-1,104,36,102,-1,102,36,38,-1,102,38,100,-1,100,38,40,-1,100,40,98,-1,98,40,96,-1,96,40,42,-1,96,42,94,-1,94,42,44,-1,94,44,46,-1,50,52,86,-1,86,52,54,-1,86,54,84,-1,84,54,56,-1,84,56,82,-1,82,56,79,-1,110,111,112,-1,112,111,113,-1,114,115,116,-1,116,115,110,-1,116,110,112,-1,117,115,118,-1,118,115,114,-1,119,120,121,-1,121,120,117,-1,121,117,118,-1,122,120,123,-1,123,120,119,-1,124,125,126,-1,126,125,122,-1,126,122,123,-1,127,125,128,-1,128,125,124,-1,129,130,131,-1,131,130,127,-1,131,127,128,-1,132,130,133,-1,133,130,129,-1,134,135,136,-1,136,135,132,-1,136,132,133,-1,137,135,138,-1,138,135,134,-1,113,111,139,-1,139,111,137,-1,139,137,138,-1,137,111,110,-1,110,115,137,-1,137,115,117,-1,137,117,135,-1,130,132,127,-1,127,132,135,-1,127,135,125,-1,125,135,117,-1,125,117,122,-1,122,117,120,-1,140,141,142,-1,142,141,143,-1,142,143,144,-1,144,143,145,-1,144,145,146,-1,146,145,147,-1,146,147,148,-1,148,147,149,-1,148,149,150,-1,150,149,151,-1,150,151,152,-1,151,153,152,-1,152,153,154,-1,152,154,155,-1,155,154,156,-1,155,156,157,-1,157,156,158,-1,157,158,159,-1,159,158,160,-1,159,160,161,-1,161,160,162,-1,161,162,163,-1,163,162,164,-1,163,164,165,-1,165,164,166,-1,165,166,167,-1,167,166,168,-1,167,168,169,-1,169,168,170,-1,169,170,171,-1,171,170,172,-1,171,172,173,-1,173,172,174,-1,173,174,140,-1,140,174,175,-1,140,175,141,-1,146,148,176,-1,176,148,177,-1,178,140,142,-1,146,176,179,-1,146,179,144,-1,144,179,180,-1,144,180,142,-1,142,180,181,-1,142,181,178,-1,140,178,182,-1,140,182,173,-1,173,182,183,-1,173,183,171,-1,171,183,184,-1,171,184,169,-1,169,184,185,-1,169,185,167,-1,167,185,186,-1,167,186,165,-1,165,186,187,-1,165,187,163,-1,163,187,188,-1,163,188,161,-1,161,188,189,-1,161,189,159,-1,159,189,190,-1,191,155,190,-1,190,155,157,-1,190,157,159,-1,191,192,155,-1,155,192,193,-1,155,193,152,-1,150,152,194,-1,194,152,193,-1,148,150,177,-1,177,150,194,-1,153,151,195,-1,195,151,196,-1,151,149,196,-1,196,149,197,-1,149,147,197,-1,197,147,198,-1,175,199,200,-1,175,200,141,-1,141,200,201,-1,141,201,143,-1,143,201,202,-1,143,202,145,-1,145,202,198,-1,145,198,147,-1,168,203,204,-1,168,204,170,-1,170,204,205,-1,170,205,172,-1,172,205,206,-1,172,206,174,-1,174,206,199,-1,174,199,175,-1,160,207,208,-1,160,208,162,-1,162,208,209,-1,162,209,164,-1,164,209,210,-1,164,210,166,-1,166,210,203,-1,166,203,168,-1,153,195,211,-1,153,211,154,-1,154,211,212,-1,154,212,156,-1,156,212,213,-1,156,213,158,-1,158,213,207,-1,158,207,160,-1,
        ]
    }
}
Shape{
    appearance Appearance {
        material  Material 	{
            diffuseColor 0.25098039215686274 0.25098039215686274 0.25098039215686274
            specularColor 0.25098039215686274 0.25098039215686274 0.25098039215686274
            ambientIntensity 0.251
            transparency 0.0
            shininess 0.5
        }
    }
    geometry IndexedFaceSet {
        ccw TRUE
        solid FALSE
        coord DEF co Coordinate {
            point [
                0.5756 -0.5663 0.3425, 0.578 -0.5646 0.3425, 0.568 -0.5395 0.3425, 0.562 -0.5395 0.3425, 0.562 -0.5681 0.3425, 0.5676 -0.5395 0.3425, 0.5674 -0.5681 0.3425, 0.5726 -0.5675 0.3425, 0.5785 -0.5642 0.3425, 0.5802 -0.562 0.3425, 0.5815 -0.5593 0.3425, 0.5824 -0.5534 0.3425, 0.5783 -0.543 0.3425, 0.5759 -0.5413 0.3425, 0.5819 -0.5488 0.3425, 0.5808 -0.5461 0.3425, 0.5794 -0.544 0.3425, 0.5823 -0.556 0.3425, 0.5728 -0.5401 0.3425
            ]
        }
        coordIndex [
            0,1,2,-1,3,4,5,-1,5,4,6,-1,5,6,2,-1,2,6,7,-1,2,7,0,-1,1,8,2,-1,2,8,9,-1,2,9,10,-1,11,12,13,-1,14,15,11,-1,11,15,16,-1,11,16,12,-1,10,17,2,-1,2,17,11,-1,2,11,18,-1,18,11,13,-1,
        ]
    }
}
Shape{
    appearance Appearance {
        material  Material 	{
            diffuseColor 1.0 1.0 1.0
            specularColor 0.5019607843137255 0.5019607843137255 0.5019607843137255
            ambientIntensity 1.0
            transparency 0.0
            shininess 0.5
        }
    }
    geometry IndexedFaceSet {
        ccw TRUE
        solid FALSE
        coord DEF co Coordinate {
            point [
                0.5999 -0.558 0.3429, 0.5984 -0.5622 0.3429, 0.6123 -0.558 0.3429, 0.6138 -0.5622 0.3429, 0.6054 -0.5426 0.3429, 0.6036 -0.5352 0.3429, 0.5895 -0.5723 0.3429, 0.5948 -0.5723 0.3429, 0.6057 -0.5414 0.3429, 0.606 -0.54 0.3429, 0.6087 -0.5352 0.3429, 0.6061 -0.54 0.3429, 0.6064 -0.5415 0.3429, 0.6067 -0.5426 0.3429, 0.6229 -0.5723 0.3429, 0.6176 -0.5723 0.3429, 0.6087 -0.5352 0.3425, 0.6229 -0.5723 0.3425, 0.6036 -0.5352 0.3425, 0.5895 -0.5723 0.3425, 0.6002 -0.5442 0.3425, 0.5948 -0.5723 0.3425, 0.5984 -0.5622 0.3425, 0.6138 -0.5622 0.3425, 0.6002 -0.5622 0.3425, 0.6176 -0.5723 0.3425, 0.5999 -0.558 0.3425, 0.6123 -0.558 0.3425, 0.6067 -0.5426 0.3425, 0.6061 -0.54 0.3425, 0.6064 -0.5415 0.3425, 0.606 -0.54 0.3425, 0.6054 -0.5426 0.3425, 0.6057 -0.5414 0.3425
            ]
        }
        coordIndex [
            0,1,2,-1,2,1,3,-1,4,5,0,-1,0,5,6,-1,0,6,1,-1,1,6,7,-1,4,8,5,-1,5,8,9,-1,5,9,10,-1,10,9,11,-1,10,11,12,-1,12,13,10,-1,10,13,2,-1,10,2,14,-1,14,2,3,-1,14,3,15,-1,10,14,16,-1,16,14,17,-1,5,10,18,-1,18,10,16,-1,19,6,20,-1,20,6,5,-1,20,5,18,-1,7,6,21,-1,21,6,19,-1,1,7,22,-1,22,7,21,-1,23,3,24,-1,24,3,1,-1,24,1,22,-1,15,3,25,-1,25,3,23,-1,14,15,17,-1,17,15,25,-1,0,2,26,-1,26,2,27,-1,2,13,27,-1,27,13,28,-1,11,29,30,-1,11,30,12,-1,12,30,28,-1,12,28,13,-1,11,9,29,-1,29,9,31,-1,4,32,33,-1,4,33,8,-1,8,33,31,-1,8,31,9,-1,4,0,32,-1,32,0,26,-1,
        ]
    }
}
Shape{
    appearance Appearance {
        material  Material 	{
            diffuseColor 0.25098039215686274 0.25098039215686274 0.25098039215686274
            specularColor 0.25098039215686274 0.25098039215686274 0.25098039215686274
            ambientIntensity 0.251
            transparency 0.0
            shininess 0.5
        }
    }
    geometry IndexedFaceSet {
        ccw TRUE
        solid FALSE
        coord DEF co Coordinate {
            point [
                0.6061 -0.54 0.3425, 0.606 -0.54 0.3425, 0.6064 -0.5415 0.3425, 0.6057 -0.5414 0.3425, 0.6067 -0.5426 0.3425, 0.6054 -0.5426 0.3425, 0.6123 -0.558 0.3425, 0.5999 -0.558 0.3425
            ]
        }
        coordIndex [
            0,1,2,-1,2,1,3,-1,2,3,4,-1,4,3,5,-1,4,5,6,-1,6,5,7,-1,
        ]
    }
}
Shape{
    appearance Appearance {
        material  Material 	{
            diffuseColor 1.0 1.0 1.0
            specularColor 0.5019607843137255 0.5019607843137255 0.5019607843137255
            ambientIntensity 1.0
            transparency 0.0
            shininess 0.5
        }
    }
    geometry IndexedFaceSet {
        ccw TRUE
        solid FALSE
        coord DEF co Coordinate {
            point [
                0.494 -0.6269 0.3429, 0.494 -0.6311 0.3429, 0.494 -0.6269 0.3425, 0.494 -0.6311 0.3425, 0.4789 -0.6269 0.3425, 0.4789 -0.6269 0.3429, 0.4938 -0.6269 0.3425, 0.4789 -0.6144 0.3429, 0.4789 -0.6144 0.3425, 0.4921 -0.6144 0.3429, 0.4921 -0.6144 0.3425, 0.4921 -0.6102 0.3429, 0.4921 -0.6102 0.3425, 0.4789 -0.6102 0.3429, 0.4789 -0.6102 0.3425, 0.4789 -0.5983 0.3429, 0.4789 -0.5983 0.3425, 0.4932 -0.5983 0.3429, 0.4932 -0.5983 0.3425, 0.4932 -0.594 0.3429, 0.4932 -0.594 0.3425, 0.4741 -0.594 0.3429, 0.4741 -0.594 0.3425, 0.4741 -0.6311 0.3429, 0.4741 -0.6311 0.3425, 0.4938 -0.6311 0.3425, 0.5151 -0.6311 0.3429, 0.5197 -0.6311 0.3429, 0.5151 -0.627 0.3429, 0.5197 -0.6141 0.3429, 0.5089 -0.6186 0.3429, 0.5151 -0.6178 0.3429, 0.5151 -0.6204 0.3429, 0.515 -0.627 0.3429, 0.5125 -0.6263 0.3429, 0.5138 -0.6287 0.3429, 0.5112 -0.6272 0.3429, 0.5019 -0.6172 0.3429, 0.5004 -0.6184 0.3429, 0.5039 -0.621 0.3429, 0.5151 -0.6207 0.3429, 0.5148 -0.6227 0.3429, 0.5141 -0.6244 0.3429, 0.5131 -0.6258 0.3429, 0.5011 -0.6065 0.3429, 0.5011 -0.611 0.3429, 0.502 -0.6059 0.3429, 0.5038 -0.6092 0.3429, 0.5055 -0.6046 0.3429, 0.5067 -0.6081 0.3429, 0.5102 -0.604 0.3429, 0.5097 -0.6078 0.3429, 0.513 -0.6043 0.3429, 0.5113 -0.608 0.3429, 0.515 -0.6049 0.3429, 0.5124 -0.6083 0.3429, 0.5165 -0.6058 0.3429, 0.5132 -0.6089 0.3429, 0.5177 -0.607 0.3429, 0.5139 -0.6096 0.3429, 0.5187 -0.6085 0.3429, 0.5145 -0.6106 0.3429, 0.5194 -0.6106 0.3429, 0.5149 -0.6122 0.3429, 0.5151 -0.6143 0.3429, 0.5034 -0.6218 0.3429, 0.4995 -0.6197 0.3429, 0.5032 -0.6229 0.3429, 0.5073 -0.6154 0.3429, 0.505 -0.6198 0.3429, 0.506 -0.6193 0.3429, 0.5041 -0.6263 0.3429, 0.5007 -0.6296 0.3429, 0.5045 -0.6267 0.3429, 0.5023 -0.6307 0.3429, 0.5054 -0.6274 0.3429, 0.5041 -0.6314 0.3429, 0.5065 -0.6277 0.3429, 0.5069 -0.6317 0.3429, 0.5081 -0.6279 0.3429, 0.5095 -0.6314 0.3429, 0.5098 -0.6277 0.3429, 0.5113 -0.6307 0.3429, 0.5122 -0.6301 0.3429, 0.5044 -0.6203 0.3429, 0.5039 -0.6162 0.3429, 0.4988 -0.6213 0.3429, 0.4985 -0.6233 0.3429, 0.5032 -0.6236 0.3429, 0.4985 -0.624 0.3429, 0.5033 -0.6247 0.3429, 0.4987 -0.6261 0.3429, 0.5036 -0.6255 0.3429, 0.4993 -0.6277 0.3429, 0.5002 -0.6291 0.3429, 0.5102 -0.604 0.3425, 0.5055 -0.6046 0.3425, 0.502 -0.6059 0.3425, 0.5011 -0.6065 0.3425, 0.5011 -0.611 0.3425, 0.5038 -0.6092 0.3425, 0.5067 -0.6081 0.3425, 0.5097 -0.6078 0.3425, 0.5113 -0.608 0.3425, 0.5124 -0.6083 0.3425, 0.5132 -0.6089 0.3425, 0.5139 -0.6096 0.3425, 0.5145 -0.6106 0.3425, 0.5149 -0.6122 0.3425, 0.5151 -0.6143 0.3425, 0.5073 -0.6154 0.3425, 0.5039 -0.6162 0.3425, 0.5019 -0.6172 0.3425, 0.5004 -0.6184 0.3425, 0.4995 -0.6197 0.3425, 0.4988 -0.6213 0.3425, 0.4985 -0.6233 0.3425, 0.4985 -0.624 0.3425, 0.4987 -0.6261 0.3425, 0.4993 -0.6277 0.3425, 0.5002 -0.6291 0.3425, 0.5007 -0.6296 0.3425, 0.5069 -0.6317 0.3425, 0.5042 -0.6314 0.3425, 0.5041 -0.6314 0.3425, 0.5023 -0.6307 0.3425, 0.5094 -0.6314 0.3425, 0.5095 -0.6314 0.3425, 0.5113 -0.6307 0.3425, 0.5122 -0.6301 0.3425, 0.5138 -0.6287 0.3425, 0.515 -0.627 0.3425, 0.5151 -0.627 0.3425, 0.5151 -0.6311 0.3425, 0.5197 -0.6311 0.3425, 0.5197 -0.6141 0.3425, 0.5194 -0.6106 0.3425, 0.5187 -0.6085 0.3425, 0.5177 -0.607 0.3425, 0.5165 -0.6058 0.3425, 0.515 -0.6049 0.3425, 0.513 -0.6043 0.3425, 0.5044 -0.6203 0.3425, 0.505 -0.6198 0.3425, 0.506 -0.6193 0.3425, 0.5089 -0.6186 0.3425, 0.5032 -0.6236 0.3425, 0.5032 -0.6229 0.3425, 0.5034 -0.6218 0.3425, 0.5039 -0.621 0.3425, 0.5045 -0.6267 0.3425, 0.5041 -0.6263 0.3425, 0.5036 -0.6255 0.3425, 0.5033 -0.6247 0.3425, 0.5081 -0.6279 0.3425, 0.5065 -0.6277 0.3425, 0.5054 -0.6274 0.3425, 0.5131 -0.6258 0.3425, 0.5125 -0.6263 0.3425, 0.5112 -0.6272 0.3425, 0.5098 -0.6277 0.3425, 0.5151 -0.6204 0.3425, 0.5151 -0.6207 0.3425, 0.5148 -0.6227 0.3425, 0.5141 -0.6244 0.3425, 0.5151 -0.6178 0.3425
            ]
        }
        coordIndex [
            0,1,2,-1,2,1,3,-1,4,5,6,-1,6,5,0,-1,6,0,2,-1,7,5,8,-1,8,5,4,-1,9,7,10,-1,10,7,8,-1,11,9,12,-1,12,9,10,-1,13,11,14,-1,14,11,12,-1,15,13,16,-1,16,13,14,-1,17,15,18,-1,18,15,16,-1,19,17,20,-1,20,17,18,-1,21,19,22,-1,22,19,20,-1,23,21,24,-1,24,21,22,-1,3,1,25,-1,25,1,23,-1,25,23,24,-1,23,1,0,-1,0,5,23,-1,23,5,7,-1,23,7,21,-1,17,19,15,-1,15,19,21,-1,15,21,13,-1,13,21,7,-1,13,7,11,-1,11,7,9,-1,26,27,28,-1,28,27,29,-1,30,31,29,-1,29,31,32,-1,33,34,35,-1,35,34,36,-1,37,38,39,-1,32,40,29,-1,29,40,41,-1,29,41,28,-1,28,41,42,-1,28,42,33,-1,33,42,43,-1,33,43,34,-1,44,45,46,-1,46,45,47,-1,46,47,48,-1,48,47,49,-1,48,49,50,-1,50,49,51,-1,50,51,52,-1,52,51,53,-1,52,53,54,-1,54,53,55,-1,54,55,56,-1,56,55,57,-1,56,57,58,-1,58,57,59,-1,58,59,60,-1,60,59,61,-1,60,61,62,-1,62,61,63,-1,62,63,29,-1,29,63,64,-1,29,64,30,-1,39,38,65,-1,65,38,66,-1,65,66,67,-1,68,69,64,-1,64,69,70,-1,64,70,30,-1,71,72,73,-1,73,72,74,-1,73,74,75,-1,75,74,76,-1,75,76,77,-1,77,76,78,-1,77,78,79,-1,79,78,80,-1,79,80,81,-1,81,80,82,-1,81,82,36,-1,36,82,83,-1,36,83,35,-1,39,84,37,-1,37,84,69,-1,37,69,85,-1,85,69,68,-1,66,86,67,-1,67,86,87,-1,67,87,88,-1,88,87,89,-1,88,89,90,-1,90,89,91,-1,90,91,92,-1,92,91,93,-1,92,93,71,-1,71,93,94,-1,71,94,72,-1,50,95,96,-1,50,96,48,-1,48,96,97,-1,48,97,46,-1,46,97,98,-1,46,98,44,-1,45,44,99,-1,99,44,98,-1,45,99,100,-1,45,100,47,-1,47,100,101,-1,47,101,49,-1,49,101,102,-1,49,102,51,-1,51,102,103,-1,51,103,53,-1,53,103,104,-1,53,104,55,-1,55,104,105,-1,55,105,57,-1,57,105,106,-1,57,106,59,-1,59,106,107,-1,59,107,61,-1,61,107,108,-1,61,108,63,-1,63,108,109,-1,63,109,64,-1,68,64,110,-1,110,64,109,-1,68,110,111,-1,68,111,85,-1,85,111,112,-1,85,112,37,-1,37,112,113,-1,37,113,38,-1,38,113,114,-1,38,114,66,-1,66,114,115,-1,66,115,86,-1,86,115,116,-1,86,116,87,-1,87,116,117,-1,87,117,89,-1,89,117,118,-1,89,118,91,-1,91,118,119,-1,91,119,93,-1,93,119,120,-1,93,120,94,-1,94,120,121,-1,94,121,72,-1,122,78,123,-1,123,78,76,-1,123,76,124,-1,124,76,74,-1,124,74,125,-1,125,74,72,-1,125,72,121,-1,122,126,78,-1,78,126,80,-1,126,127,80,-1,80,127,128,-1,80,128,82,-1,82,128,129,-1,82,129,83,-1,83,129,130,-1,83,130,35,-1,35,130,131,-1,35,131,33,-1,28,33,132,-1,132,33,131,-1,26,28,133,-1,133,28,132,-1,27,26,134,-1,134,26,133,-1,29,27,135,-1,135,27,134,-1,29,135,136,-1,29,136,62,-1,62,136,137,-1,62,137,60,-1,60,137,138,-1,60,138,58,-1,58,138,139,-1,58,139,56,-1,56,139,140,-1,56,140,54,-1,54,140,141,-1,54,141,52,-1,52,141,95,-1,52,95,50,-1,84,142,143,-1,84,143,69,-1,69,143,144,-1,69,144,70,-1,70,144,145,-1,70,145,30,-1,88,146,147,-1,88,147,67,-1,67,147,148,-1,67,148,65,-1,65,148,149,-1,65,149,39,-1,39,149,142,-1,39,142,84,-1,73,150,151,-1,73,151,71,-1,71,151,152,-1,71,152,92,-1,92,152,153,-1,92,153,90,-1,90,153,146,-1,90,146,88,-1,79,154,155,-1,79,155,77,-1,77,155,156,-1,77,156,75,-1,75,156,150,-1,75,150,73,-1,43,157,158,-1,43,158,34,-1,34,158,159,-1,34,159,36,-1,36,159,160,-1,36,160,81,-1,81,160,154,-1,81,154,79,-1,32,161,162,-1,32,162,40,-1,40,162,163,-1,40,163,41,-1,41,163,164,-1,41,164,42,-1,42,164,157,-1,42,157,43,-1,32,31,161,-1,161,31,165,-1,31,30,165,-1,165,30,145,-1,
        ]
    }
}
Shape{
    appearance Appearance {
        material  Material 	{
            diffuseColor 0.25098039215686274 0.25098039215686274 0.25098039215686274
            specularColor 0.25098039215686274 0.25098039215686274 0.25098039215686274
            ambientIntensity 0.251
            transparency 0.0
            shininess 0.5
        }
    }
    geometry IndexedFaceSet {
        ccw TRUE
        solid FALSE
        coord DEF co Coordinate {
            point [
                0.5151 -0.6207 0.3425, 0.5151 -0.6204 0.3425, 0.5044 -0.6203 0.3425, 0.5151 -0.6178 0.3425, 0.5089 -0.6186 0.3425, 0.506 -0.6193 0.3425, 0.505 -0.6198 0.3425, 0.5148 -0.6227 0.3425, 0.5039 -0.621 0.3425, 0.5141 -0.6244 0.3425, 0.5041 -0.6263 0.3425, 0.5045 -0.6267 0.3425, 0.5125 -0.6263 0.3425, 0.5036 -0.6255 0.3425, 0.5112 -0.6272 0.3425, 0.5098 -0.6277 0.3425, 0.5081 -0.6279 0.3425, 0.5034 -0.6218 0.3425, 0.5032 -0.6229 0.3425, 0.5131 -0.6258 0.3425, 0.5032 -0.6236 0.3425, 0.5033 -0.6247 0.3425, 0.5054 -0.6274 0.3425, 0.5065 -0.6277 0.3425
            ]
        }
        coordIndex [
            0,1,2,-1,1,3,4,-1,4,5,1,-1,1,5,6,-1,1,6,2,-1,0,2,7,-1,7,2,8,-1,7,8,9,-1,10,11,12,-1,10,12,13,-1,14,12,15,-1,15,12,16,-1,8,17,9,-1,9,17,18,-1,9,18,19,-1,19,18,20,-1,19,20,12,-1,12,20,21,-1,12,21,13,-1,11,22,12,-1,12,22,23,-1,12,23,16,-1,
        ]
    }
}
Shape{
    appearance Appearance {
        material  Material 	{
            diffuseColor 1.0 1.0 1.0
            specularColor 0.5019607843137255 0.5019607843137255 0.5019607843137255
            ambientIntensity 1.0
            transparency 0.0
            shininess 0.5
        }
    }
    geometry IndexedFaceSet {
        ccw TRUE
        solid FALSE
        coord DEF co Coordinate {
            point [
                0.5337 -0.6279 0.3429, 0.5337 -0.6279 0.3425, 0.5308 -0.6276 0.3425, 0.5282 -0.6266 0.3425, 0.5279 -0.6265 0.3429, 0.5308 -0.6276 0.3429, 0.5279 -0.6265 0.3425, 0.526 -0.6254 0.3425, 0.526 -0.6254 0.3429, 0.526 -0.6302 0.3429, 0.526 -0.6302 0.3425, 0.5289 -0.6312 0.3429, 0.5282 -0.631 0.3425, 0.5332 -0.6317 0.3425, 0.5332 -0.6317 0.3429, 0.5305 -0.6314 0.3425, 0.5289 -0.6312 0.3425, 0.5374 -0.6312 0.3429, 0.5359 -0.6314 0.3425, 0.5374 -0.6312 0.3425, 0.5398 -0.6303 0.3425, 0.5398 -0.6303 0.3429, 0.5409 -0.6296 0.3425, 0.5409 -0.6296 0.3429, 0.5423 -0.6285 0.3425, 0.5423 -0.6285 0.3429, 0.5431 -0.6272 0.3425, 0.5431 -0.6272 0.3429, 0.5437 -0.6258 0.3425, 0.5437 -0.6258 0.3429, 0.5439 -0.6239 0.3425, 0.5439 -0.6239 0.3429, 0.5437 -0.6222 0.3425, 0.5437 -0.6222 0.3429, 0.5432 -0.6208 0.3425, 0.5432 -0.6208 0.3429, 0.5424 -0.6195 0.3425, 0.5424 -0.6195 0.3429, 0.5413 -0.6185 0.3425, 0.5413 -0.6185 0.3429, 0.5382 -0.6168 0.3425, 0.5382 -0.6168 0.3429, 0.5364 -0.6161 0.3425, 0.5364 -0.6161 0.3429, 0.5335 -0.6148 0.3425, 0.5335 -0.6148 0.3429, 0.5319 -0.6138 0.3425, 0.5319 -0.6138 0.3429, 0.5314 -0.6133 0.3425, 0.5314 -0.6133 0.3429, 0.5311 -0.6127 0.3425, 0.5311 -0.6127 0.3429, 0.5309 -0.612 0.3425, 0.5309 -0.612 0.3429, 0.5308 -0.6113 0.3425, 0.5308 -0.6113 0.3429, 0.5309 -0.6106 0.3425, 0.5309 -0.6106 0.3429, 0.5312 -0.61 0.3425, 0.5312 -0.61 0.3429, 0.5316 -0.6094 0.3425, 0.5316 -0.6094 0.3429, 0.5323 -0.6088 0.3425, 0.5323 -0.6088 0.3429, 0.5333 -0.6082 0.3425, 0.5333 -0.6082 0.3429, 0.5345 -0.6079 0.3425, 0.5345 -0.6079 0.3429, 0.5359 -0.6078 0.3425, 0.5359 -0.6078 0.3429, 0.5389 -0.6081 0.3425, 0.5389 -0.6081 0.3429, 0.5415 -0.6091 0.3425, 0.5415 -0.6091 0.3429, 0.5426 -0.6097 0.3425, 0.5426 -0.6097 0.3429, 0.5426 -0.6052 0.3429, 0.5426 -0.6052 0.3425, 0.5396 -0.6043 0.3425, 0.5396 -0.6043 0.3429, 0.5364 -0.604 0.3425, 0.5364 -0.604 0.3429, 0.5331 -0.6043 0.3425, 0.5331 -0.6043 0.3429, 0.5305 -0.6052 0.3425, 0.5305 -0.6052 0.3429, 0.529 -0.6061 0.3425, 0.529 -0.6061 0.3429, 0.5277 -0.6074 0.3429, 0.5282 -0.6069 0.3425, 0.5277 -0.6074 0.3425, 0.5268 -0.6086 0.3425, 0.5268 -0.6086 0.3429, 0.5262 -0.6101 0.3425, 0.5262 -0.6101 0.3429, 0.5261 -0.6118 0.3425, 0.5261 -0.6118 0.3429, 0.5263 -0.6136 0.3425, 0.5263 -0.6136 0.3429, 0.5268 -0.615 0.3425, 0.5268 -0.615 0.3429, 0.5274 -0.616 0.3425, 0.5274 -0.616 0.3429, 0.5331 -0.6195 0.3425, 0.5331 -0.6195 0.3429, 0.5303 -0.6182 0.3429, 0.5281 -0.6167 0.3425, 0.5281 -0.6167 0.3429, 0.5282 -0.6168 0.3425, 0.5303 -0.6182 0.3425, 0.5361 -0.6207 0.3425, 0.5361 -0.6207 0.3429, 0.538 -0.6218 0.3425, 0.538 -0.6218 0.3429, 0.5385 -0.6224 0.3425, 0.5385 -0.6224 0.3429, 0.5389 -0.623 0.3425, 0.5389 -0.623 0.3429, 0.5391 -0.6238 0.3425, 0.5391 -0.6238 0.3429, 0.5391 -0.6244 0.3425, 0.5391 -0.6244 0.3429, 0.5391 -0.6252 0.3425, 0.5391 -0.6252 0.3429, 0.5388 -0.6259 0.3425, 0.5388 -0.6259 0.3429, 0.5384 -0.6265 0.3425, 0.5384 -0.6265 0.3429, 0.5379 -0.627 0.3425, 0.5379 -0.627 0.3429, 0.5375 -0.6272 0.3425, 0.5375 -0.6272 0.3429, 0.5363 -0.6277 0.3425, 0.5363 -0.6277 0.3429, 0.5339 -0.6279 0.3425, 0.5339 -0.6279 0.3429, 0.5669 -0.6046 0.3429, 0.5717 -0.6046 0.3429, 0.5669 -0.6046 0.3425, 0.5717 -0.6046 0.3425, 0.5597 -0.6246 0.3429, 0.5597 -0.6246 0.3425, 0.5593 -0.6258 0.3425, 0.5593 -0.6258 0.3429, 0.5591 -0.6267 0.3425, 0.5591 -0.6267 0.3429, 0.559 -0.6267 0.3429, 0.559 -0.6267 0.3425, 0.5584 -0.6245 0.3429, 0.5584 -0.6245 0.3425, 0.5515 -0.6046 0.3429, 0.5515 -0.6046 0.3425, 0.5463 -0.6046 0.3429, 0.5463 -0.6046 0.3425, 0.5567 -0.631 0.3429, 0.5567 -0.631 0.3425, 0.5547 -0.6359 0.3425, 0.5547 -0.6359 0.3429, 0.5566 -0.6314 0.3425, 0.5538 -0.6375 0.3425, 0.5538 -0.6375 0.3429, 0.5529 -0.6385 0.3425, 0.5529 -0.6385 0.3429, 0.5521 -0.6391 0.3425, 0.5521 -0.6391 0.3429, 0.5511 -0.6394 0.3425, 0.5511 -0.6394 0.3429, 0.5499 -0.6396 0.3425, 0.5499 -0.6396 0.3429, 0.5482 -0.6394 0.3425, 0.5482 -0.6394 0.3429, 0.5473 -0.6391 0.3425, 0.5473 -0.6391 0.3429, 0.5473 -0.6432 0.3429, 0.5473 -0.6432 0.3425, 0.5493 -0.6435 0.3425, 0.5493 -0.6435 0.3429, 0.5503 -0.6436 0.3425, 0.5503 -0.6436 0.3429, 0.5522 -0.6434 0.3425, 0.5522 -0.6434 0.3429, 0.554 -0.6427 0.3425, 0.554 -0.6427 0.3429, 0.5556 -0.6415 0.3425, 0.5556 -0.6415 0.3429, 0.5559 -0.6412 0.3425, 0.5559 -0.6412 0.3429, 0.5576 -0.6392 0.3425, 0.5576 -0.6392 0.3429, 0.5597 -0.6351 0.3425, 0.5597 -0.6351 0.3429, 0.5612 -0.6314 0.3425, 0.5967 -0.6269 0.3429, 0.5967 -0.6311 0.3429, 0.5967 -0.6269 0.3425, 0.5967 -0.6311 0.3425, 0.5815 -0.6269 0.3425, 0.5815 -0.6269 0.3429, 0.5885 -0.6269 0.3425, 0.5815 -0.6144 0.3429, 0.5815 -0.6144 0.3425, 0.5948 -0.6144 0.3425, 0.5948 -0.6144 0.3429, 0.5885 -0.6144 0.3425, 0.5948 -0.6102 0.3429, 0.5948 -0.6102 0.3425, 0.5815 -0.6102 0.3425, 0.5815 -0.6102 0.3429, 0.5885 -0.6102 0.3425, 0.5815 -0.5983 0.3429, 0.5815 -0.5983 0.3425, 0.5958 -0.5983 0.3425, 0.5958 -0.5983 0.3429, 0.5885 -0.5983 0.3425, 0.5958 -0.594 0.3429, 0.5958 -0.594 0.3425, 0.5767 -0.594 0.3425, 0.5767 -0.594 0.3429, 0.5885 -0.594 0.3425, 0.5767 -0.6311 0.3429, 0.5767 -0.6311 0.3425, 0.5885 -0.6311 0.3425, 0.6283 -0.6259 0.3429, 0.6244 -0.6234 0.3429, 0.6244 -0.6287 0.3429, 0.622 -0.6251 0.3429, 0.6202 -0.6303 0.3429, 0.619 -0.6263 0.3429, 0.6139 -0.6311 0.3429, 0.6139 -0.6269 0.3429, 0.6037 -0.6311 0.3429, 0.6085 -0.6269 0.3429, 0.6037 -0.594 0.3429, 0.6085 -0.5983 0.3429, 0.6143 -0.594 0.3429, 0.6141 -0.5983 0.3429, 0.6144 -0.5983 0.3429, 0.6199 -0.5947 0.3429, 0.6192 -0.5989 0.3429, 0.6244 -0.5963 0.3429, 0.6223 -0.6001 0.3429, 0.6283 -0.5989 0.3429, 0.6248 -0.6018 0.3429, 0.6296 -0.6002 0.3429, 0.6258 -0.6028 0.3429, 0.6319 -0.6035 0.3429, 0.6272 -0.6049 0.3429, 0.6333 -0.607 0.3429, 0.6283 -0.6076 0.3429, 0.6339 -0.6121 0.3429, 0.6288 -0.6122 0.3429, 0.6338 -0.6145 0.3429, 0.6287 -0.6148 0.3429, 0.6329 -0.6188 0.3429, 0.6279 -0.6181 0.3429, 0.631 -0.6226 0.3429, 0.6266 -0.6208 0.3429, 0.6249 -0.623 0.3429, 0.6139 -0.6311 0.3425, 0.6037 -0.6311 0.3425, 0.6202 -0.6303 0.3425, 0.6244 -0.6287 0.3425, 0.6283 -0.6259 0.3425, 0.631 -0.6226 0.3425, 0.6329 -0.6188 0.3425, 0.6338 -0.6145 0.3425, 0.6339 -0.6121 0.3425, 0.6333 -0.607 0.3425, 0.6319 -0.6035 0.3425, 0.6296 -0.6002 0.3425, 0.6283 -0.5989 0.3425, 0.6244 -0.5963 0.3425, 0.6199 -0.5947 0.3425, 0.6143 -0.594 0.3425, 0.6037 -0.594 0.3425, 0.6141 -0.5983 0.3425, 0.6085 -0.5983 0.3425, 0.6085 -0.6269 0.3425, 0.6139 -0.6269 0.3425, 0.6249 -0.623 0.3425, 0.6244 -0.6234 0.3425, 0.622 -0.6251 0.3425, 0.619 -0.6263 0.3425, 0.6288 -0.6122 0.3425, 0.6287 -0.6148 0.3425, 0.6279 -0.6181 0.3425, 0.6266 -0.6208 0.3425, 0.6248 -0.6018 0.3425, 0.6258 -0.6028 0.3425, 0.6272 -0.6049 0.3425, 0.6283 -0.6076 0.3425, 0.6144 -0.5983 0.3425, 0.6192 -0.5989 0.3425, 0.6223 -0.6001 0.3425
            ]
        }
        coordIndex [
            0,1,2,-1,3,4,2,-1,2,4,5,-1,2,5,0,-1,3,6,4,-1,4,6,7,-1,4,7,8,-1,9,8,10,-1,10,8,7,-1,9,10,11,-1,11,10,12,-1,13,14,15,-1,15,14,11,-1,15,11,16,-1,16,11,12,-1,17,14,18,-1,18,14,13,-1,18,19,17,-1,17,19,20,-1,17,20,21,-1,21,20,22,-1,21,22,23,-1,23,22,24,-1,23,24,25,-1,25,24,26,-1,25,26,27,-1,27,26,28,-1,27,28,29,-1,29,28,30,-1,29,30,31,-1,31,30,32,-1,31,32,33,-1,33,32,34,-1,33,34,35,-1,35,34,36,-1,35,36,37,-1,37,36,38,-1,37,38,39,-1,39,38,40,-1,39,40,41,-1,41,40,42,-1,41,42,43,-1,43,42,44,-1,43,44,45,-1,45,44,46,-1,45,46,47,-1,47,46,48,-1,47,48,49,-1,49,48,50,-1,49,50,51,-1,51,50,52,-1,51,52,53,-1,53,52,54,-1,53,54,55,-1,55,54,56,-1,55,56,57,-1,57,56,58,-1,57,58,59,-1,59,58,60,-1,59,60,61,-1,61,60,62,-1,61,62,63,-1,63,62,64,-1,63,64,65,-1,65,64,66,-1,65,66,67,-1,67,66,68,-1,67,68,69,-1,69,68,70,-1,69,70,71,-1,71,70,72,-1,71,72,73,-1,73,72,74,-1,73,74,75,-1,76,75,77,-1,77,75,74,-1,76,77,78,-1,76,78,79,-1,79,78,80,-1,79,80,81,-1,81,80,82,-1,81,82,83,-1,83,82,84,-1,83,84,85,-1,85,84,86,-1,85,86,87,-1,87,86,88,-1,88,86,89,-1,89,90,88,-1,88,90,91,-1,88,91,92,-1,92,91,93,-1,92,93,94,-1,94,93,95,-1,94,95,96,-1,96,95,97,-1,96,97,98,-1,98,97,99,-1,98,99,100,-1,100,99,101,-1,100,101,102,-1,103,104,105,-1,102,101,106,-1,102,106,107,-1,107,106,108,-1,107,108,105,-1,105,108,109,-1,105,109,103,-1,104,103,110,-1,104,110,111,-1,111,110,112,-1,111,112,113,-1,113,112,114,-1,113,114,115,-1,115,114,116,-1,115,116,117,-1,117,116,118,-1,117,118,119,-1,119,118,120,-1,119,120,121,-1,121,120,122,-1,121,122,123,-1,123,122,124,-1,123,124,125,-1,125,124,126,-1,125,126,127,-1,127,126,128,-1,127,128,129,-1,129,128,130,-1,129,130,131,-1,131,130,132,-1,131,132,133,-1,133,132,134,-1,133,134,135,-1,135,134,1,-1,135,1,0,-1,61,63,85,-1,85,63,83,-1,111,43,104,-1,104,43,45,-1,21,23,127,-1,127,23,25,-1,127,25,125,-1,125,25,27,-1,125,27,123,-1,123,27,29,-1,123,29,121,-1,121,29,31,-1,121,31,119,-1,119,31,33,-1,119,33,117,-1,117,33,35,-1,117,35,115,-1,115,35,37,-1,115,37,113,-1,113,37,39,-1,113,39,111,-1,111,39,41,-1,111,41,43,-1,14,0,11,-1,11,0,5,-1,11,5,9,-1,9,5,4,-1,9,4,8,-1,63,65,83,-1,83,65,67,-1,83,67,81,-1,81,67,69,-1,81,69,79,-1,79,69,71,-1,79,71,76,-1,76,71,73,-1,76,73,75,-1,127,129,21,-1,21,129,131,-1,21,131,17,-1,17,131,133,-1,17,133,14,-1,14,133,135,-1,14,135,0,-1,85,87,61,-1,61,87,88,-1,61,88,59,-1,59,88,92,-1,59,92,57,-1,57,92,94,-1,57,94,55,-1,55,94,96,-1,55,96,53,-1,53,96,98,-1,53,98,51,-1,51,98,100,-1,51,100,49,-1,49,100,102,-1,49,102,47,-1,47,102,107,-1,47,107,45,-1,45,107,105,-1,45,105,104,-1,136,137,138,-1,138,137,139,-1,140,136,141,-1,141,136,138,-1,140,141,142,-1,140,142,143,-1,143,142,144,-1,143,144,145,-1,146,145,147,-1,147,145,144,-1,148,146,149,-1,149,146,147,-1,150,148,151,-1,151,148,149,-1,152,150,153,-1,153,150,151,-1,154,152,155,-1,155,152,153,-1,156,157,158,-1,158,157,154,-1,158,154,155,-1,157,156,159,-1,157,159,160,-1,160,159,161,-1,160,161,162,-1,162,161,163,-1,162,163,164,-1,164,163,165,-1,164,165,166,-1,166,165,167,-1,166,167,168,-1,168,167,169,-1,168,169,170,-1,170,169,171,-1,170,171,172,-1,173,172,174,-1,174,172,171,-1,173,174,175,-1,173,175,176,-1,176,175,177,-1,176,177,178,-1,178,177,179,-1,178,179,180,-1,180,179,181,-1,180,181,182,-1,182,181,183,-1,182,183,184,-1,184,183,185,-1,184,185,186,-1,186,185,187,-1,186,187,188,-1,188,187,189,-1,188,189,190,-1,139,137,191,-1,191,137,190,-1,191,190,189,-1,143,145,190,-1,137,136,190,-1,190,136,140,-1,190,140,143,-1,150,152,148,-1,148,152,154,-1,148,154,146,-1,172,173,170,-1,170,173,176,-1,170,176,168,-1,168,176,178,-1,168,178,166,-1,166,178,180,-1,166,180,164,-1,164,180,182,-1,164,182,162,-1,145,146,190,-1,190,146,154,-1,190,154,188,-1,154,157,188,-1,188,157,160,-1,188,160,186,-1,186,160,162,-1,186,162,184,-1,184,162,182,-1,192,193,194,-1,194,193,195,-1,196,197,198,-1,198,197,192,-1,198,192,194,-1,199,197,200,-1,200,197,196,-1,201,202,203,-1,203,202,199,-1,203,199,200,-1,204,202,205,-1,205,202,201,-1,206,207,208,-1,208,207,204,-1,208,204,205,-1,209,207,210,-1,210,207,206,-1,211,212,213,-1,213,212,209,-1,213,209,210,-1,214,212,215,-1,215,212,211,-1,216,217,218,-1,218,217,214,-1,218,214,215,-1,219,217,220,-1,220,217,216,-1,195,193,221,-1,221,193,219,-1,221,219,220,-1,219,193,192,-1,192,197,219,-1,219,197,199,-1,219,199,217,-1,212,214,209,-1,209,214,217,-1,209,217,207,-1,207,217,199,-1,207,199,204,-1,204,199,202,-1,222,223,224,-1,224,223,225,-1,224,225,226,-1,226,225,227,-1,226,227,228,-1,228,227,229,-1,228,229,230,-1,230,229,231,-1,230,231,232,-1,232,231,233,-1,232,233,234,-1,233,235,234,-1,234,235,236,-1,234,236,237,-1,237,236,238,-1,237,238,239,-1,239,238,240,-1,239,240,241,-1,241,240,242,-1,241,242,243,-1,243,242,244,-1,243,244,245,-1,245,244,246,-1,245,246,247,-1,247,246,248,-1,247,248,249,-1,249,248,250,-1,249,250,251,-1,251,250,252,-1,251,252,253,-1,253,252,254,-1,253,254,255,-1,255,254,256,-1,255,256,222,-1,222,256,257,-1,222,257,223,-1,228,230,258,-1,258,230,259,-1,228,258,260,-1,228,260,226,-1,226,260,261,-1,226,261,224,-1,224,261,262,-1,224,262,222,-1,222,262,263,-1,222,263,255,-1,255,263,264,-1,255,264,253,-1,253,264,265,-1,253,265,251,-1,251,265,266,-1,251,266,249,-1,249,266,267,-1,249,267,247,-1,247,267,268,-1,247,268,245,-1,245,268,269,-1,245,269,243,-1,243,269,270,-1,243,270,241,-1,241,270,271,-1,241,271,239,-1,239,271,272,-1,239,272,237,-1,237,272,273,-1,237,273,234,-1,232,234,274,-1,274,234,273,-1,230,232,259,-1,259,232,274,-1,235,233,275,-1,275,233,276,-1,233,231,276,-1,276,231,277,-1,231,229,277,-1,277,229,278,-1,257,279,280,-1,257,280,223,-1,223,280,281,-1,223,281,225,-1,225,281,282,-1,225,282,227,-1,227,282,278,-1,227,278,229,-1,250,283,284,-1,250,284,252,-1,252,284,285,-1,252,285,254,-1,254,285,286,-1,254,286,256,-1,256,286,279,-1,256,279,257,-1,242,287,288,-1,242,288,244,-1,244,288,289,-1,244,289,246,-1,246,289,290,-1,246,290,248,-1,248,290,283,-1,248,283,250,-1,235,275,291,-1,235,291,236,-1,236,291,292,-1,236,292,238,-1,238,292,293,-1,238,293,240,-1,240,293,287,-1,240,287,242,-1,
        ]
    }
}
Shape{
    appearance Appearance {
        material  Material 	{
            diffuseColor 0.25098039215686274 0.25098039215686274 0.25098039215686274
            specularColor 0.25098039215686274 0.25098039215686274 0.25098039215686274
            ambientIntensity 0.251
            transparency 0.0
            shininess 0.5
        }
    }
    geometry IndexedFaceSet {
        ccw TRUE
        solid FALSE
        coord DEF co Coordinate {
            point [
                0.622 -0.6251 0.3425, 0.6244 -0.6234 0.3425, 0.6144 -0.5983 0.3425, 0.6085 -0.5983 0.3425, 0.6085 -0.6269 0.3425, 0.6141 -0.5983 0.3425, 0.6139 -0.6269 0.3425, 0.619 -0.6263 0.3425, 0.6249 -0.623 0.3425, 0.6266 -0.6208 0.3425, 0.6279 -0.6181 0.3425, 0.6288 -0.6122 0.3425, 0.6248 -0.6018 0.3425, 0.6223 -0.6001 0.3425, 0.6283 -0.6076 0.3425, 0.6272 -0.6049 0.3425, 0.6258 -0.6028 0.3425, 0.6287 -0.6148 0.3425, 0.6192 -0.5989 0.3425
            ]
        }
        coordIndex [
            0,1,2,-1,3,4,5,-1,5,4,6,-1,5,6,2,-1,2,6,7,-1,2,7,0,-1,1,8,2,-1,2,8,9,-1,2,9,10,-1,11,12,13,-1,14,15,11,-1,11,15,16,-1,11,16,12,-1,10,17,2,-1,2,17,11,-1,2,11,18,-1,18,11,13,-1,
        ]
    }
}
Shape{
    appearance Appearance {
        material  Material 	{
            diffuseColor 1.0 1.0 1.0
            specularColor 0.5019607843137255 0.5019607843137255 0.5019607843137255
            ambientIntensity 1.0
            transparency 0.0
            shininess 0.5
        }
    }
    geometry IndexedFaceSet {
        ccw TRUE
        solid FALSE
        coord DEF co Coordinate {
            point [
                0.6463 -0.6168 0.3429, 0.6448 -0.621 0.3429, 0.6587 -0.6168 0.3429, 0.6602 -0.621 0.3429, 0.6518 -0.6014 0.3429, 0.65 -0.594 0.3429, 0.6359 -0.6311 0.3429, 0.6412 -0.6311 0.3429, 0.6522 -0.6003 0.3429, 0.6524 -0.5988 0.3429, 0.6552 -0.594 0.3429, 0.6526 -0.5988 0.3429, 0.6529 -0.6003 0.3429, 0.6531 -0.6014 0.3429, 0.6693 -0.6311 0.3429, 0.664 -0.6311 0.3429, 0.6552 -0.594 0.3425, 0.6693 -0.6311 0.3425, 0.65 -0.594 0.3425, 0.6359 -0.6311 0.3425, 0.6412 -0.6311 0.3425, 0.6448 -0.621 0.3425, 0.6602 -0.621 0.3425, 0.664 -0.6311 0.3425, 0.6463 -0.6168 0.3425, 0.6587 -0.6168 0.3425, 0.6531 -0.6014 0.3425, 0.6526 -0.5988 0.3425, 0.6529 -0.6003 0.3425, 0.6524 -0.5988 0.3425, 0.6518 -0.6014 0.3425, 0.6522 -0.6003 0.3425
            ]
        }
        coordIndex [
            0,1,2,-1,2,1,3,-1,4,5,0,-1,0,5,6,-1,0,6,1,-1,1,6,7,-1,4,8,5,-1,5,8,9,-1,5,9,10,-1,10,9,11,-1,10,11,12,-1,12,13,10,-1,10,13,2,-1,10,2,14,-1,14,2,3,-1,14,3,15,-1,10,14,16,-1,16,14,17,-1,5,10,18,-1,18,10,16,-1,6,5,19,-1,19,5,18,-1,7,6,20,-1,20,6,19,-1,1,7,21,-1,21,7,20,-1,3,1,22,-1,22,1,21,-1,15,3,23,-1,23,3,22,-1,14,15,17,-1,17,15,23,-1,0,2,24,-1,24,2,25,-1,2,13,25,-1,25,13,26,-1,11,27,28,-1,11,28,12,-1,12,28,26,-1,12,26,13,-1,11,9,27,-1,27,9,29,-1,4,30,31,-1,4,31,8,-1,8,31,29,-1,8,29,9,-1,4,0,30,-1,30,0,24,-1,
        ]
    }
}
Shape{
    appearance Appearance {
        material  Material 	{
            diffuseColor 0.25098039215686274 0.25098039215686274 0.25098039215686274
            specularColor 0.25098039215686274 0.25098039215686274 0.25098039215686274
            ambientIntensity 0.251
            transparency 0.0
            shininess 0.5
        }
    }
    geometry IndexedFaceSet {
        ccw TRUE
        solid FALSE
        coord DEF co Coordinate {
            point [
                0.6526 -0.5988 0.3425, 0.6524 -0.5988 0.3425, 0.6529 -0.6003 0.3425, 0.6522 -0.6003 0.3425, 0.6531 -0.6014 0.3425, 0.6518 -0.6014 0.3425, 0.6587 -0.6168 0.3425, 0.6463 -0.6168 0.3425
            ]
        }
        coordIndex [
            0,1,2,-1,2,1,3,-1,2,3,4,-1,4,3,5,-1,4,5,6,-1,6,5,7,-1,
        ]
    }
}
Shape{
    appearance Appearance {
        material  Material 	{
            diffuseColor 1.0 1.0 1.0
            specularColor 0.5019607843137255 0.5019607843137255 0.5019607843137255
            ambientIntensity 1.0
            transparency 0.0
            shininess 0.5
        }
    }
    geometry IndexedFaceSet {
        ccw TRUE
        solid FALSE
        coord DEF co Coordinate {
            point [
                0.3104 -0.6364 0.3429, 0.3143 -0.6412 0.3429, 0.308 -0.613 0.3429, 0.3034 -0.5672 0.3429, 0.3093 -0.5641 0.3429, 0.3079 -0.5479 0.3429, 0.3243 -0.5472 0.3429, 0.3325 -0.5664 0.3429, 0.3365 -0.5581 0.3429, 0.3591 -0.6223 0.3429, 0.3591 -0.6196 0.3429, 0.3368 -0.6132 0.3429, 0.3343 -0.6124 0.3429, 0.3023 -0.6095 0.3429, 0.3044 -0.6297 0.3429, 0.3077 -0.6307 0.3429, 0.3183 -0.5466 0.3429, 0.3407 -0.6164 0.3429, 0.342 -0.6185 0.3429, 0.359 -0.625 0.3429, 0.396 -0.6001 0.3429, 0.3879 -0.5862 0.3429, 0.3525 -0.6046 0.3429, 0.3325 -0.6122 0.3429, 0.33 -0.6126 0.3429, 0.3265 -0.5964 0.3429, 0.3277 -0.6135 0.3429, 0.3207 -0.5986 0.3429, 0.3256 -0.6149 0.3429, 0.3153 -0.6024 0.3429, 0.3244 -0.6162 0.3429, 0.3109 -0.6074 0.3429, 0.3231 -0.6185 0.3429, 0.3223 -0.621 0.3429, 0.3223 -0.6235 0.3429, 0.3423 -0.5974 0.3429, 0.336 -0.5958 0.3429, 0.3328 -0.5956 0.3429, 0.339 -0.6145 0.3429, 0.4047 -0.574 0.3429, 0.4068 -0.574 0.3429, 0.4176 -0.5598 0.3429, 0.4118 -0.5747 0.3429, 0.4189 -0.5602 0.3429, 0.4164 -0.5764 0.3429, 0.4268 -0.5641 0.3429, 0.4339 -0.5702 0.3429, 0.3297 -0.5409 0.3429, 0.3424 -0.551 0.3429, 0.3359 -0.5356 0.3429, 0.3495 -0.5458 0.3429, 0.3434 -0.531 0.3429, 0.3158 -0.5626 0.3429, 0.3185 -0.5624 0.3429, 0.3213 -0.5468 0.3429, 0.3247 -0.5632 0.3429, 0.3306 -0.5654 0.3429, 0.3228 -0.626 0.3429, 0.3239 -0.6282 0.3429, 0.3479 -0.6004 0.3429, 0.434 -0.6194 0.3429, 0.4217 -0.6089 0.3429, 0.4268 -0.6254 0.3429, 0.4178 -0.6121 0.3429, 0.4188 -0.6294 0.3429, 0.4131 -0.6142 0.3429, 0.41 -0.6312 0.3429, 0.4084 -0.6151 0.3429, 0.3944 -0.6312 0.3429, 0.3966 -0.6151 0.3429, 0.393 -0.631 0.3429, 0.4205 -0.5793 0.3429, 0.4236 -0.5827 0.3429, 0.4393 -0.5777 0.3429, 0.426 -0.5872 0.3429, 0.4425 -0.5857 0.3429, 0.4273 -0.5923 0.3429, 0.4437 -0.5943 0.3429, 0.4274 -0.5946 0.3429, 0.4425 -0.6037 0.3429, 0.4268 -0.5997 0.3429, 0.4392 -0.6121 0.3429, 0.4249 -0.6044 0.3429, 0.422 -0.6085 0.3429, 0.4034 -0.539 0.3429, 0.3931 -0.5511 0.3429, 0.4125 -0.5496 0.3429, 0.399 -0.5582 0.3429, 0.4031 -0.5667 0.3429, 0.293 -0.5824 0.3429, 0.2757 -0.5868 0.3429, 0.2922 -0.5888 0.3429, 0.2756 -0.5893 0.3429, 0.2925 -0.5929 0.3429, 0.2769 -0.5996 0.3429, 0.2944 -0.5993 0.3429, 0.2806 -0.6094 0.3429, 0.2975 -0.6046 0.3429, 0.2866 -0.618 0.3429, 0.2949 -0.6251 0.3429, 0.3556 -0.5266 0.3429, 0.3581 -0.5423 0.3429, 0.3676 -0.5253 0.3429, 0.3678 -0.5411 0.3429, 0.38 -0.5268 0.3429, 0.3768 -0.5422 0.3429, 0.3931 -0.5318 0.3429, 0.385 -0.5454 0.3429, 0.3924 -0.5505 0.3429, 0.2981 -0.5517 0.3429, 0.2897 -0.5576 0.3429, 0.2989 -0.5713 0.3429, 0.288 -0.5593 0.3429, 0.2952 -0.5765 0.3429, 0.2816 -0.5674 0.3429, 0.2774 -0.5769 0.3429, 0.3427 -0.6209 0.3429, 0.3427 -0.6234 0.3429, 0.3574 -0.6315 0.3429, 0.3422 -0.626 0.3429, 0.3543 -0.6374 0.3429, 0.341 -0.6283 0.3429, 0.3503 -0.6419 0.3429, 0.3393 -0.6302 0.3429, 0.345 -0.6456 0.3429, 0.3373 -0.6316 0.3429, 0.3391 -0.6478 0.3429, 0.335 -0.6325 0.3429, 0.3328 -0.6486 0.3429, 0.3325 -0.6328 0.3429, 0.3318 -0.6486 0.3429, 0.3321 -0.6328 0.3429, 0.3255 -0.6476 0.3429, 0.3297 -0.6324 0.3429, 0.3195 -0.6451 0.3429, 0.3273 -0.6314 0.3429, 0.3253 -0.6298 0.3429, 0.3952 -0.6149 0.3429, 0.3889 -0.6285 0.3429, 0.3895 -0.6291 0.3429, 0.396 -0.6151 0.3429, 0.3912 -0.6303 0.3429, 0.3868 -0.6231 0.3429, 0.387 -0.625 0.3429, 0.3877 -0.6268 0.3429, 0.3929 -0.6151 0.3429, 0.3911 -0.6159 0.3429, 0.3869 -0.622 0.3429, 0.3895 -0.617 0.3429, 0.3884 -0.6182 0.3429, 0.3874 -0.62 0.3429, 0.395 -0.6149 0.3429, 0.4437 -0.5943 0.3425, 0.4425 -0.5857 0.3425, 0.4357 -0.5726 0.3425, 0.4416 -0.5835 0.3425, 0.4393 -0.5777 0.3425, 0.4339 -0.5702 0.3425, 0.4268 -0.5641 0.3425, 0.4189 -0.5602 0.3425, 0.4176 -0.5598 0.3425, 0.4125 -0.5496 0.3425, 0.4034 -0.539 0.3425, 0.3975 -0.5349 0.3425, 0.3931 -0.5318 0.3425, 0.38 -0.5268 0.3425, 0.3676 -0.5253 0.3425, 0.3359 -0.5356 0.3425, 0.337 -0.5349 0.3425, 0.3434 -0.531 0.3425, 0.3556 -0.5266 0.3425, 0.3297 -0.5409 0.3425, 0.3243 -0.5472 0.3425, 0.3213 -0.5468 0.3425, 0.3183 -0.5466 0.3425, 0.3079 -0.5479 0.3425, 0.2981 -0.5517 0.3425, 0.2897 -0.5576 0.3425, 0.288 -0.5593 0.3425, 0.2756 -0.5893 0.3425, 0.2816 -0.5674 0.3425, 0.2793 -0.5726 0.3425, 0.2774 -0.5769 0.3425, 0.2762 -0.5835 0.3425, 0.2757 -0.5868 0.3425, 0.2769 -0.5996 0.3425, 0.2806 -0.6094 0.3425, 0.2866 -0.618 0.3425, 0.2949 -0.6251 0.3425, 0.3044 -0.6297 0.3425, 0.3077 -0.6307 0.3425, 0.3081 -0.6314 0.3425, 0.3104 -0.6364 0.3425, 0.3143 -0.6412 0.3425, 0.3195 -0.6451 0.3425, 0.3219 -0.6461 0.3425, 0.3255 -0.6476 0.3425, 0.3318 -0.6486 0.3425, 0.3328 -0.6486 0.3425, 0.3591 -0.6223 0.3425, 0.3391 -0.6478 0.3425, 0.3437 -0.6461 0.3425, 0.345 -0.6456 0.3425, 0.3503 -0.6419 0.3425, 0.3543 -0.6374 0.3425, 0.3574 -0.6315 0.3425, 0.3575 -0.6314 0.3425, 0.359 -0.625 0.3425, 0.3591 -0.6196 0.3425, 0.396 -0.6001 0.3425, 0.3879 -0.5862 0.3425, 0.3525 -0.6046 0.3425, 0.3479 -0.6004 0.3425, 0.3423 -0.5974 0.3425, 0.336 -0.5958 0.3425, 0.3328 -0.5956 0.3425, 0.3265 -0.5964 0.3425, 0.3207 -0.5986 0.3425, 0.3153 -0.6024 0.3425, 0.3109 -0.6074 0.3425, 0.308 -0.613 0.3425, 0.3023 -0.6095 0.3425, 0.2975 -0.6046 0.3425, 0.2944 -0.5993 0.3425, 0.2925 -0.5929 0.3425, 0.2922 -0.5888 0.3425, 0.2928 -0.5835 0.3425, 0.293 -0.5824 0.3425, 0.2952 -0.5765 0.3425, 0.298 -0.5726 0.3425, 0.2989 -0.5713 0.3425, 0.3034 -0.5672 0.3425, 0.3093 -0.5641 0.3425, 0.3158 -0.5626 0.3425, 0.3185 -0.5624 0.3425, 0.3247 -0.5632 0.3425, 0.3306 -0.5654 0.3425, 0.3325 -0.5664 0.3425, 0.3365 -0.5581 0.3425, 0.3424 -0.551 0.3425, 0.3495 -0.5458 0.3425, 0.3581 -0.5423 0.3425, 0.3678 -0.5411 0.3425, 0.4047 -0.574 0.3425, 0.4044 -0.5726 0.3425, 0.4031 -0.5667 0.3425, 0.399 -0.5582 0.3425, 0.3931 -0.5511 0.3425, 0.3924 -0.5505 0.3425, 0.385 -0.5454 0.3425, 0.3768 -0.5422 0.3425, 0.4068 -0.574 0.3425, 0.4118 -0.5747 0.3425, 0.4164 -0.5764 0.3425, 0.4205 -0.5793 0.3425, 0.4236 -0.5827 0.3425, 0.424 -0.5835 0.3425, 0.426 -0.5872 0.3425, 0.4273 -0.5923 0.3425, 0.4274 -0.5946 0.3425, 0.4268 -0.5997 0.3425, 0.4249 -0.6044 0.3425, 0.422 -0.6085 0.3425, 0.4217 -0.6089 0.3425, 0.4178 -0.6121 0.3425, 0.4131 -0.6142 0.3425, 0.4084 -0.6151 0.3425, 0.3966 -0.6151 0.3425, 0.396 -0.6151 0.3425, 0.3952 -0.6149 0.3425, 0.395 -0.6149 0.3425, 0.3929 -0.6151 0.3425, 0.3911 -0.6159 0.3425, 0.3895 -0.617 0.3425, 0.3884 -0.6182 0.3425, 0.3874 -0.62 0.3425, 0.3869 -0.622 0.3425, 0.3868 -0.6231 0.3425, 0.387 -0.625 0.3425, 0.3877 -0.6268 0.3425, 0.3889 -0.6285 0.3425, 0.3895 -0.6291 0.3425, 0.3912 -0.6303 0.3425, 0.393 -0.631 0.3425, 0.3944 -0.6312 0.3425, 0.41 -0.6312 0.3425, 0.4188 -0.6294 0.3425, 0.4268 -0.6254 0.3425, 0.434 -0.6194 0.3425, 0.4392 -0.6121 0.3425, 0.4425 -0.6037 0.3425, 0.3325 -0.6122 0.3425, 0.3343 -0.6124 0.3425, 0.3368 -0.6132 0.3425, 0.339 -0.6145 0.3425, 0.3407 -0.6164 0.3425, 0.342 -0.6185 0.3425, 0.3427 -0.6209 0.3425, 0.3427 -0.6234 0.3425, 0.3422 -0.626 0.3425, 0.341 -0.6283 0.3425, 0.3393 -0.6302 0.3425, 0.3373 -0.6316 0.3425, 0.335 -0.6325 0.3425, 0.3325 -0.6328 0.3425, 0.3321 -0.6328 0.3425, 0.3297 -0.6324 0.3425, 0.3273 -0.6314 0.3425, 0.3253 -0.6298 0.3425, 0.3239 -0.6282 0.3425, 0.3228 -0.626 0.3425, 0.3223 -0.6235 0.3425, 0.3223 -0.621 0.3425, 0.3231 -0.6185 0.3425, 0.3244 -0.6162 0.3425, 0.3256 -0.6149 0.3425, 0.3277 -0.6135 0.3425, 0.33 -0.6126 0.3425
            ]
        }
        coordIndex [
            0,1,2,-1,3,4,5,-1,6,7,8,-1,9,10,11,-1,11,10,12,-1,13,14,2,-1,2,14,15,-1,2,15,0,-1,5,4,16,-1,17,18,19,-1,20,21,10,-1,10,21,22,-1,10,22,12,-1,12,22,23,-1,24,25,26,-1,26,25,27,-1,26,27,28,-1,28,27,29,-1,28,29,30,-1,30,29,31,-1,30,31,32,-1,32,31,2,-1,32,2,33,-1,33,2,34,-1,35,36,24,-1,24,36,37,-1,24,37,25,-1,9,11,19,-1,19,11,38,-1,19,38,17,-1,39,40,41,-1,41,40,42,-1,41,42,43,-1,43,42,44,-1,43,44,45,-1,45,44,46,-1,6,8,47,-1,47,8,48,-1,47,48,49,-1,49,48,50,-1,49,50,51,-1,4,52,16,-1,16,52,53,-1,16,53,54,-1,54,53,55,-1,54,55,6,-1,6,55,56,-1,6,56,7,-1,34,2,57,-1,57,2,1,-1,57,1,58,-1,23,22,24,-1,24,22,59,-1,24,59,35,-1,60,61,62,-1,62,61,63,-1,62,63,64,-1,64,63,65,-1,64,65,66,-1,66,65,67,-1,66,67,68,-1,68,67,69,-1,68,69,70,-1,44,71,46,-1,46,71,72,-1,46,72,73,-1,73,72,74,-1,73,74,75,-1,75,74,76,-1,75,76,77,-1,77,76,78,-1,77,78,79,-1,79,78,80,-1,79,80,81,-1,81,80,82,-1,81,82,60,-1,60,82,83,-1,60,83,61,-1,84,85,86,-1,86,85,87,-1,86,87,41,-1,41,87,88,-1,41,88,39,-1,89,90,91,-1,91,90,92,-1,91,92,93,-1,93,92,94,-1,93,94,95,-1,95,94,96,-1,95,96,97,-1,97,96,98,-1,97,98,13,-1,13,98,99,-1,13,99,14,-1,51,50,100,-1,100,50,101,-1,100,101,102,-1,102,101,103,-1,102,103,104,-1,104,103,105,-1,104,105,106,-1,106,105,107,-1,106,107,84,-1,84,107,108,-1,84,108,85,-1,5,109,3,-1,3,109,110,-1,3,110,111,-1,111,110,112,-1,111,112,113,-1,113,112,114,-1,113,114,89,-1,89,114,115,-1,89,115,90,-1,18,116,19,-1,19,116,117,-1,19,117,118,-1,118,117,119,-1,118,119,120,-1,120,119,121,-1,120,121,122,-1,122,121,123,-1,122,123,124,-1,124,123,125,-1,124,125,126,-1,126,125,127,-1,126,127,128,-1,128,127,129,-1,128,129,130,-1,130,129,131,-1,130,131,132,-1,132,131,133,-1,132,133,134,-1,134,133,135,-1,134,135,1,-1,1,135,136,-1,1,136,58,-1,137,138,139,-1,69,140,70,-1,70,140,137,-1,70,137,141,-1,141,137,139,-1,142,143,137,-1,137,143,144,-1,137,144,138,-1,145,146,147,-1,146,148,147,-1,147,148,149,-1,147,149,150,-1,142,137,147,-1,147,137,151,-1,147,151,145,-1,77,152,153,-1,154,46,73,-1,77,153,75,-1,75,153,155,-1,75,155,73,-1,73,155,156,-1,73,156,154,-1,154,157,46,-1,46,157,158,-1,46,158,45,-1,45,158,159,-1,45,159,43,-1,43,159,160,-1,43,160,41,-1,41,160,161,-1,41,161,86,-1,86,161,162,-1,86,162,84,-1,106,84,163,-1,163,84,162,-1,163,164,106,-1,106,164,165,-1,106,165,104,-1,104,165,166,-1,104,166,102,-1,167,49,168,-1,168,49,51,-1,168,51,169,-1,169,51,100,-1,169,100,170,-1,170,100,102,-1,170,102,166,-1,49,167,171,-1,49,171,47,-1,47,171,172,-1,47,172,6,-1,6,172,173,-1,6,173,54,-1,54,173,174,-1,54,174,16,-1,16,174,175,-1,16,175,5,-1,5,175,176,-1,5,176,109,-1,109,176,177,-1,109,177,110,-1,110,177,178,-1,110,178,112,-1,179,92,90,-1,112,178,180,-1,112,180,114,-1,114,180,181,-1,114,181,115,-1,181,182,115,-1,115,182,183,-1,115,183,90,-1,90,183,184,-1,90,184,179,-1,92,179,185,-1,92,185,94,-1,94,185,186,-1,94,186,96,-1,96,186,187,-1,96,187,98,-1,98,187,188,-1,98,188,99,-1,99,188,189,-1,99,189,14,-1,14,189,190,-1,14,190,15,-1,15,190,191,-1,15,191,0,-1,191,192,0,-1,0,192,193,-1,0,193,1,-1,1,193,194,-1,1,194,134,-1,134,194,195,-1,134,195,132,-1,195,196,132,-1,132,196,197,-1,132,197,130,-1,130,197,198,-1,130,198,128,-1,199,9,19,-1,128,198,200,-1,128,200,126,-1,126,200,201,-1,126,201,124,-1,201,202,124,-1,124,202,203,-1,124,203,122,-1,122,203,204,-1,122,204,120,-1,120,204,205,-1,120,205,118,-1,118,205,206,-1,118,206,19,-1,19,206,207,-1,19,207,199,-1,10,9,208,-1,208,9,199,-1,20,10,209,-1,209,10,208,-1,21,20,210,-1,210,20,209,-1,22,21,211,-1,211,21,210,-1,22,211,212,-1,22,212,59,-1,59,212,213,-1,59,213,35,-1,35,213,214,-1,35,214,36,-1,36,214,215,-1,36,215,37,-1,37,215,216,-1,37,216,25,-1,25,216,217,-1,25,217,27,-1,27,217,218,-1,27,218,29,-1,29,218,219,-1,29,219,31,-1,31,219,220,-1,31,220,2,-1,2,220,221,-1,2,221,13,-1,13,221,222,-1,13,222,97,-1,97,222,223,-1,97,223,95,-1,95,223,224,-1,95,224,93,-1,93,224,225,-1,93,225,91,-1,91,225,89,-1,89,225,226,-1,226,227,89,-1,89,227,228,-1,89,228,113,-1,113,228,229,-1,113,229,111,-1,229,230,111,-1,111,230,231,-1,111,231,3,-1,3,231,232,-1,3,232,4,-1,4,232,233,-1,4,233,52,-1,52,233,234,-1,52,234,53,-1,53,234,235,-1,53,235,55,-1,55,235,236,-1,55,236,56,-1,56,236,237,-1,56,237,7,-1,7,237,238,-1,7,238,8,-1,8,238,239,-1,8,239,48,-1,48,239,240,-1,48,240,50,-1,50,240,241,-1,50,241,101,-1,101,241,242,-1,101,242,103,-1,243,39,244,-1,244,39,88,-1,244,88,245,-1,245,88,87,-1,245,87,246,-1,246,87,85,-1,246,85,247,-1,247,85,108,-1,247,108,248,-1,248,108,107,-1,248,107,249,-1,249,107,105,-1,249,105,250,-1,250,105,103,-1,250,103,242,-1,40,39,251,-1,251,39,243,-1,40,251,252,-1,40,252,42,-1,42,252,253,-1,42,253,44,-1,44,253,254,-1,44,254,71,-1,71,254,255,-1,71,255,72,-1,72,255,256,-1,72,256,74,-1,256,257,74,-1,74,257,258,-1,74,258,76,-1,76,258,259,-1,76,259,78,-1,78,259,260,-1,78,260,80,-1,80,260,261,-1,80,261,82,-1,82,261,262,-1,82,262,83,-1,83,262,263,-1,83,263,61,-1,61,263,264,-1,61,264,63,-1,63,264,265,-1,63,265,65,-1,65,265,266,-1,65,266,67,-1,69,67,267,-1,267,67,266,-1,69,267,268,-1,69,268,140,-1,140,268,269,-1,140,269,137,-1,137,269,270,-1,137,270,151,-1,151,270,271,-1,151,271,145,-1,145,271,272,-1,145,272,146,-1,146,272,273,-1,146,273,148,-1,148,273,274,-1,148,274,149,-1,149,274,275,-1,149,275,150,-1,150,275,276,-1,150,276,147,-1,147,276,277,-1,147,277,142,-1,142,277,278,-1,142,278,143,-1,143,278,279,-1,143,279,144,-1,144,279,280,-1,144,280,138,-1,138,280,281,-1,138,281,139,-1,139,281,282,-1,139,282,141,-1,141,282,283,-1,141,283,70,-1,70,283,284,-1,70,284,68,-1,66,68,285,-1,285,68,284,-1,66,285,286,-1,66,286,64,-1,64,286,287,-1,64,287,62,-1,62,287,288,-1,62,288,60,-1,60,288,289,-1,60,289,81,-1,81,289,290,-1,81,290,79,-1,79,290,152,-1,79,152,77,-1,23,291,292,-1,23,292,12,-1,12,292,293,-1,12,293,11,-1,11,293,294,-1,11,294,38,-1,38,294,295,-1,38,295,17,-1,17,295,296,-1,17,296,18,-1,18,296,297,-1,18,297,116,-1,116,297,298,-1,116,298,117,-1,117,298,299,-1,117,299,119,-1,119,299,300,-1,119,300,121,-1,121,300,301,-1,121,301,123,-1,123,301,302,-1,123,302,125,-1,125,302,303,-1,125,303,127,-1,127,303,304,-1,127,304,129,-1,129,304,305,-1,129,305,131,-1,131,305,306,-1,131,306,133,-1,133,306,307,-1,133,307,135,-1,135,307,308,-1,135,308,136,-1,136,308,309,-1,136,309,58,-1,58,309,310,-1,58,310,57,-1,57,310,311,-1,57,311,34,-1,34,311,312,-1,34,312,33,-1,33,312,313,-1,33,313,32,-1,32,313,314,-1,32,314,30,-1,30,314,315,-1,30,315,28,-1,28,315,316,-1,28,316,26,-1,26,316,317,-1,26,317,24,-1,24,317,291,-1,24,291,23,-1,
        ]
    }
}
Shape{
    appearance Appearance {
        material  Material 	{
            diffuseColor 0.25098039215686274 0.25098039215686274 0.25098039215686274
            specularColor 0.25098039215686274 0.25098039215686274 0.25098039215686274
            ambientIntensity 0.251
            transparency 0.0
            shininess 0.5
        }
    }
    geometry IndexedFaceSet {
        ccw TRUE
        solid FALSE
        coord DEF co Coordinate {
            point [
                0.33 -0.6126 0.3425, 0.3277 -0.6135 0.3425, 0.3321 -0.6328 0.3425, 0.3256 -0.6149 0.3425, 0.3244 -0.6162 0.3425, 0.3343 -0.6124 0.3425, 0.3325 -0.6328 0.3425, 0.335 -0.6325 0.3425, 0.3325 -0.6122 0.3425, 0.3228 -0.626 0.3425, 0.3239 -0.6282 0.3425, 0.3253 -0.6298 0.3425, 0.3393 -0.6302 0.3425, 0.3407 -0.6164 0.3425, 0.339 -0.6145 0.3425, 0.3231 -0.6185 0.3425, 0.3223 -0.621 0.3425, 0.3223 -0.6235 0.3425, 0.3273 -0.6314 0.3425, 0.3297 -0.6324 0.3425, 0.3373 -0.6316 0.3425, 0.3368 -0.6132 0.3425, 0.3422 -0.626 0.3425, 0.3427 -0.6234 0.3425, 0.341 -0.6283 0.3425, 0.3427 -0.6209 0.3425, 0.342 -0.6185 0.3425
            ]
        }
        coordIndex [
            0,1,2,-1,2,1,3,-1,2,3,4,-1,5,6,7,-1,6,5,2,-1,2,5,8,-1,2,8,0,-1,9,10,4,-1,4,10,11,-1,12,13,14,-1,15,16,4,-1,4,16,17,-1,4,17,9,-1,11,18,4,-1,4,18,19,-1,4,19,2,-1,7,20,5,-1,5,20,12,-1,5,12,21,-1,21,12,14,-1,22,23,24,-1,24,23,25,-1,24,25,12,-1,12,25,26,-1,12,26,13,-1,
        ]
    }
}